unix_ts,t_s,L,F,X,Y,Z
1777305081.215,2.590,0,0,0,0,0
1777305081.231,2.606,0,0,0,0,0
1777305083.204,4.580,711,0,3,6,0
1777305083.316,4.685,711,0,8,8,0
1777305083.451,4.797,711,0,5,5,0
1777305083.531,4.896,710,0,3,0,0
1777305083.646,5.005,710,0,2,0,0
1777305083.733,5.102,711,0,1,1,0
1777305083.836,5.212,711,0,0,0,0
1777305083.962,5.318,711,0,0,0,0
1777305084.046,5.422,711,0,1,0,0
1777305084.170,5.535,711,0,1,1,0
1777305084.263,5.639,710,0,3,0,0
1777305084.387,5.740,710,0,4,4,0
1777305084.475,5.837,711,0,9,0,0
1777305084.579,5.954,711,0,6,6,0
1777305084.701,6.053,711,0,8,0,0
1777305084.796,6.161,711,0,4,4,0
1777305084.918,6.277,710,0,3,0,0
1777305085.016,6.369,710,0,1,1,0
1777305085.121,6.481,711,0,1,0,0
1777305085.211,6.576,710,0,0,0,0
1777305085.322,6.684,711,0,1,0,0
1777305085.414,6.783,711,0,0,0,0
1777305085.535,6.911,710,0,1,0,0
1777305085.637,7.013,710,0,1,1,0
1777305085.758,7.112,710,0,1,0,0
1777305085.853,7.212,710,0,5,0,0
1777305085.955,7.321,710,0,3,3,0
1777305086.071,7.436,709,0,11,0,0
1777305086.165,7.526,710,0,6,6,0
1777305086.271,7.629,710,0,7,0,0
1777305086.403,7.751,710,0,6,6,0
1777305086.468,7.843,710,0,6,0,0
1777305086.593,7.958,709,0,1,1,0
1777305086.667,8.043,701,0,1,0,0
1777305086.779,8.155,584,0,0,0,0
1777305086.889,8.251,462,0,1,0,0
1777305086.986,8.363,280,0,2,2,0
1777305087.082,8.458,209,0,4,0,0
1777305087.198,8.573,180,0,7,7,0
1777305087.308,8.683,166,0,4,0,0
1777305087.428,8.779,158,0,4,4,0
1777305087.514,8.890,149,0,2,0,0
1777305087.644,8.994,144,0,1,1,0
1777305087.725,9.101,143,0,1,0,0
1777305087.835,9.195,156,0,0,0,0
1777305087.932,9.308,210,0,1,0,0
1777305088.042,9.418,307,0,1,1,0
1777305088.138,9.514,367,0,1,0,0
1777305088.250,9.626,419,1,2,2,0
1777305088.363,9.739,454,0,4,0,0
1777305088.457,9.833,469,0,5,0,0
1777305088.553,9.929,490,0,3,3,0
1777305088.665,10.041,545,0,8,0,0
1777305088.780,10.156,668,0,4,4,0
1777305088.876,10.252,701,0,5,0,0
1777305088.986,10.361,706,0,4,4,0
1777305089.095,10.471,708,0,7,0,0
1777305089.213,10.570,709,0,3,3,0
1777305089.309,10.685,710,0,7,0,0
1777305089.412,10.788,709,0,4,4,0
1777305089.532,10.892,710,0,6,0,0
1777305089.611,10.987,710,0,6,6,0
1777305089.733,11.101,709,0,7,0,0
1777305089.827,11.202,708,0,6,6,0
1777305089.943,11.310,694,0,3,0,0
1777305090.033,11.409,571,0,3,3,0
1777305090.145,11.520,467,0,1,0,0
1777305090.248,11.624,333,0,0,0,0
1777305090.345,11.720,254,0,0,0,0
1777305090.458,11.833,217,0,1,1,0
1777305090.552,11.928,192,0,0,0,0
1777305090.664,12.040,174,0,1,1,0
1777305090.795,12.157,205,0,1,0,0
1777305090.874,12.249,262,0,4,4,0
1777305090.987,12.363,361,0,7,0,0
1777305091.082,12.458,474,0,6,6,0
1777305091.192,12.568,587,0,6,0,0
1777305091.288,12.664,675,0,2,0,0
1777305091.422,12.784,696,0,1,1,0
1777305091.531,12.892,705,0,1,0,0
1777305091.642,12.988,708,0,0,0,0
1777305091.725,13.101,708,0,0,0,0
1777305091.827,13.202,709,0,1,1,0
1777305091.927,13.303,709,0,1,0,0
1777305092.044,13.405,709,0,1,1,0
1777305092.136,13.511,704,0,4,0,0
1777305092.273,13.619,659,0,5,5,0
1777305092.348,13.724,525,0,7,0,0
1777305092.461,13.837,395,0,5,5,0
1777305092.574,13.939,276,0,7,0,0
1777305092.663,14.039,293,0,5,5,0
1777305092.764,14.139,241,0,9,0,0
1777305092.871,14.247,226,0,6,6,0
1777305092.975,14.351,316,0,9,0,0
1777305093.089,14.465,647,0,4,4,0
1777305093.191,14.566,701,0,9,0,0
1777305093.286,14.662,706,0,7,7,0
1777305093.413,14.777,707,0,5,0,0
1777305093.526,14.887,706,0,3,3,0
1777305093.619,14.985,707,0,1,0,0
1777305093.718,15.094,708,0,4,4,0
1777305093.825,15.200,707,0,1,0,0
1777305093.944,15.305,708,0,3,0,0
1777305094.030,15.406,707,0,1,1,0
1777305094.153,15.515,708,0,1,0,0
1777305094.242,15.607,708,0,1,1,0
1777305094.357,15.721,708,0,1,0,0
1777305094.454,15.830,708,0,9,9,0
1777305094.550,15.926,708,0,1,0,0
1777305094.664,16.038,709,0,0,0,0
1777305094.758,16.134,708,0,1,0,0
1777305094.870,16.246,708,0,1,1,0
1777305094.966,16.342,709,0,3,0,0
1777305095.078,16.454,708,0,5,5,0
1777305095.190,16.566,709,0,7,0,0
1777305095.285,16.661,708,0,6,6,0
1777305095.454,16.789,709,0,55,0,0
1777305095.519,16.873,708,0,0,0,0
1777305095.605,16.981,708,0,2,0,0
1777305095.724,17.093,708,0,0,0,0
1777305095.823,17.192,708,0,1,0,0
1777305095.925,17.301,707,0,1,0,0
1777305096.021,17.397,709,0,2,2,0
1777305096.133,17.509,708,0,2,0,0
1777305096.229,17.605,705,0,7,7,0
1777305096.368,17.734,706,0,6,0,0
1777305096.449,17.817,707,0,4,4,0
1777305096.549,17.925,708,0,1,0,0
1777305096.676,18.041,708,0,1,1,0
1777305096.757,18.133,707,0,0,0,0
1777305096.868,18.244,708,0,0,0,0
1777305096.974,18.343,709,0,2,0,0
1777305097.076,18.452,707,0,4,4,0
1777305097.172,18.548,706,0,6,0,0
1777305097.290,18.666,706,0,0,0,0
1777305097.396,18.772,707,0,0,0,0
1777305097.493,18.868,706,0,1,1,0
1777305097.608,18.984,707,0,0,0,0
1777305097.702,19.079,706,0,0,0,0
1777305097.812,19.188,707,0,10,0,0
1777305097.924,19.300,704,0,4,4,0
1777305098.038,19.401,699,0,124,0,0
1777305098.132,19.495,699,0,4,0,0
1777305098.233,19.610,702,0,200,200,0
1777305098.355,19.716,704,0,0,0,0
1777305098.463,19.818,704,0,0,0,0
1777305098.541,19.917,705,0,0,0,0
1777305098.661,20.024,700,0,0,0,0
1777305098.760,20.135,702,0,0,0,0
1777305098.871,20.232,702,0,0,0,0
1777305098.970,20.328,704,0,0,0,0
1777305099.045,20.421,703,0,0,0,0
1777305099.176,20.537,702,0,0,0,0
1777305099.277,20.638,698,0,0,0,0
1777305099.353,20.729,698,0,0,0,0
1777305099.479,20.841,697,0,0,0,0
1777305099.579,20.932,705,0,0,0,0
1777305099.681,21.046,695,0,0,0,0
1777305099.797,21.143,700,0,0,0,0
1777305099.884,21.260,708,0,0,0,0
1777305099.975,21.350,697,0,0,0,0
1777305100.088,21.453,712,0,0,0,0
1777305100.185,21.561,702,0,0,0,0
1777305100.274,21.650,712,0,0,0,0
1777305100.386,21.762,717,0,0,0,0
1777305100.497,21.859,710,0,0,0,0
1777305100.584,21.960,707,0,0,0,0
1777305100.690,22.066,708,0,0,0,0
1777305100.805,22.167,701,1,0,0,0
1777305100.907,22.262,695,0,0,0,0
1777305100.996,22.372,710,0,0,0,0
1777305101.090,22.466,714,0,0,0,0
1777305101.202,22.578,712,0,0,0,0
1777305101.323,22.684,708,0,0,0,0
1777305101.430,22.785,708,0,0,0,0
1777305101.523,22.888,708,0,0,0,0
1777305101.624,22.984,706,0,0,0,0
1777305101.713,23.089,706,0,0,0,0
1777305101.809,23.185,707,0,0,0,0
1777305101.943,23.298,707,0,0,0,0
1777305102.031,23.396,706,0,0,0,0
1777305102.133,23.498,706,0,0,0,0
1777305102.225,23.601,707,0,0,0,0
1777305102.321,23.697,706,0,0,0,0
1777305102.446,23.811,706,0,0,0,0
1777305102.543,23.909,707,0,0,0,0
1777305102.643,24.008,707,0,0,0,0
1777305102.759,24.114,705,0,0,0,0
1777305102.850,24.210,702,0,0,0,0
1777305102.949,24.312,685,0,0,0,0
1777305103.040,24.416,632,0,0,0,0
1777305103.137,24.513,614,0,0,0,0
1777305103.262,24.626,613,0,0,0,0
1777305103.356,24.721,594,0,0,0,0
1777305103.450,24.819,562,0,0,0,0
1777305103.552,24.928,537,0,0,0,0
1777305103.648,25.024,532,0,0,0,0
1777305103.774,25.139,540,0,0,0,0
1777305103.862,25.238,590,0,0,0,0
1777305103.963,25.339,639,0,0,0,0
1777305104.064,25.440,677,0,0,0,0
1777305104.160,25.536,668,0,0,0,0
1777305104.276,25.650,676,0,0,0,0
1777305104.368,25.744,679,0,0,0,0
1777305104.470,25.846,676,0,0,0,0
1777305104.591,25.957,649,0,0,0,0
1777305104.687,26.052,636,0,0,0,0
1777305104.785,26.161,643,42,0,0,0
1777305104.880,26.256,654,92,0,0,0
1777305104.975,26.351,648,0,0,0,0
1777305105.093,26.469,654,0,0,0,0
1777305105.195,26.562,662,0,0,0,0
1777305105.284,26.660,664,0,0,0,0
1777305105.393,26.768,667,0,0,0,0
1777305105.493,26.869,669,0,0,0,0
1777305105.599,26.975,669,0,0,0,0
1777305105.695,27.071,668,0,0,0,0
1777305105.791,27.167,667,0,0,0,0
1777305105.914,27.282,665,0,0,0,0
1777305106.002,27.378,661,0,0,0,0
1777305106.111,27.487,659,44,0,0,0
1777305106.207,27.583,660,58,0,0,0
1777305106.319,27.695,660,100,0,0,0
1777305106.420,27.796,662,91,0,0,0
1777305106.511,27.887,670,104,0,0,0
1777305106.622,27.998,679,152,0,0,0
1777305106.718,28.094,685,148,0,0,0
1777305106.831,28.206,688,135,0,0,0
1777305106.929,28.305,692,129,0,0,0
1777305107.022,28.398,693,175,0,0,0
1777305107.134,28.510,688,0,0,0,0
1777305107.242,28.606,688,0,0,0,0
1777305107.338,28.704,691,0,0,0,0
1777305107.442,28.818,696,0,0,0,0
1777305107.548,28.913,702,0,0,0,0
1777305107.650,29.026,704,0,0,0,0
1777305107.742,29.118,706,0,0,0,0
1777305107.867,29.230,706,0,0,0,0
1777305107.962,29.326,706,0,0,0,0
1777305108.059,29.424,707,0,0,0,0
1777305108.157,29.533,707,0,0,0,0
1777305108.253,29.629,706,0,0,0,0
1777305108.371,29.746,706,0,0,0,0
1777305108.467,29.843,704,0,0,0,0
1777305108.572,29.936,702,0,0,0,0
1777305108.676,30.045,700,0,0,0,0
1777305108.768,30.144,704,0,0,0,0
1777305108.877,30.253,704,0,0,0,0
1777305108.981,30.351,703,0,0,0,0
1777305109.081,30.457,702,0,0,0,0
1777305109.181,30.557,703,0,0,0,0
1777305109.277,30.653,702,0,0,0,0
1777305109.390,30.765,700,0,0,0,0
1777305109.492,30.868,700,0,0,0,0
1777305110.005,31.375,700,818,0,0,0
1777305110.092,31.468,700,0,0,0,0
1777305110.204,31.573,701,0,0,0,0
1777305110.302,31.678,703,0,0,0,0
1777305110.400,31.776,702,0,0,0,0
1777305110.494,31.870,702,0,0,0,0
1777305110.617,31.981,703,0,0,0,0
1777305110.711,32.077,703,0,0,0,0
1777305111.212,32.588,703,1000,0,0,0
1777305111.307,32.683,701,0,0,0,0
1777305111.404,32.780,701,0,0,0,0
1777305111.516,32.891,702,0,0,0,0
1777305111.616,32.992,704,0,0,0,0
1777305111.742,33.105,705,0,0,0,0
1777305111.828,33.197,707,0,0,0,0
1777305111.934,33.304,706,0,0,0,0
1777305112.027,33.403,707,0,0,0,0
1777305112.123,33.499,707,0,0,0,0
1777305112.246,33.612,707,0,0,0,0
1777305112.337,33.708,707,0,0,0,0
1777305112.445,33.810,708,0,0,0,0
1777305112.539,33.915,707,0,0,0,0
1777305112.635,34.011,706,0,0,0,0
1777305112.760,34.126,705,0,0,0,0
1777305112.851,34.221,704,0,0,0,0
1777305112.952,34.318,705,0,0,0,0
1777305113.050,34.426,705,0,0,0,0
1777305113.146,34.522,706,0,0,0,0
1777305113.264,34.635,705,0,0,0,0
1777305113.355,34.730,704,0,0,0,0
1777305113.450,34.826,705,0,0,0,0
1777305113.568,34.938,704,0,0,0,0
1777305113.661,35.037,704,0,0,0,0
1777305113.770,35.146,704,0,0,0,0
1777305113.883,35.248,704,0,0,0,0
1777305113.975,35.341,704,0,0,0,0
1777305114.075,35.451,703,0,0,0,0
1777305114.170,35.546,704,0,0,0,0
1777305114.281,35.657,704,0,0,0,0
1777305114.390,35.756,704,0,0,0,0
1777305114.890,36.266,704,319,0,0,0
1777305115.391,36.767,704,508,0,0,0
1777305115.895,37.262,705,303,0,0,0
1777305115.992,37.368,700,0,0,0,0
1777305116.088,37.464,704,0,0,0,0
1777305116.184,37.560,704,0,0,0,0
1777305116.297,37.672,706,0,0,0,0
1777305116.393,37.769,707,0,0,0,0
1777305116.507,37.883,707,0,0,0,0
1777305116.602,37.978,706,0,0,0,0
1777305116.696,38.072,707,0,0,0,0
1777305116.808,38.184,707,0,0,0,0
1777305116.905,38.281,704,0,0,0,0
1777305117.027,38.393,700,0,0,0,0
1777305117.119,38.490,701,0,0,0,0
1777305117.220,38.586,701,0,0,0,0
1777305117.320,38.696,701,0,0,0,0
1777305117.416,38.792,703,0,0,0,0
1777305117.528,38.903,705,0,0,0,0
1777305117.623,38.999,706,0,0,0,0
1777305117.719,39.095,707,0,0,0,0
1777305117.835,39.211,707,0,0,0,0
1777305117.928,39.305,708,0,0,0,0
1777305118.039,39.415,710,0,0,0,0
1777305118.153,39.518,709,0,0,0,0
1777305118.241,39.611,710,0,0,0,0
1777305118.343,39.719,709,0,0,0,0
1777305118.439,39.815,710,0,0,0,0
1777305118.551,39.927,709,0,0,0,0
1777305118.657,40.027,709,0,0,0,0
1777305118.752,40.121,710,0,0,0,0
1777305118.857,40.231,708,0,0,0,0
1777305118.952,40.327,709,0,0,0,0
1777305119.048,40.423,709,0,0,0,0
1777305119.159,40.535,709,0,0,0,0
1777305119.256,40.631,708,0,0,0,0
1777305119.367,40.743,708,0,0,0,0
1777305119.463,40.839,707,0,0,0,0
1777305119.559,40.935,708,0,0,0,0
1777305119.672,41.047,708,0,0,0,0
1777305119.768,41.143,707,0,0,0,0
1777305119.880,41.255,707,0,0,0,0
1777305119.975,41.351,708,0,0,0,0
1777305120.072,41.447,708,0,0,0,0
1777305120.183,41.558,707,0,0,0,0
1777305120.279,41.655,708,0,0,0,0
1777305120.390,41.766,708,0,0,0,0
1777305120.488,41.863,707,0,0,0,0
1777305120.584,41.958,707,0,0,0,0
1777305120.694,42.070,707,0,0,0,0
1777305120.790,42.166,707,0,0,0,0
1777305120.903,42.278,707,0,0,0,0
1777305120.998,42.374,708,0,0,0,0
1777305121.095,42.470,707,0,0,0,0
1777305121.210,42.585,707,0,0,0,0
1777305121.303,42.678,708,0,0,0,0
1777305121.414,42.789,707,0,0,0,0
1777305121.510,42.885,708,0,0,0,0
1777305121.606,42.982,708,0,0,0,0
1777305121.718,43.094,707,0,0,0,0
1777305121.814,43.190,707,0,0,0,0
1777305121.926,43.301,708,0,0,0,0
1777305122.021,43.397,708,0,0,0,0
1777305122.117,43.493,708,0,0,0,0
1777305122.230,43.606,703,0,0,0,0
1777305122.327,43.701,698,0,0,0,0
1777305122.439,43.813,707,0,0,0,0
1777305122.533,43.909,704,0,0,0,0
1777305122.629,44.005,705,0,0,0,0
1777305122.741,44.116,705,0,0,0,0
1777305122.837,44.213,706,0,0,0,0
1777305122.933,44.309,693,0,0,0,0
1777305123.045,44.420,659,0,0,0,0
1777305123.141,44.517,669,0,0,0,0
1777305123.253,44.629,696,0,0,0,0
1777305123.349,44.724,680,0,0,0,0
1777305123.446,44.821,692,0,0,0,0
1777305123.557,44.932,700,0,0,0,0
1777305123.653,45.028,695,0,0,0,0
1777305123.764,45.140,695,0,0,0,0
1777305123.861,45.236,703,0,0,0,0
1777305123.973,45.348,703,0,0,0,0
1777305124.068,45.444,703,0,0,0,0
1777305124.165,45.540,699,0,0,0,0
1777305124.277,45.652,692,0,0,0,0
1777305124.372,45.748,697,0,0,0,0
1777305124.484,45.859,701,0,0,0,0
1777305124.584,45.960,702,0,0,0,0
1777305124.676,46.051,703,0,0,0,0
1777305124.788,46.163,703,0,0,0,0
1777305124.883,46.259,702,0,0,0,0
1777305125.008,46.374,703,0,0,0,0
1777305125.091,46.467,704,0,0,0,0
1777305125.199,46.570,704,0,0,0,0
1777305125.299,46.675,703,0,0,0,0
1777305125.395,46.771,693,0,0,0,0
1777305125.491,46.867,658,0,0,0,0
1777305125.603,46.979,605,0,0,0,0
1777305125.708,47.077,694,0,0,0,0
1777305125.815,47.191,704,0,0,0,0
1777305125.906,47.282,706,0,0,0,0
1777305126.018,47.394,705,0,0,0,0
1777305126.133,47.500,705,0,0,0,0
1777305126.223,47.590,706,0,0,0,0
1777305126.322,47.698,706,0,0,0,0
1777305126.418,47.794,706,0,0,0,0
1777305126.514,47.890,706,0,0,0,0
1777305126.632,48.003,707,0,0,0,0
1777305126.723,48.099,705,0,0,0,0
1777305126.834,48.210,707,0,0,0,0
1777305126.950,48.306,706,0,0,0,0
1777305127.040,48.407,706,0,0,0,0
1777305127.139,48.515,707,0,0,0,0
1777305127.233,48.609,707,0,0,0,0
1777305127.346,48.721,707,0,0,0,0
1777305127.441,48.817,706,0,0,0,0
1777305127.537,48.913,707,0,0,0,0
1777305127.649,49.025,708,0,0,0,0
1777305127.760,49.124,707,0,0,0,0
1777305127.858,49.233,707,0,0,0,0
1777305127.953,49.329,707,0,0,0,0
1777305128.049,49.425,708,0,0,0,0
1777305128.161,49.537,707,0,0,0,0
1777305128.279,49.650,707,0,0,0,0
1777305128.467,49.759,707,0,0,0,0
1777305128.488,49.843,707,0,0,0,0
1777305128.656,49.984,707,0,0,0,0
1777305128.743,50.063,706,0,0,0,0
1777305128.776,50.149,708,0,0,0,0
1777305128.893,50.266,707,0,0,0,0
1777305129.008,50.356,707,0,0,0,0
1777305129.123,50.475,707,0,0,0,0
1777305129.230,50.565,707,0,0,0,0
1777305129.341,50.670,707,0,0,0,0
1777305129.447,50.779,706,0,0,0,0
1777305129.542,50.872,706,0,0,0,0
1777305129.651,50.965,705,0,0,0,0
1777305129.756,51.083,707,0,0,0,0
1777305129.885,51.189,707,0,0,0,0
1777305129.924,51.280,707,0,0,0,0
1777305130.076,51.389,707,0,0,0,0
1777305130.173,51.484,706,0,0,0,0
1777305130.279,51.603,706,0,0,0,0
1777305130.311,51.685,705,0,0,0,0
1777305130.485,51.805,706,0,0,0,0
1777305130.589,51.890,706,0,0,0,0
1777305130.621,51.994,706,0,0,0,0
1777305130.733,52.107,706,0,0,0,0
1777305130.843,52.205,706,0,0,0,0
1777305130.965,52.311,706,0,0,0,0
1777305131.068,52.405,705,0,0,0,0
1777305131.173,52.508,705,0,0,0,0
1777305131.302,52.613,704,0,0,0,0
1777305131.393,52.712,703,0,0,0,0
1777305131.524,52.833,700,0,0,0,0
1777305131.559,52.919,692,0,0,0,0
1777305131.663,53.015,686,0,0,0,0
1777305131.788,53.138,689,0,0,0,0
1777305131.896,53.230,690,0,0,0,0
1777305131.986,53.315,690,0,0,0,0
1777305132.109,53.439,688,0,0,0,0
1777305132.196,53.519,687,0,0,0,0
1777305132.326,53.633,685,0,0,0,0
1777305132.437,53.750,683,0,0,0,0
1777305132.467,53.825,683,0,0,0,0
1777305132.584,53.935,683,0,0,0,0
1777305132.707,54.031,683,0,0,0,0
1777305132.839,54.146,682,0,0,0,0
1777305132.928,54.247,681,0,0,0,0
1777305133.035,54.357,679,0,0,0,0
1777305133.139,54.459,680,0,0,0,0
1777305133.171,54.544,679,0,0,0,0
1777305133.305,54.660,679,0,0,0,0
1777305133.445,54.750,678,0,0,0,0
1777305133.520,54.848,678,0,0,0,0
1777305133.666,54.961,677,0,0,0,0
1777305133.685,55.057,678,0,0,0,0
1777305133.812,55.167,679,0,0,0,0
1777305133.952,55.274,678,0,0,0,0
1777305134.060,55.359,681,0,0,0,0
1777305134.103,55.477,681,0,0,0,0
1777305134.225,55.570,681,0,0,0,0
1777305134.348,55.685,682,0,0,0,0
1777305134.472,55.787,682,0,0,0,0
1777305134.584,55.883,682,0,0,0,0
1777305134.632,55.982,682,0,0,0,0
1777305134.775,56.091,683,0,0,0,0
1777305134.876,56.200,682,0,0,0,0
1777305134.966,56.294,681,0,0,0,0
1777305135.111,56.404,682,0,0,0,0
1777305135.144,56.499,681,0,0,0,0
1777305135.287,56.604,682,0,0,0,0
1777305135.393,56.702,682,0,0,0,0
1777305135.493,56.812,682,0,0,0,0
1777305135.523,56.897,681,0,0,0,0
1777305135.652,57.009,682,0,0,0,0
1777305135.788,57.114,682,0,0,0,0
1777305135.900,57.212,682,0,0,0,0
1777305136.009,57.319,682,0,0,0,0
1777305136.089,57.405,682,0,0,0,0
1777305136.213,57.517,681,0,0,0,0
1777305136.251,57.624,681,0,0,0,0
1777305136.395,57.722,682,0,0,0,0
1777305136.516,57.823,682,0,0,0,0
1777305136.596,57.919,682,0,0,0,0
1777305136.718,58.040,683,0,0,0,0
1777305136.828,58.128,682,0,0,0,0
1777305136.866,58.221,683,0,0,0,0
1777305137.003,58.348,684,0,0,0,0
1777305137.108,58.439,685,0,0,0,0
1777305137.219,58.541,685,0,0,0,0
1777305137.319,58.644,684,0,0,0,0
1777305137.442,58.751,685,0,0,0,0
1777305137.479,58.853,685,0,0,0,0
1777305137.619,58.956,684,0,0,0,0
1777305137.746,59.053,685,0,0,0,0
1777305137.844,59.169,683,0,0,0,0
1777305137.873,59.248,684,0,0,0,0
1777305137.991,59.365,683,0,0,0,0
1777305138.129,59.470,683,0,0,0,0
1777305138.235,59.567,683,0,0,0,0
1777305138.355,59.664,683,0,0,0,0
1777305138.453,59.756,683,0,0,0,0
1777305138.543,59.867,683,0,0,0,0
1777305138.651,59.965,683,0,0,0,0
1777305138.757,60.076,684,0,0,0,0
1777305138.805,60.178,683,0,0,0,0
1777305138.948,60.283,681,0,0,0,0
1777305139.075,60.378,683,0,0,0,0
1777305139.151,60.475,683,0,0,0,0
1777305139.274,60.591,682,0,0,0,0
1777305139.387,60.702,680,0,0,0,0
1777305139.432,60.782,677,0,0,0,0
1777305139.539,60.897,677,0,0,0,0
1777305139.651,60.996,681,0,0,0,0
1777305139.763,61.110,680,0,0,0,0
1777305139.868,61.201,680,0,0,0,0
1777305139.990,61.303,683,0,0,0,0
1777305140.118,61.423,682,0,0,0,0
1777305140.147,61.504,683,0,0,0,0
1777305140.283,61.625,683,0,0,0,0
1777305140.413,61.714,684,0,0,0,0
1777305140.514,61.821,683,0,0,0,0
1777305140.556,61.930,683,0,0,0,0
1777305140.683,62.024,683,0,0,0,0
1777305140.807,62.124,684,0,0,0,0
1777305140.900,62.227,684,0,0,0,0
1777305140.993,62.317,684,0,0,0,0
1777305141.108,62.434,685,0,0,0,0
1777305141.223,62.530,685,0,0,0,0
1777305141.260,62.633,685,0,0,0,0
1777305141.371,62.729,685,0,0,0,0
1777305141.491,62.825,684,0,0,0,0
1777305141.593,62.951,684,0,0,0,0
1777305141.719,63.038,683,0,0,0,0
1777305141.831,63.156,684,0,0,0,0
1777305141.932,63.247,683,0,0,0,0
1777305142.037,63.340,683,0,0,0,0
1777305142.140,63.469,683,0,0,0,0
1777305142.233,63.546,684,0,0,0,0
1777305142.290,63.647,684,0,0,0,0
1777305142.425,63.766,684,0,0,0,0
1777305142.525,63.861,684,0,0,0,0
1777305142.644,63.977,683,0,0,0,0
1777305142.729,64.059,683,0,0,0,0
1777305142.836,64.162,682,0,0,0,0
1777305142.952,64.277,683,0,0,0,0
1777305143.042,64.365,683,0,0,0,0
1777305143.165,64.477,683,0,0,0,0
1777305143.203,64.575,683,0,0,0,0
1777305143.338,64.678,684,0,0,0,0
1777305143.438,64.788,684,0,0,0,0
1777305143.565,64.875,685,0,0,0,0
1777305143.677,64.986,686,0,0,0,0
1777305143.720,65.083,686,0,0,0,0
1777305143.824,65.184,687,0,0,0,0
1777305143.920,65.294,685,0,0,0,0
1777305144.043,65.385,686,0,0,0,0
1777305144.175,65.499,686,0,0,0,0
1777305144.275,65.605,687,0,0,0,0
1777305144.369,65.699,687,0,0,0,0
1777305144.475,65.812,687,0,0,0,0
1777305144.602,65.901,686,0,0,0,0
1777305144.709,66.009,687,0,0,0,0
1777305144.803,66.111,686,0,0,0,0
1777305144.835,66.208,685,0,0,0,0
1777305145.010,66.323,681,0,0,0,0
1777305145.046,66.419,679,0,0,0,0
1777305145.174,66.520,678,0,0,0,0
1777305145.275,66.624,680,0,0,0,0
1777305145.383,66.716,682,0,0,0,0
1777305145.483,66.832,682,0,0,0,0
1777305145.591,66.933,683,0,0,0,0
1777305145.718,67.042,686,0,0,0,0
1777305145.807,67.141,686,0,0,0,0
1777305145.916,67.237,687,0,0,0,0
1777305146.022,67.337,688,0,0,0,0
1777305146.111,67.444,687,0,0,0,0
1777305146.234,67.543,689,0,0,0,0
1777305146.323,67.653,688,0,0,0,0
1777305146.420,67.750,688,0,0,0,0
1777305146.538,67.847,688,0,0,0,0
1777305146.617,67.949,687,0,0,0,0
1777305146.739,68.054,687,0,0,0,0
1777305146.845,68.156,688,0,0,0,0
1777305146.951,68.247,688,0,0,0,0
1777305146.991,68.364,687,0,0,0,0
1777305147.111,68.454,686,0,0,0,0
1777305147.221,68.581,686,0,0,0,0
1777305147.323,68.668,686,0,0,0,0
1777305147.439,68.761,685,0,0,0,0
1777305147.555,68.872,685,0,0,0,0
1777305147.649,68.975,685,0,0,0,0
1777305147.774,69.078,685,0,0,0,0
1777305147.859,69.174,685,0,0,0,0
1777305147.958,69.285,685,0,0,0,0
1777305148.075,69.390,685,0,0,0,0
1777305148.112,69.485,686,0,0,0,0
1777305148.229,69.585,685,0,0,0,0
1777305148.354,69.696,686,0,0,0,0
1777305148.451,69.781,687,0,0,0,0
1777305148.567,69.897,686,0,0,0,0
1777305148.656,69.989,685,0,0,0,0
1777305148.765,70.089,686,0,0,0,0
1777305148.875,70.198,686,0,0,0,0
1777305148.963,70.305,687,0,0,0,0
1777305149.054,70.405,687,0,0,0,0
1777305149.149,70.511,686,0,0,0,0
1777305149.257,70.599,687,0,0,0,0
1777305149.361,70.713,687,0,0,0,0
1777305149.478,70.804,687,0,0,0,0
1777305149.595,70.926,687,0,0,0,0
1777305149.700,71.018,687,0,0,0,0
1777305149.800,71.123,687,0,0,0,0
1777305149.925,71.220,686,0,0,0,0
1777305149.952,71.323,681,0,0,0,0
1777305150.057,71.431,679,0,0,0,0
1777305150.223,71.537,682,0,0,0,0
1777305150.252,71.625,682,0,0,0,0
1777305150.424,71.738,684,0,0,0,0
1777305150.458,71.831,684,0,0,0,0
1777305150.576,71.950,685,0,0,0,0
1777305150.692,72.035,686,0,0,0,0
1777305150.802,72.136,687,0,0,0,0
1777305150.898,72.244,688,0,0,0,0
1777305150.985,72.346,688,0,0,0,0
1777305151.126,72.452,688,0,0,0,0
1777305151.235,72.548,688,0,0,0,0
1777305151.328,72.653,687,0,0,0,0
1777305151.440,72.763,686,0,0,0,0
1777305151.542,72.853,685,0,0,0,0
1777305151.663,72.963,685,0,0,0,0
1777305151.700,73.059,685,0,0,0,0
1777305151.811,73.160,685,0,0,0,0
1777305151.903,73.276,684,0,0,0,0
1777305152.045,73.370,685,0,0,0,0
1777305152.141,73.479,685,0,0,0,0
1777305152.257,73.578,685,0,0,0,0
1777305152.355,73.672,684,0,0,0,0
1777305152.446,73.781,685,0,0,0,0
1777305152.565,73.874,685,0,0,0,0
1777305152.681,73.987,684,0,0,0,0
1777305152.775,74.095,685,0,0,0,0
1777305152.862,74.188,685,0,0,0,0
1777305152.967,74.301,685,0,0,0,0
1777305153.065,74.396,685,0,0,0,0
1777305153.189,74.499,686,0,0,0,0
1777305153.261,74.603,686,0,0,0,0
1777305153.367,74.692,685,0,0,0,0
1777305153.462,74.801,685,0,0,0,0
1777305153.556,74.908,686,0,0,0,0
1777305153.659,75.015,686,0,0,0,0
1777305153.789,75.116,685,0,0,0,0
1777305153.888,75.210,686,0,0,0,0
1777305153.990,75.319,685,0,0,0,0
1777305154.095,75.419,685,0,0,0,0
1777305154.205,75.514,685,0,0,0,0
1777305154.302,75.617,685,0,0,0,0
1777305154.364,75.721,686,0,0,0,0
1777305154.512,75.830,684,0,0,0,0
1777305154.593,75.921,682,0,0,0,0
1777305154.718,76.024,682,0,0,0,0
1777305154.841,76.129,683,0,0,0,0
1777305154.871,76.234,685,0,0,0,0
1777305154.975,76.337,686,0,0,0,0
1777305155.126,76.440,686,0,0,0,0
1777305155.218,76.531,686,0,0,0,0
1777305155.339,76.650,686,0,0,0,0
1777305155.478,76.737,685,0,0,0,0
1777305155.508,76.853,686,0,0,0,0
1777305155.603,76.946,685,0,0,0,0
1777305155.703,77.049,685,0,0,0,0
1777305155.819,77.167,685,0,0,0,0
1777305155.919,77.264,686,0,0,0,0
1777305156.048,77.374,686,0,0,0,0
1777305156.125,77.463,686,0,0,0,0
1777305156.240,77.555,685,0,0,0,0
1777305156.357,77.675,685,0,0,0,0
1777305156.399,77.772,685,0,0,0,0
1777305156.510,77.884,685,0,0,0,0
1777305156.624,77.978,684,0,0,0,0
1777305156.733,78.083,684,0,0,0,0
1777305156.844,78.193,685,0,0,0,0
1777305156.949,78.286,684,0,0,0,0
1777305157.074,78.384,684,0,0,0,0
1777305157.150,78.479,685,0,0,0,0
1777305157.271,78.585,685,0,0,0,0
1777305157.354,78.689,685,0,0,0,0
1777305157.472,78.790,686,0,0,0,0
1777305157.590,78.895,687,0,0,0,0
1777305157.702,78.992,687,0,0,0,0
1777305157.740,79.094,687,0,0,0,0
1777305157.856,79.204,687,0,0,0,0
1777305157.952,79.304,688,0,0,0,0
1777305158.072,79.420,688,0,0,0,0
1777305158.170,79.509,689,0,0,0,0
1777305158.265,79.600,689,0,0,0,0
1777305158.370,79.719,689,0,0,0,0
1777305158.467,79.813,688,0,0,0,0
1777305158.591,79.922,690,0,0,0,0
1777305158.693,80.014,689,0,0,0,0
1777305158.801,80.115,688,0,0,0,0
1777305158.898,80.231,689,0,0,0,0
1777305159.014,80.326,689,0,0,0,0
1777305159.133,80.448,689,0,0,0,0
1777305159.172,80.529,688,0,0,0,0
1777305159.267,80.631,689,0,0,0,0
1777305159.373,80.737,689,0,0,0,0
1777305159.481,80.841,689,0,0,0,0
1777305159.602,80.946,689,0,0,0,0
1777305159.725,81.046,689,0,0,0,0
1777305159.823,81.134,689,0,0,0,0
1777305159.931,81.245,690,0,0,0,0
1777305160.037,81.343,689,0,0,0,0
1777305160.079,81.441,689,0,0,0,0
1777305160.210,81.554,689,0,0,0,0
1777305160.327,81.645,689,0,0,0,0
1777305160.438,81.757,690,0,0,0,0
1777305160.533,81.863,690,0,0,0,0
1777305160.654,81.965,690,0,0,0,0
1777305160.693,82.066,690,0,0,0,0
1777305160.809,82.160,690,0,0,0,0
1777305160.900,82.274,690,0,0,0,0
1777305161.041,82.385,690,0,0,0,0
1777305161.125,82.469,689,0,0,0,0
1777305161.250,82.588,690,0,0,0,0
1777305161.347,82.688,689,0,0,0,0
1777305161.445,82.784,689,0,0,0,0
1777305161.544,82.876,687,0,0,0,0
1777305161.662,82.973,687,0,0,0,0
1777305161.743,83.090,688,0,0,0,0
1777305161.864,83.189,687,0,0,0,0
1777305161.991,83.294,688,0,0,0,0
1777305162.085,83.397,688,0,0,0,0
1777305162.114,83.487,688,0,0,0,0
1777305162.272,83.597,686,0,0,0,0
1777305162.398,83.699,621,0,0,0,0
1777305162.451,83.804,583,0,0,0,0
1777305162.548,83.910,580,0,0,0,0
1777305162.664,84.016,560,0,0,0,0
1777305162.770,84.110,606,0,0,0,0
1777305162.863,84.205,681,0,0,0,0
1777305162.990,84.326,686,0,0,0,0
1777305163.094,84.414,687,0,0,0,0
1777305163.199,84.517,687,0,0,0,0
1777305163.293,84.633,687,0,0,0,0
1777305163.387,84.718,687,0,0,0,0
1777305163.498,84.833,689,0,0,0,0
1777305163.600,84.931,687,0,0,0,0
1777305163.706,85.024,688,0,0,0,0
1777305163.816,85.142,688,0,0,0,0
1777305163.904,85.228,688,0,0,0,0
1777305164.039,85.348,689,0,0,0,0
1777305164.076,85.438,689,0,0,0,0
1777305164.212,85.546,688,0,0,0,0
1777305164.325,85.653,690,0,0,0,0
1777305164.433,85.745,689,0,0,0,0
1777305164.555,85.856,689,0,0,0,0
1777305164.592,85.948,688,0,0,0,0
1777305164.723,86.065,689,0,0,0,0
1777305164.833,86.167,689,0,0,0,0
1777305164.942,86.254,689,0,0,0,0
1777305165.061,86.362,689,0,0,0,0
1777305165.100,86.472,689,0,0,0,0
1777305165.205,86.564,689,0,0,0,0
1777305165.327,86.671,689,0,0,0,0
1777305165.436,86.768,690,0,0,0,0
1777305165.543,86.880,690,0,0,0,0
1777305165.656,86.982,688,0,0,0,0
1777305165.754,87.067,689,0,0,0,0
1777305165.870,87.186,689,0,0,0,0
1777305165.955,87.289,689,0,0,0,0
1777305166.078,87.382,690,0,0,0,0
1777305166.121,87.493,690,0,0,0,0
1777305166.241,87.592,690,0,0,0,0
1777305166.342,87.695,690,0,0,0,0
1777305166.475,87.790,689,0,0,0,0
1777305166.563,87.884,690,0,0,0,0
1777305166.693,88.006,690,0,0,0,0
1777305166.725,88.098,690,0,0,0,0
1777305166.832,88.205,688,0,0,0,0
1777305167.013,88.298,687,0,0,0,0
1777305167.056,88.410,688,0,0,0,0
1777305167.176,88.508,688,0,0,0,0
1777305167.291,88.624,689,0,0,0,0
1777305167.389,88.714,688,0,0,0,0
1777305167.484,88.822,688,0,0,0,0
1777305167.584,88.905,689,0,0,0,0
1777305167.704,89.029,690,0,0,0,0
1777305167.810,89.113,689,0,0,0,0
1777305167.927,89.237,689,0,0,0,0
1777305167.962,89.321,689,0,0,0,0
1777305168.101,89.442,689,0,0,0,0
1777305168.194,89.529,689,0,0,0,0
1777305168.313,89.630,688,0,0,0,0
1777305168.419,89.747,688,0,0,0,0
1777305168.516,89.849,688,0,0,0,0
1777305168.621,89.948,688,0,0,0,0
1777305168.725,90.050,689,0,0,0,0
1777305168.827,90.152,688,0,0,0,0
1777305168.931,90.248,689,0,0,0,0
1777305169.020,90.355,689,0,0,0,0
1777305169.141,90.449,688,0,0,0,0
1777305169.259,90.552,690,0,0,0,0
1777305169.300,90.654,690,0,0,0,0
1777305169.444,90.761,691,0,0,0,0
1777305169.562,90.857,690,0,0,0,0
1777305169.586,90.958,692,0,0,0,0
1777305169.707,91.072,692,0,0,0,0
1777305169.797,91.161,693,0,0,0,0
1777305169.942,91.271,692,0,0,0,0
1777305170.046,91.374,693,0,0,0,0
1777305170.163,91.489,693,0,0,0,0
1777305170.260,91.584,692,0,0,0,0
1777305170.359,91.679,692,0,0,0,0
1777305170.461,91.784,691,0,0,0,0
1777305170.563,91.889,692,0,0,0,0
1777305170.665,91.992,693,0,0,0,0
1777305170.768,92.094,696,0,0,0,0
1777305170.863,92.193,698,0,0,0,0
1777305170.991,92.295,699,0,0,0,0
1777305171.104,92.394,700,0,0,0,0
1777305171.129,92.491,701,0,0,0,0
1777305171.244,92.605,701,0,0,0,0
1777305171.353,92.703,701,0,0,0,0
1777305171.478,92.821,702,0,0,0,0
1777305171.593,92.909,702,0,0,0,0
1777305171.684,93.013,701,0,0,0,0
1777305171.791,93.118,702,0,0,0,0
1777305171.899,93.227,701,0,0,0,0
1777305172.000,93.331,699,0,0,0,0
1777305172.104,93.433,702,0,0,0,0
1777305172.192,93.515,701,0,0,0,0
1777305172.313,93.640,701,0,0,0,0
1777305172.408,93.728,700,0,0,0,0
1777305172.513,93.834,701,0,0,0,0
1777305172.615,93.932,701,0,0,0,0
1777305172.721,94.042,700,0,0,0,0
1777305172.828,94.148,700,0,0,0,0
1777305172.860,94.233,698,0,0,0,0
1777305173.033,94.350,700,0,0,0,0
1777305173.064,94.437,700,0,0,0,0
1777305173.188,94.543,700,0,0,0,0
1777305173.282,94.655,701,0,0,0,0
1777305173.418,94.757,702,0,0,0,0
1777305173.532,94.866,701,0,0,0,0
1777305173.624,94.953,700,0,0,0,0
1777305173.736,95.059,702,0,0,0,0
1777305173.854,95.162,701,0,0,0,0
1777305173.942,95.268,700,0,0,0,0
1777305174.044,95.369,700,0,0,0,0
1777305174.142,95.470,698,0,0,0,0
1777305174.252,95.572,699,0,0,0,0
1777305174.362,95.680,699,0,0,0,0
1777305174.399,95.771,699,0,0,0,0
1777305174.506,95.869,699,0,0,0,0
1777305174.629,95.986,699,0,0,0,0
1777305174.726,96.076,699,0,0,0,0
1777305174.829,96.181,699,0,0,0,0
1777305174.921,96.285,699,0,0,0,0
1777305175.018,96.383,699,0,0,0,0
1777305175.126,96.487,699,0,0,0,0
1777305175.243,96.590,698,0,0,0,0
1777305175.356,96.702,698,0,0,0,0
1777305175.486,96.818,699,0,0,0,0
1777305175.547,96.903,698,0,0,0,0
1777305175.637,97.003,699,0,0,0,0
1777305175.745,97.092,700,0,0,0,0
1777305175.828,97.204,699,0,0,0,0
1777305175.934,97.301,700,0,0,0,0
1777305176.019,97.395,699,0,0,0,0
1777305176.151,97.514,699,0,0,0,0
1777305176.234,97.606,699,0,0,0,0
1777305176.339,97.715,698,0,0,0,0
1777305176.443,97.812,700,0,0,0,0
1777305176.547,97.923,700,0,0,0,0
1777305176.643,98.019,700,0,0,0,0
1777305176.766,98.116,700,1,0,0,0
1777305176.862,98.229,700,0,0,0,0
1777305176.947,98.323,700,0,0,0,0
1777305177.048,98.422,700,0,0,0,0
1777305177.155,98.531,700,0,0,0,0
1777305177.262,98.633,699,0,0,0,0
1777305177.376,98.741,700,0,0,0,0
1777305177.459,98.834,700,0,0,0,0
1777305177.573,98.938,700,0,0,0,0
1777305177.666,99.042,701,0,0,0,0
1777305177.762,99.138,700,0,0,0,0
1777305177.875,99.250,700,0,0,0,0
1777305177.978,99.350,699,0,0,0,0
1777305178.073,99.444,700,0,0,0,0
1777305178.187,99.554,699,0,0,0,0
1777305178.274,99.650,700,0,0,0,0
1777305178.396,99.767,701,0,0,0,0
1777305178.482,99.858,701,0,0,0,0
1777305178.578,99.954,701,0,0,0,0
1777305178.689,100.065,701,0,0,0,0
1777305178.875,100.162,701,0,0,0,0
1777305178.911,100.273,701,0,0,0,0
1777305179.004,100.374,701,0,0,0,0
1777305179.208,100.465,699,0,0,0,0
1777305179.209,100.577,700,0,0,0,0
1777305179.435,100.673,700,0,0,0,0
1777305333.573,2.591,0,0,0,0,0
1777305333.589,2.607,0,0,0,0,0
1777305335.555,4.573,706,0,1,1,0
1777305335.669,4.686,706,0,1,1,0
1777305335.764,4.782,705,0,1,0,0
1777305335.875,4.894,706,0,1,1,0
1777305335.987,5.005,707,0,1,0,0
1777305336.083,5.101,708,0,1,1,0
1777305336.195,5.213,706,0,1,0,0
1777305336.291,5.309,707,0,1,1,0
1777305336.402,5.421,706,0,1,0,0
1777305336.499,5.517,706,0,3,3,0
1777305336.611,5.629,706,0,1,0,0
1777305336.722,5.741,707,0,3,3,0
1777305336.818,5.837,707,0,2,0,0
1777305336.930,5.949,708,0,3,3,0
1777305337.026,6.045,706,0,2,0,0
1777305337.138,6.157,707,0,3,3,0
1777305337.235,6.253,707,0,3,0,0
1777305337.346,6.365,706,0,3,0,0
1777305337.458,6.476,707,0,2,2,0
1777305337.554,6.573,707,0,2,0,0
1777305337.665,6.684,707,0,1,1,0
1777305337.762,6.780,707,0,1,0,0
1777305337.873,6.892,706,0,0,0,0
1777305337.970,6.988,708,0,0,0,0
1777305338.081,7.100,707,0,1,1,0
1777305338.193,7.212,707,0,1,0,0
1777305338.289,7.308,707,0,1,1,0
1777305338.401,7.420,708,0,1,0,0
1777305338.498,7.516,708,0,2,2,0
1777305338.611,7.628,708,0,2,0,0
1777305338.722,7.740,709,0,2,2,0
1777305338.817,7.835,709,0,2,0,0
1777305338.929,7.948,708,0,4,4,0
1777305339.025,8.044,708,0,1,0,0
1777305339.137,8.155,709,0,2,2,0
1777305339.235,8.253,709,0,3,0,0
1777305339.345,8.363,710,0,2,2,0
1777305339.441,8.459,710,0,2,0,0
1777305339.553,8.571,710,0,2,0,0
1777305339.665,8.683,710,0,3,3,0
1777305339.760,8.779,710,0,3,0,0
1777305339.872,8.891,710,0,2,2,0
1777305339.968,8.987,709,0,2,0,0
1777305340.106,9.107,710,0,1,1,0
1777305340.238,9.201,710,0,2,0,0
1777305340.323,9.310,709,0,1,1,0
1777305340.446,9.429,710,0,1,0,0
1777305340.561,9.515,709,0,0,0,0
1777305340.645,9.634,711,0,1,0,0
1777305340.733,9.724,709,0,1,1,0
1777305340.844,9.835,709,0,1,0,0
1777305340.957,9.949,709,0,1,1,0
1777305341.051,10.044,709,0,1,0,0
1777305341.175,10.162,709,0,1,1,0
1777305341.232,10.250,709,0,1,0,0
1777305341.370,10.363,708,0,2,2,0
1777305341.441,10.458,708,0,5,0,0
1777305341.551,10.570,708,0,3,3,0
1777305341.647,10.666,708,0,2,0,0
1777305341.759,10.778,708,0,1,0,0
1777305341.892,10.890,708,0,2,2,0
1777305341.967,10.986,706,0,1,0,0
1777305342.080,11.098,706,0,0,0,0
1777305342.176,11.194,707,0,1,0,0
1777305342.289,11.306,706,0,1,1,0
1777305342.383,11.402,706,0,3,0,0
1777305342.494,11.513,706,0,2,2,0
1777305342.608,11.625,706,0,3,0,0
1777305342.707,11.722,705,0,2,2,0
1777305342.817,11.833,706,0,2,0,0
1777305342.910,11.929,705,0,1,1,0
1777305343.023,12.041,706,0,1,0,0
1777305343.135,12.153,706,0,1,1,0
1777305343.252,12.250,705,0,2,0,0
1777305343.370,12.362,705,0,1,1,0
1777305343.481,12.466,706,0,3,0,0
1777305343.589,12.571,706,0,3,3,0
1777305343.684,12.671,705,0,1,0,0
1777305343.795,12.781,706,0,1,1,0
1777305343.854,12.873,706,0,1,0,0
1777305343.966,12.984,706,0,1,0,0
1777305344.078,13.096,706,0,0,0,0
1777305344.187,13.206,706,0,1,0,0
1777305344.286,13.304,706,0,1,1,0
1777305344.391,13.410,706,0,3,0,0
1777305344.493,13.512,706,0,3,3,0
1777305344.615,13.614,706,0,3,0,0
1777305344.730,13.748,706,0,1,1,0
1777305344.819,13.838,707,0,1,0,0
1777305344.920,13.939,706,0,1,1,0
1777305345.045,14.040,706,0,1,0,0
1777305345.127,14.146,707,0,2,2,0
1777305345.270,14.256,705,0,2,0,0
1777305345.388,14.364,707,0,3,3,0
1777305345.469,14.456,707,0,2,0,0
1777305345.574,14.568,709,0,2,2,0
1777305345.688,14.675,707,0,1,0,0
1777305345.804,14.784,707,0,1,1,0
1777305345.909,14.890,707,0,1,0,0
1777305346.031,14.992,707,0,1,0,0
1777305346.116,15.098,707,0,2,2,0
1777305346.216,15.195,707,0,2,0,0
1777305346.332,15.312,707,0,2,2,0
1777305346.380,15.399,707,0,1,0,0
1777305346.546,15.511,707,0,1,1,0
1777305346.588,15.607,707,0,1,0,0
1777305346.721,15.739,707,0,1,1,0
1777305346.797,15.815,707,0,1,0,0
1777305346.908,15.926,706,0,2,2,0
1777305347.020,16.038,706,0,2,0,0
1777305347.123,16.142,707,0,2,2,0
1777305347.248,16.248,706,0,1,0,0
1777305347.331,16.350,706,0,1,1,0
1777305347.456,16.456,706,0,1,0,0
1777305347.547,16.566,705,0,1,1,0
1777305347.675,16.672,705,0,1,0,0
1777305347.785,16.774,707,0,3,3,0
1777305347.893,16.876,707,0,3,0,0
1777305348.008,16.983,706,0,2,2,0
1777305348.100,17.081,706,0,1,0,0
1777305348.233,17.202,707,0,1,0,0
1777305348.317,17.307,707,0,1,1,0
1777305348.442,17.415,706,0,1,0,0
1777305348.548,17.530,703,0,3,3,0
1777305348.648,17.630,689,0,3,0,0
1777305348.752,17.729,681,0,4,4,0
1777305348.840,17.818,688,0,4,0,0
1777305348.953,17.926,686,0,2,2,0
1777305349.003,18.021,686,0,1,0,0
1777305349.156,18.146,687,0,1,1,0
1777305349.212,18.230,692,0,1,0,0
1777305349.322,18.341,690,0,2,2,0
1777305349.434,18.453,686,0,2,0,0
1777305349.530,18.549,682,0,4,4,0
1777305349.642,18.661,679,0,2,0,0
1777305349.749,18.768,680,0,0,0,0
1777305349.853,18.872,681,0,0,0,0
1777305349.966,18.985,682,0,0,0,0
1777305350.078,19.097,686,0,0,0,0
1777305350.183,19.202,689,0,0,0,0
1777305350.294,19.289,688,0,24576,0,0
1777305350.401,19.397,687,0,0,0,0
1777305350.473,19.492,684,0,3,0,0
1777305350.586,19.604,662,0,9216,9216,0
1777305350.697,19.716,637,0,63,0,0
1777305350.805,19.815,663,0,66,0,0
1777305350.916,19.926,686,0,1,1,0
1777305351.027,20.020,692,0,0,0,0
1777305351.134,20.135,694,0,3,3,0
1777305351.242,20.234,659,0,0,0,0
1777305351.355,20.345,664,0,108,108,0
1777305351.466,20.456,688,0,24576,0,0
1777305351.570,20.558,657,0,0,0,0
1777305351.669,20.663,692,0,0,0,0
1777305351.774,20.757,691,0,1,0,0
1777305351.884,20.876,690,0,384,384,0
1777305351.945,20.964,574,0,3,0,0
1777305352.057,21.075,639,0,3,3,0
1777305352.169,21.187,641,0,24,0,0
1777305352.266,21.285,637,0,2,2,0
1777305352.376,21.395,629,0,492,0,0
1777305352.488,21.507,584,0,192,192,0
1777305352.584,21.603,572,0,0,0,0
1777305352.696,21.715,588,0,-24576,-24576,0
1777305352.800,21.812,582,0,109,0,0
1777305352.904,21.923,583,0,0,0,0
1777305353.020,22.024,573,0,0,0,0
1777305353.115,22.133,575,0,0,0,0
1777305353.231,22.244,572,0,192,192,0
1777305353.340,22.341,577,0,0,0,0
1777305353.435,22.453,578,0,6784,6784,0
1777305353.551,22.554,566,0,1,0,0
1777305353.645,22.658,568,0,5,0,0
1777305353.754,22.755,587,0,0,0,0
1777305353.880,22.867,626,0,296,0,0
1777305353.974,22.967,622,0,2,2,0
1777305354.082,23.075,631,0,2,0,0
1777305354.184,23.178,644,0,1,1,0
1777305354.290,23.288,697,0,1,0,0
1777305354.403,23.396,713,0,0,0,0
1777305354.526,23.509,716,0,0,0,0
1777305354.622,23.604,715,0,2,2,0
1777305354.679,23.698,715,0,1,0,0
1777305354.792,23.810,715,0,5,5,0
1777305354.903,23.921,715,0,5,0,0
1777305355.000,24.018,714,0,3,3,0
1777305355.111,24.129,714,0,7,0,0
1777305355.207,24.226,713,0,2,2,0
1777305355.319,24.337,712,0,1,0,0
1777305355.414,24.433,710,0,1,1,0
1777305355.526,24.545,710,0,1,0,0
1777305355.641,24.657,710,0,0,0,0
1777305355.737,24.754,710,0,0,0,0
1777305355.848,24.865,712,0,0,0,0
1777305355.943,24.961,712,0,0,0,0
1777305356.054,25.073,713,0,0,0,0
1777305356.152,25.169,712,0,0,0,0
1777305356.262,25.281,713,0,0,0,0
1777305356.374,25.393,712,0,0,0,0
1777305356.470,25.489,712,0,0,0,0
1777305356.582,25.600,712,0,0,0,0
1777305356.679,25.697,713,0,0,0,0
1777305356.790,25.808,712,0,0,0,0
1777305356.889,25.905,713,0,0,0,0
1777305357.004,26.016,712,0,0,0,0
1777305357.110,26.128,712,0,0,0,0
1777305357.206,26.224,712,0,0,0,0
1777305357.318,26.336,712,0,0,0,0
1777305357.414,26.432,713,0,0,0,0
1777305357.526,26.544,712,0,0,0,0
1777305357.622,26.641,710,0,0,0,0
1777305357.734,26.752,712,0,0,0,0
1777305357.845,26.864,713,0,0,0,0
1777305357.941,26.960,712,0,0,0,0
1777305358.053,27.072,712,0,1,0,0
1777305358.149,27.167,706,0,4,4,0
1777305358.262,27.279,630,0,4,0,0
1777305358.357,27.375,470,0,4,4,0
1777305358.470,27.488,367,0,5,0,0
1777305358.566,27.584,353,0,7,7,0
1777305358.677,27.695,304,0,3,0,0
1777305358.790,27.807,276,0,14,14,0
1777305358.886,27.904,258,0,7,0,0
1777305358.998,28.015,241,0,21,21,0
1777305359.093,28.111,216,0,17,0,0
1777305359.205,28.223,201,0,0,0,0
1777305359.300,28.319,192,0,7,0,0
1777305359.413,28.431,177,0,5,5,0
1777305359.524,28.543,157,0,9,0,0
1777305359.627,28.639,140,0,11,11,0
1777305359.736,28.750,125,0,9,0,0
1777305359.828,28.847,115,0,13,13,0
1777305359.943,28.960,110,0,14,0,0
1777305360.036,29.054,107,0,13,0,0
1777305360.149,29.167,105,0,9,9,0
1777305360.261,29.278,135,0,0,0,0
1777305360.356,29.374,322,0,7,7,0
1777305360.468,29.486,428,0,2,0,0
1777305360.564,29.582,468,0,3,3,0
1777305360.676,29.694,489,0,2,0,0
1777305360.772,29.790,512,0,0,0,0
1777305360.884,29.902,588,0,1,0,0
1777305360.995,30.014,649,0,1,1,0
1777305361.091,30.110,690,0,2,0,0
1777305361.204,30.222,697,0,4,4,0
1777305361.301,30.318,700,0,4,0,0
1777305361.412,30.430,701,0,5,5,0
1777305361.523,30.541,701,0,4,0,0
1777305361.619,30.637,702,0,2,2,0
1777305361.731,30.749,702,0,2,0,0
1777305361.828,30.846,702,0,0,0,0
1777305361.939,30.957,703,0,0,0,0
1777305362.050,31.069,703,0,0,0,0
1777305362.147,31.166,703,0,1,0,0
1777305362.258,31.277,704,0,5,5,0
1777305362.354,31.373,703,0,4,0,0
1777305362.467,31.485,703,0,3,0,0
1777305362.563,31.581,703,0,3,3,0
1777305362.679,31.693,703,0,2,0,0
1777305362.771,31.789,703,0,1,1,0
1777305362.882,31.900,699,0,0,0,0
1777305362.978,31.997,659,0,1,1,0
1777305363.091,32.109,619,0,1,0,0
1777305363.202,32.220,573,0,1,1,0
1777305363.298,32.316,540,0,3,0,0
1777305363.410,32.428,531,0,3,3,0
1777305363.506,32.524,560,0,4,0,0
1777305363.620,32.636,613,0,6,6,0
1777305363.713,32.732,637,0,7,0,0
1777305363.826,32.844,664,0,3,3,0
1777305363.938,32.956,687,0,2,0,0
1777305364.034,33.052,688,0,1,1,0
1777305364.146,33.164,681,0,1,0,0
1777305364.241,33.260,688,0,1,1,0
1777305364.353,33.372,686,0,0,0,0
1777305364.465,33.483,692,0,0,0,0
1777305364.561,33.579,696,0,0,0,0
1777305364.673,33.691,700,0,1,1,0
1777305364.769,33.787,700,0,1,0,0
1777305364.881,33.899,703,0,1,1,0
1777305364.977,33.995,705,0,2,0,0
1777305365.095,34.107,706,0,2,2,0
1777305365.202,34.219,706,0,6,0,0
1777305365.301,34.317,707,0,5,0,0
1777305365.410,34.428,706,0,11,11,0
1777305365.505,34.523,706,0,5,0,0
1777305365.617,34.635,705,0,2,2,0
1777305365.714,34.731,702,0,2,0,0
1777305365.824,34.843,698,0,1,1,0
1777305365.920,34.939,696,0,0,0,0
1777305366.033,35.051,694,0,0,0,0
1777305366.145,35.163,693,0,0,0,0
1777305366.241,35.259,695,0,1,1,0
1777305366.352,35.370,696,0,2,0,0
1777305366.465,35.482,697,143,2,2,0
1777305366.560,35.578,698,109,4,0,0
1777305367.072,36.090,698,262,4,4,0
1777305367.168,36.186,696,0,3,0,0
1777305367.285,36.300,696,0,5,5,0
1777305367.377,36.394,696,0,3,0,0
1777305367.492,36.506,696,0,3,3,0
1777305367.584,36.602,698,0,1,0,0
1777305367.697,36.714,701,0,1,1,0
1777305367.807,36.825,704,0,1,0,0
1777305367.904,36.921,703,0,2,2,0
1777305368.015,37.033,702,0,6,0,0
1777305368.111,37.129,680,0,5,5,0
1777305368.222,37.241,687,0,3,0,0
1777305368.318,37.337,694,0,0,0,0
1777305368.433,37.449,695,0,0,0,0
1777305368.527,37.545,695,0,1,0,0
1777305368.640,37.657,694,0,2,2,0
1777305368.751,37.769,691,0,5,0,0
1777305368.848,37.865,691,0,1,1,0
1777305368.959,37.977,693,0,2,0,0
1777305369.055,38.073,693,0,2,2,0
1777305369.166,38.185,690,0,4,0,0
1777305369.279,38.297,687,0,3,3,0
1777305369.375,38.393,686,0,4,0,0
1777305369.487,38.505,686,0,5,5,0
1777305369.582,38.600,682,0,2,0,0
1777305369.694,38.712,678,0,1,1,0
1777305369.792,38.808,677,0,0,0,0
1777305369.902,38.920,677,0,0,0,0
1777305370.413,39.431,680,377,1,0,0
1777305370.510,39.528,678,211,2,2,0
1777305370.621,39.639,678,195,1,0,0
1777305370.719,39.736,679,223,1,1,0
1777305370.829,39.848,681,213,1,0,0
1777305371.341,40.359,682,260,1,1,0
1777305371.437,40.455,683,211,1,0,0
1777305371.549,40.567,686,237,1,1,0
1777305371.646,40.663,684,217,0,0,0
1777305372.157,41.175,686,285,0,0,0
1777305372.268,41.286,685,247,1,1,0
1777305372.364,41.383,685,241,3,3,0
1777305372.877,41.894,685,276,2,0,0
1777305372.972,41.990,683,0,0,0,0
1777305373.084,42.102,688,0,1,0,0
1777305373.181,42.198,652,0,1,1,0
1777305373.292,42.310,652,0,1,0,0
1777305373.387,42.406,648,0,1,0,0
1777305373.500,42.518,649,0,2,2,0
1777305373.611,42.630,681,0,3,0,0
1777305373.708,42.726,697,0,7,7,0
1777305373.819,42.838,703,0,3,0,0
1777305373.916,42.934,705,0,5,5,0
1777305374.028,43.046,706,0,3,0,0
1777305374.125,43.142,699,0,1,1,0
1777305374.235,43.253,637,0,1,0,0
1777305374.347,43.365,557,0,0,0,0
1777305374.443,43.461,528,0,0,0,0
1777305374.556,43.574,498,0,0,0,0
1777305374.651,43.669,601,0,1,0,0
1777305374.763,43.781,639,0,1,1,0
1777305374.859,43.877,653,0,1,0,0
1777305374.972,43.989,655,0,0,0,0
1777305375.083,44.101,661,0,5,0,0
1777305375.195,44.213,651,0,1152,1152,0
1777305375.290,44.308,654,0,6,0,0
1777305375.402,44.421,663,0,3584,3584,0
1777305375.499,44.517,646,0,20480,0,0
1777305375.599,44.613,663,0,0,0,0
1777305375.712,44.724,680,0,101,101,0
1777305375.822,44.837,668,0,13312,0,0
1777305375.914,44.932,660,0,0,0,0
1777305376.026,45.044,676,0,5248,0,0
1777305376.122,45.140,650,0,12,0,0
1777305376.234,45.252,671,0,0,0,0
1777305376.330,45.348,669,0,0,0,0
1777305376.442,45.460,671,0,0,0,0
1777305376.554,45.572,682,0,952,0,0
1777305376.651,45.668,666,0,476,476,0
1777305376.762,45.780,676,0,-19968,0,0
1777305376.874,45.892,679,0,216,216,0
1777305376.969,45.988,678,0,22,0,0
1777305377.067,46.084,635,0,12,0,0
1777305377.179,46.196,666,0,13,13,0
1777305377.289,46.307,691,0,14,0,0
1777305377.385,46.403,691,0,13,13,0
1777305377.498,46.516,691,0,9,0,0
1777305377.593,46.611,691,0,22,22,0
1777305377.705,46.723,690,0,23,0,0
1777305377.816,46.835,690,0,40,40,0
1777305377.914,46.931,690,0,27,0,0
1777305378.025,47.043,689,0,36,36,0
1777305378.121,47.139,690,0,32,0,0
1777305378.232,47.251,690,0,67,0,0
1777305378.328,47.347,689,0,52,52,0
1777305378.440,47.459,690,0,65,0,0
1777305378.552,47.571,690,0,32,32,0
1777305378.655,47.667,690,0,54,0,0
1777305378.764,47.779,690,0,46,46,0
1777305378.856,47.874,690,0,53,0,0
1777305378.970,47.987,689,0,28,28,0
1777305379.065,48.083,690,0,44,0,0
1777305379.176,48.194,690,0,33,0,0
1777305379.288,48.306,689,0,32,32,0
1777305379.384,48.402,690,0,51,0,0
1777305379.496,48.514,689,0,32,32,0
1777305379.592,48.610,690,0,51,0,0
1777305379.704,48.722,690,0,39,39,0
1777305379.806,48.823,690,0,53,0,0
1777305379.913,48.930,689,0,45,45,0
1777305380.023,49.041,690,0,42,0,0
1777305380.119,49.137,689,0,39,39,0
1777305380.232,49.250,690,0,17,0,0
1777305380.327,49.345,690,0,13,0,0
1777305380.439,49.457,691,0,14,14,0
1777305380.535,49.553,691,0,16,0,0
1777305380.647,49.665,691,0,15,15,0
1777305380.759,49.777,689,0,11,0,0
1777305380.854,49.873,692,0,14,14,0
1777305380.967,49.985,691,0,28,0,0
1777305381.105,50.087,692,0,14,14,0
1777305381.208,50.203,693,0,23,0,0
1777305381.271,50.289,692,0,44,0,0
1777305381.413,50.412,692,0,31,31,0
1777305381.480,50.498,693,0,26,0,0
1777305381.591,50.609,693,0,64,64,0
1777305381.702,50.720,693,0,47,0,0
1777305381.799,50.817,694,0,68,68,0
1777305381.910,50.928,694,0,38,0,0
1777305382.022,51.040,693,0,34,34,0
1777305382.118,51.136,694,0,24,0,0
1777305382.231,51.248,694,0,15,15,0
1777305382.326,51.344,695,0,5,0,0
1777305382.438,51.456,694,0,12,0,0
1777305382.534,51.552,694,0,12,12,0
1777305382.646,51.664,694,0,21,0,0
1777305382.742,51.761,695,0,17,17,0
1777305382.853,51.872,695,0,46,0,0
1777305382.967,51.984,695,0,49,49,0
1777305383.061,52.080,695,0,52,0,0
1777305383.173,52.192,695,0,59,59,0
1777305383.269,52.288,695,0,25,0,0
1777305383.381,52.399,695,0,47,47,0
1777305383.478,52.496,695,0,29,0,0
1777305383.589,52.607,695,0,38,0,0
1777305383.701,52.719,691,0,12,12,0
1777305383.797,52.816,622,0,12,0,0
1777305383.908,52.927,639,0,13,13,0
1777305384.005,53.023,677,0,13,0,0
1777305384.117,53.135,677,0,9,9,0
1777305384.213,53.231,667,0,0,0,0
1777305384.325,53.343,660,0,3,3,0
1777305384.436,53.455,657,0,48,0,0
1777305384.533,53.551,600,0,6,6,0
1777305384.645,53.663,574,0,-16384,0,0
1777305384.740,53.759,636,0,0,0,0
1777305384.852,53.871,661,0,15360,15360,0
1777305384.965,53.983,691,0,-29184,0,0
1777305385.060,54.078,708,0,0,0,0
1777305385.172,54.190,712,0,0,0,0
1777305385.269,54.287,679,0,0,0,0
1777305385.380,54.398,657,0,0,0,0
1777305385.492,54.510,671,0,5504,5504,0
1777305385.588,54.606,703,0,1040,0,0
1777305385.684,54.702,713,0,0,0,0
1777305385.795,54.814,713,0,0,0,0
1777305385.893,54.911,699,0,0,0,0
1777305386.003,55.022,662,0,48,48,0
1777305386.115,55.134,674,0,0,0,0
1777305386.211,55.230,699,0,1,1,0
1777305386.323,55.342,706,0,0,0,0
1777305386.419,55.438,669,0,0,0,0
1777305386.531,55.550,575,0,0,0,0
1777305386.643,55.661,636,0,0,0,0
1777305386.739,55.758,696,0,0,0,0
1777305386.851,55.869,686,0,0,0,0
1777305386.947,55.966,686,0,0,0,0
1777305387.060,56.077,694,0,0,0,0
1777305387.155,56.174,694,0,0,0,0
1777305387.268,56.286,704,0,0,0,0
1777305387.379,56.397,705,0,5,0,0
1777305387.476,56.493,705,0,0,0,0
1777305387.587,56.605,681,0,0,0,0
1777305387.684,56.702,691,0,104,0,0
1777305387.795,56.813,694,0,27,27,0
1777305387.892,56.909,693,0,7,0,0
1777305388.002,57.021,693,0,3,3,0
1777305388.098,57.117,690,0,8,0,0
1777305388.211,57.229,674,0,5,5,0
1777305388.323,57.341,641,0,5,0,0
1777305388.419,57.437,679,0,4,4,0
1777305388.530,57.548,695,0,3,0,0
1777305388.625,57.644,697,0,2,2,0
1777305388.737,57.756,700,0,4,0,0
1777305388.849,57.868,702,0,2,2,0
1777305388.946,57.964,702,0,3,0,0
1777305389.058,58.076,701,0,6,6,0
1777305389.154,58.172,701,0,6,0,0
1777305389.266,58.284,701,0,7,7,0
1777305389.363,58.381,701,0,3,0,0
1777305389.477,58.493,703,0,4,4,0
1777305389.589,58.604,702,0,4,0,0
1777305389.682,58.700,703,0,3,0,0
1777305389.793,58.811,703,0,3,3,0
1777305389.889,58.908,703,0,3,0,0
1777305390.001,59.019,703,0,3,3,0
1777305390.097,59.116,703,0,7,0,0
1777305390.210,59.228,703,0,7,7,0
1777305390.320,59.339,702,0,3,0,0
1777305390.417,59.435,702,0,3,3,0
1777305390.529,59.547,701,0,3,0,0
1777305390.625,59.643,701,0,3,3,0
1777305390.737,59.755,701,0,2,0,0
1777305390.848,59.867,700,0,3,3,0
1777305390.944,59.963,701,0,5,0,0
1777305391.056,60.075,701,0,5,5,0
1777305391.152,60.171,701,0,4,0,0
1777305391.265,60.283,701,0,3,3,0
1777305391.363,60.379,701,0,3,0,0
1777305391.472,60.490,700,0,2,2,0
1777305391.589,60.602,701,0,2,0,0
1777305391.689,60.699,700,0,3,3,0
1777305391.808,60.810,700,0,5,0,0
1777305391.895,60.908,700,0,5,0,0
1777305392.003,61.018,701,0,3,3,0
1777305392.101,61.115,701,0,3,0,0
1777305392.216,61.227,701,0,2,2,0
1777305392.304,61.322,701,0,2,0,0
1777305392.417,61.434,699,0,6,6,0
1777305392.513,61.531,699,0,5,0,0
1777305392.625,61.642,699,0,6,6,0
1777305392.738,61.754,699,0,5,0,0
1777305392.832,61.850,700,0,4,4,0
1777305392.944,61.962,699,0,6,0,0
1777305393.039,62.058,699,0,3,3,0
1777305393.153,62.170,699,0,5,0,0
1777305393.263,62.281,700,0,6,6,0
1777305393.360,62.378,699,0,7,0,0
1777305393.472,62.490,698,0,18,18,0
1777305393.568,62.585,699,0,3,0,0
1777305393.680,62.698,698,0,2,2,0
1777305393.775,62.793,698,0,3,0,0
1777305393.887,62.905,698,0,4,4,0
1777305393.999,63.017,698,0,8,0,0
1777305394.098,63.114,698,0,5,5,0
1777305394.207,63.225,699,0,2,0,0
1777305394.310,63.321,699,0,3,3,0
1777305394.422,63.433,699,0,2,0,0
1777305394.519,63.534,699,0,5,0,0
1777305394.629,63.644,698,0,5,5,0
1777305394.742,63.752,697,0,23,0,0
1777305394.832,63.849,698,0,4,4,0
1777305394.943,63.960,698,0,2,0,0
1777305395.039,64.057,697,0,3,3,0
1777305395.150,64.168,699,0,2,0,0
1777305395.247,64.265,698,0,4,4,0
1777305395.358,64.376,696,0,4,0,0
1777305395.470,64.488,698,0,8,8,0
1777305395.566,64.584,697,0,3,0,0
1777305395.679,64.696,699,0,5,5,0
1777305395.775,64.793,699,0,3,0,0
1777305395.886,64.904,697,0,4,4,0
1777305395.997,65.016,700,0,2,0,0
1777305396.094,65.112,698,0,9,9,0
1777305396.205,65.223,698,0,3,0,0
1777305396.301,65.319,698,0,3,3,0
1777305396.413,65.431,697,0,3,0,0
1777305396.509,65.527,697,0,3,3,0
1777305396.622,65.640,698,0,4,0,0
1777305396.718,65.736,697,0,5,5,0
1777305396.830,65.847,697,0,3,0,0
1777305396.942,65.959,698,0,2,2,0
1777305397.037,66.055,697,0,4,0,0
1777305397.149,66.167,697,0,3,3,0
1777305397.258,66.263,696,0,3,0,0
1777305397.362,66.375,697,0,6,6,0
1777305397.453,66.471,696,0,5,0,0
1777305397.567,66.583,697,0,6,0,0
1777305397.679,66.695,697,0,2,2,0
1777305397.773,66.791,697,0,3,0,0
1777305397.887,66.903,698,0,3,3,0
1777305397.982,66.999,699,0,3,0,0
1777305398.093,67.111,697,0,2,2,0
1777305398.189,67.206,698,0,4,0,0
1777305398.300,67.318,697,0,4,4,0
1777305398.412,67.430,697,0,4,0,0
1777305398.509,67.527,696,0,5,5,0
1777305398.620,67.638,696,0,4,0,0
1777305398.716,67.734,696,0,3,3,0
1777305398.828,67.846,696,0,2,0,0
1777305398.924,67.942,696,0,3,3,0
1777305399.036,68.054,696,0,1,0,0
1777305399.147,68.166,694,0,2,2,0
1777305399.244,68.262,695,0,4,0,0
1777305399.356,68.374,695,0,3,3,0
1777305399.451,68.470,695,0,4,0,0
1777305399.564,68.582,695,0,3,3,0
1777305399.668,68.677,695,0,0,0,0
1777305399.778,68.789,697,0,6,6,0
1777305399.886,68.901,696,0,4,0,0
1777305399.986,69.000,696,0,23,23,0
1777305400.093,69.109,696,0,3,0,0
1777305400.188,69.206,696,0,1,1,0
1777305400.300,69.317,698,0,1,0,0
1777305400.395,69.413,696,0,2,2,0
1777305400.507,69.525,697,0,4,0,0
1777305400.619,69.637,696,0,12,0,0
1777305400.715,69.733,696,0,4,4,0
1777305400.827,69.845,696,0,4,0,0
1777305400.924,69.941,696,0,1,1,0
1777305401.034,70.052,696,0,1,0,0
1777305401.130,70.148,695,0,3,3,0
1777305401.242,70.261,696,0,4,0,0
1777305401.354,70.372,696,0,6,6,0
1777305401.452,70.469,696,0,5,0,0
1777305401.562,70.580,698,0,3,3,0
1777305401.659,70.677,697,0,0,0,0
1777305401.770,70.788,696,0,1,1,0
1777305401.866,70.884,696,0,1,0,0
1777305401.979,70.997,696,0,5,5,0
1777305402.090,71.108,696,0,6,0,0
1777305402.186,71.204,696,0,5,5,0
1777305402.298,71.316,695,0,12,0,0
1777305402.401,71.412,697,0,3,3,0
1777305402.513,71.523,695,0,1,0,0
1777305402.603,71.620,696,0,3,3,0
1777305402.729,71.733,698,0,3,0,0
1777305402.833,71.843,696,0,4,4,0
1777305402.922,71.940,698,0,5,0,0
1777305403.034,72.051,696,0,5,5,0
1777305403.129,72.147,697,0,3,0,0
1777305403.242,72.260,696,0,2,2,0
1777305403.337,72.355,697,0,1,0,0
1777305403.449,72.467,697,0,10,10,0
1777305403.561,72.579,696,0,2,0,0
1777305403.657,72.675,697,0,2,0,0
1777305403.769,72.787,697,0,8,8,0
1777305403.865,72.883,697,0,1,0,0
1777305403.977,72.995,697,0,2,2,0
1777305404.073,73.091,697,0,0,0,0
1777305404.185,73.202,697,0,3,3,0
1777305404.296,73.314,698,0,10,0,0
1777305404.392,73.411,697,0,4,4,0
1777305404.505,73.522,698,0,4,0,0
1777305404.602,73.619,698,0,3,3,0
1777305404.712,73.730,698,0,1,0,0
1777305404.823,73.842,698,0,6,6,0
1777305404.919,73.938,698,0,7,0,0
1777305405.032,74.050,698,0,1,1,0
1777305405.133,74.146,698,0,3,0,0
1777305405.246,74.258,698,0,6,6,0
1777305405.346,74.354,698,0,1,0,0
1777305405.461,74.466,698,0,3,3,0
1777305405.545,74.562,697,0,3,0,0
1777305405.656,74.674,697,0,1,1,0
1777305405.767,74.785,698,0,10,0,0
1777305405.864,74.882,696,0,4,4,0
1777305405.976,74.993,696,0,2,0,0
1777305406.072,75.090,695,0,2,2,0
1777305406.183,75.201,695,0,2,0,0
1777305406.280,75.298,695,0,7,0,0
1777305406.391,75.409,697,0,3,3,0
1777305406.503,75.521,697,0,4,0,0
1777305406.599,75.617,697,0,5,5,0
1777305406.710,75.729,698,0,8,0,0
1777305406.807,75.825,698,0,4,4,0
1777305406.918,75.937,697,0,3,0,0
1777305407.030,76.048,698,0,1,1,0
1777305407.127,76.145,697,0,3,0,0
1777305407.238,76.256,697,0,3,3,0
1777305407.334,76.352,697,0,4,0,0
1777305407.447,76.465,697,0,5,5,0
1777305407.542,76.561,697,0,3,0,0
1777305407.654,76.672,697,0,4,4,0
1777305407.752,76.770,697,0,3,0,0
1777305407.874,76.880,697,0,2,2,0
1777305407.977,76.992,697,0,2,0,0
1777305408.072,77.088,696,0,1,1,0
1777305408.183,77.201,697,0,3,0,0
1777305408.278,77.296,697,0,3,3,0
1777305408.390,77.408,697,0,7,0,0
1777305408.501,77.519,698,0,4,4,0
1777305408.599,77.616,697,0,4,0,0
1777305408.710,77.728,696,0,0,0,0
1777305408.806,77.824,696,0,0,0,0
1777305408.917,77.936,696,0,1,1,0
1777305409.013,78.032,693,0,1,0,0
1777305409.126,78.144,688,0,3,3,0
1777305409.237,78.255,690,0,4,0,0
1777305409.333,78.351,691,0,5,0,0
1777305409.446,78.463,691,0,4,4,0
1777305409.541,78.559,689,0,3,0,0
1777305409.653,78.671,691,0,2,2,0
1777305409.749,78.767,693,0,1,0,0
1777305409.862,78.879,693,0,2,2,0
1777305409.958,78.976,692,0,2,0,0
1777305410.069,79.087,693,0,3,3,0
1777305410.181,79.199,694,0,4,0,0
1777305410.277,79.295,694,0,1,1,0
1777305410.388,79.406,695,0,2,0,0
1777305410.499,79.503,695,0,5,5,0
1777305410.606,79.614,695,0,5,0,0
1777305410.713,79.726,696,0,4,4,0
1777305410.807,79.823,695,0,3,0,0
1777305410.936,79.934,695,0,2,2,0
1777305411.012,80.030,696,0,2,0,0
1777305411.124,80.142,695,0,1,1,0
1777305411.221,80.239,696,0,3,0,0
1777305411.333,80.350,696,0,3,3,0
1777305411.428,80.446,696,0,5,0,0
1777305411.540,80.558,697,0,7,7,0
1777305411.653,80.670,697,0,3,0,0
1777305411.747,80.766,697,0,3,3,0
1777305411.860,80.878,697,0,3,0,0
1777305411.957,80.974,696,0,2,2,0
1777305412.068,81.086,695,0,3,0,0
1777305412.181,81.198,698,0,1,1,0
1777305412.275,81.293,697,0,2,0,0
1777305412.388,81.405,697,0,1,1,0
1777305412.483,81.501,697,0,4,0,0
1777305412.595,81.613,697,0,6,0,0
1777305412.691,81.709,698,0,4,4,0
1777305412.804,81.821,698,0,3,0,0
1777305412.915,81.933,698,0,2,2,0
1777305413.017,82.029,697,0,3,0,0
1777305413.123,82.141,697,0,1,1,0
1777305413.223,82.237,697,0,3,0,0
1777305413.337,82.349,698,0,3,3,0
1777305413.431,82.446,696,0,4,0,0
1777305413.540,82.557,695,0,5,5,0
1777305413.634,82.652,696,0,3,0,0
1777305413.747,82.765,696,0,46,46,0
1777305413.860,82.876,695,1,2,0,0
1777305413.954,82.973,695,0,4,4,0
1777305414.067,83.084,695,0,1,0,0
1777305414.164,83.181,696,0,0,0,0
1777305414.275,83.292,697,0,3,0,0
1777305414.385,83.404,696,0,3,3,0
1777305414.482,83.500,696,0,5,0,0
1777305414.594,83.612,696,0,6,6,0
1777305414.690,83.708,695,0,3,0,0
1777305414.802,83.820,695,0,2,2,0
1777305414.898,83.916,694,0,2,0,0
1777305415.009,84.028,694,0,2,2,0
1777305415.122,84.139,695,0,0,0,0
1777305415.217,84.236,694,0,2,2,0
1777305415.331,84.347,694,0,3,0,0
1777305415.426,84.444,694,0,2,2,0
1777305415.537,84.555,694,0,2,0,0
1777305415.633,84.651,694,0,4,4,0
1777305415.746,84.763,693,0,4,0,0
1777305415.852,84.859,693,0,3,0,0
1777305415.963,84.971,695,0,3,3,0
1777305416.070,85.083,694,0,2,0,0
1777305416.165,85.180,694,0,1,1,0
1777305416.285,85.291,695,0,1,0,0
1777305416.369,85.387,695,0,1,1,0
1777305416.482,85.499,695,0,2,0,0
1777305416.593,85.610,695,0,1,1,0
1777305416.692,85.707,694,0,5,0,0
1777305416.800,85.818,694,0,3,3,0
1777305416.897,85.915,695,0,5,0,0
1777305417.008,86.026,696,0,5,5,0
1777305417.105,86.123,697,0,3,0,0
1777305417.216,86.234,698,0,3,3,0
1777305417.329,86.346,699,0,2,0,0
1777305417.424,86.443,699,0,2,2,0
1777305417.536,86.554,699,0,3,0,0
1777305417.634,86.651,698,0,2,2,0
1777305417.744,86.762,698,0,1,0,0
1777305417.840,86.858,699,0,2,2,0
1777305417.951,86.970,699,0,2,0,0
1777305418.064,87.082,698,0,6,6,0
1777305418.160,87.178,699,0,3,0,0
1777305418.273,87.290,698,0,1,1,0
1777305418.369,87.386,698,0,3,0,0
1777305418.485,87.497,680,0,5,5,0
1777305418.577,87.594,546,0,4,0,0
1777305418.693,87.705,490,0,4,4,0
1777305418.807,87.817,488,0,7,0,0
1777305418.901,87.914,503,0,2,0,0
1777305419.007,88.025,526,0,4,4,0
1777305419.104,88.122,541,0,3,0,0
1777305419.215,88.233,544,0,5,5,0
1777305419.310,88.329,546,0,2,0,0
1777305419.422,88.441,520,0,2,2,0
1777305419.534,88.553,520,0,3,0,0
1777305419.630,88.649,537,0,2,2,0
1777305419.742,88.761,540,0,3,0,0
1777305419.839,88.857,541,0,3,3,0
1777305419.951,88.969,541,0,2,0,0
1777305420.047,89.065,541,0,3,3,0
1777305420.159,89.177,542,0,4,0,0
1777305420.270,89.288,542,0,3,3,0
1777305420.366,89.385,541,0,4,0,0
1777305420.478,89.496,541,0,5,5,0
1777305420.574,89.592,539,0,2,0,0
1777305420.687,89.704,540,0,4,4,0
1777305420.783,89.800,540,0,5,0,0
1777305420.893,89.912,540,0,3,3,0
1777305421.005,90.024,540,0,2,0,0
1777305421.101,90.120,539,0,1,1,0
1777305421.215,90.232,538,0,2,0,0
1777305421.311,90.328,538,0,1,1,0
1777305421.421,90.440,538,0,1,0,0
1777305421.517,90.536,538,0,2,2,0
1777305421.629,90.647,539,0,2,0,0
1777305421.741,90.759,538,0,2,2,0
1777305421.837,90.855,537,0,2,0,0
1777305421.950,90.968,538,0,5,5,0
1777305422.045,91.063,539,0,4,0,0
1777305422.157,91.175,538,0,11,11,0
1777305422.253,91.271,530,0,7,0,0
1777305422.366,91.383,454,0,2,0,0
1777305422.478,91.495,585,0,4,4,0
1777305422.573,91.591,667,0,6,0,0
1777305422.685,91.703,660,0,3,3,0
1777305422.781,91.799,654,0,3,0,0
1777305422.893,91.911,657,0,4,4,0
1777305422.989,92.007,594,0,4,0,0
1777305423.101,92.119,409,0,3,3,0
1777305423.213,92.231,213,0,1,0,0
1777305423.309,92.327,164,0,26,26,0
1777305423.422,92.439,140,0,58,0,0
1777305423.516,92.534,131,0,46,46,0
1777305423.629,92.646,133,0,13,0,0
1777305423.724,92.742,187,0,2,2,0
1777305423.835,92.854,243,0,1,0,0
1777305423.947,92.966,224,0,1,1,0
1777305424.044,93.062,234,0,0,0,0
1777305424.155,93.174,151,0,3,3,0
1777305424.256,93.270,132,0,1,0,0
1777305424.363,93.382,158,0,-14336,0,0
1777305424.459,93.478,629,0,7,7,0
1777305424.571,93.590,682,0,3,0,0
1777305424.683,93.702,689,0,0,0,0
1777305424.781,93.798,694,0,4,0,0
1777305424.892,93.910,696,0,0,0,0
1777305424.987,94.006,695,0,1,0,0
1777305425.099,94.117,694,0,0,0,0
1777305425.212,94.229,691,0,384,0,0
1777305425.307,94.325,648,0,0,0,0
1777305425.419,94.437,544,0,0,0,0
1777305425.516,94.534,659,0,768,768,0
1777305425.627,94.645,699,0,0,0,0
1777305425.739,94.757,596,0,-32767,-32767,0
1777305425.835,94.853,677,0,0,0,0
1777305425.947,94.965,710,0,0,0,0
1777305426.043,95.061,595,0,24,24,0
1777305426.154,95.172,634,0,0,0,0
1777305426.250,95.269,708,0,0,0,0
1777305426.363,95.381,598,0,84,0,0
1777305426.458,95.476,651,0,0,0,0
1777305426.570,95.588,682,0,-20480,0,0
1777305426.682,95.700,688,0,0,0,0
1777305426.777,95.796,697,0,0,0,0
1777305426.890,95.908,709,0,0,0,0
1777305426.986,96.004,672,0,768,0,0
1777305427.098,96.116,695,0,4096,0,0
1777305427.194,96.212,714,0,0,0,0
1777305427.306,96.324,713,0,0,0,0
1777305427.417,96.436,714,0,0,0,0
1777305427.514,96.532,716,0,0,0,0
1777305427.625,96.643,717,0,0,0,0
1777305427.722,96.740,714,0,0,0,0
1777305427.833,96.852,712,0,0,0,0
1777305427.930,96.948,714,0,0,0,0
1777305428.041,97.059,715,0,0,0,0
1777305428.153,97.171,716,0,0,0,0
1777305428.250,97.268,717,0,0,0,0
1777305428.361,97.379,717,0,0,0,0
1777305428.458,97.476,718,0,0,0,0
1777305428.569,97.587,714,0,0,0,0
1777305428.680,97.699,711,0,0,0,0
1777305428.777,97.795,701,0,0,0,0
1777305428.889,97.907,686,0,0,0,0
1777305428.985,98.003,706,0,0,0,0
1777305429.097,98.115,710,0,5,5,0
1777305429.193,98.211,714,0,0,0,0
1777305429.304,98.323,718,0,122,0,0
1777305429.417,98.435,720,0,212,212,0
1777305429.516,98.530,722,0,0,0,0
1777305429.626,98.642,723,0,0,0,0
1777305429.720,98.738,722,0,0,0,0
1777305429.832,98.851,720,0,0,0,0
1777305429.927,98.946,719,0,0,0,0
1777305430.040,99.058,718,0,0,0,0
1777305430.136,99.154,717,0,0,0,0
1777305430.249,99.266,716,0,0,0,0
1777305430.360,99.379,717,0,0,0,0
1777305430.456,99.474,716,0,0,0,0
1777305430.568,99.586,717,0,0,0,0
1777305430.663,99.682,716,0,0,0,0
1777305430.776,99.794,715,0,0,0,0
1777305431.286,100.305,715,593,0,0,0
1777305431.382,100.401,716,0,0,0,0
1777305431.495,100.513,716,0,0,0,0
1777305431.600,100.609,717,0,0,0,0
1777305431.707,100.721,716,0,0,0,0
1777305431.799,100.817,717,0,0,0,0
1777305431.912,100.929,718,0,0,0,0
1777305432.031,101.041,717,0,0,0,0
1777305432.119,101.137,717,0,0,0,0
1777305432.230,101.249,717,0,0,0,0
1777305432.326,101.345,716,0,0,0,0
1777305432.439,101.457,716,0,0,0,0
1777305432.950,101.968,718,351,0,0,0
1777305433.047,102.065,718,0,0,0,0
1777305433.158,102.176,719,0,0,0,0
1777305433.254,102.272,719,0,0,0,0
1777305433.365,102.384,719,0,0,0,0
1777305433.462,102.480,716,0,0,0,0
1777305433.574,102.592,713,0,0,0,0
1777305433.685,102.704,708,0,37,37,0
1777305433.785,102.800,709,0,0,0,0
1777305433.893,102.911,709,0,0,0,0
1777305434.000,103.008,709,0,0,0,0
1777305434.111,103.120,710,0,0,0,0
1777305434.198,103.216,712,0,0,0,0
1777305434.309,103.328,707,0,10624,10624,0
1777305434.406,103.424,703,0,0,0,0
1777305434.517,103.535,699,0,0,0,0
1777305434.629,103.647,693,0,28,28,0
1777305434.725,103.743,694,0,43,0,0
1777305434.837,103.855,693,0,23,23,0
1777305434.934,103.952,693,0,29,0,0
1777305435.046,104.063,693,0,82,82,0
1777305435.142,104.159,692,0,3200,0,0
1777305435.253,104.271,678,0,20,20,0
1777305435.365,104.383,671,0,26,0,0
1777305435.461,104.479,656,0,26,0,0
1777305435.573,104.591,685,0,23,23,0
1777305435.669,104.687,691,0,16,0,0
1777305435.781,104.799,692,0,14,14,0
1777305435.876,104.895,693,0,26,0,0
1777305435.989,105.007,694,0,25,25,0
1777305436.085,105.103,695,0,32,0,0
1777305436.196,105.214,695,0,32,32,0
1777305436.308,105.326,695,0,45,0,0
1777305436.403,105.422,694,0,45,0,0
1777305436.516,105.534,694,0,45,45,0
1777305436.613,105.630,694,0,47,0,0
1777305436.725,105.742,694,0,56,56,0
1777305436.819,105.838,694,0,65,0,0
1777305436.931,105.950,694,0,83,83,0
1777305437.044,106.062,695,0,105,0,0
1777305437.140,106.158,695,0,71,71,0
1777305437.252,106.270,695,0,40,0,0
1777305437.347,106.365,696,0,23,0,0
1777305437.461,106.478,695,0,27,27,0
1777305437.555,106.573,695,0,22,0,0
1777305437.668,106.686,695,0,18,18,0
1777305437.779,106.797,694,0,31,0,0
1777305437.875,106.893,695,0,36,36,0
1777305437.987,107.005,694,0,43,0,0
1777305438.084,107.101,695,0,56,56,0
1777305438.195,107.213,697,0,53,0,0
1777305438.309,107.325,695,0,72,72,0
1777305438.403,107.421,695,0,66,0,0
1777305438.514,107.533,694,0,56,0,0
1777305438.611,107.629,693,0,42,42,0
1777305438.722,107.741,693,0,54,0,0
1777305438.818,107.837,692,0,46,46,0
1777305438.930,107.948,692,0,35,0,0
1777305439.042,108.060,692,0,23,23,0
1777305439.139,108.157,692,0,32,0,0
1777305439.254,108.268,691,0,25,25,0
1777305439.349,108.365,691,0,18,0,0
1777305439.459,108.476,691,0,23,23,0
1777305439.554,108.572,691,0,14,0,0
1777305439.666,108.684,691,0,32,0,0
1777305439.777,108.796,690,0,21,21,0
1777305439.875,108.892,690,0,51,0,0
1777305439.985,109.004,690,0,53,53,0
1777305440.081,109.100,690,0,57,0,0
1777305440.195,109.212,690,0,61,61,0
1777305440.290,109.308,689,0,72,0,0
1777305440.401,109.420,690,0,69,69,0
1777305440.514,109.532,689,0,80,0,0
1777305440.610,109.628,690,0,73,0,0
1777305440.722,109.740,691,0,30,30,0
1777305440.816,109.835,690,0,44,0,0
1777305440.929,109.947,691,0,29,29,0
1777305441.026,110.044,690,0,15,0,0
1777305441.137,110.155,692,0,25,25,0
1777305441.250,110.267,691,0,19,0,0
1777305441.345,110.363,691,0,37,37,0
1777305441.457,110.475,691,0,36,0,0
1777305441.552,110.571,690,0,49,49,0
1777305441.664,110.683,691,0,53,0,0
1777305441.767,110.779,690,0,80,0,0
1777305441.874,110.891,690,0,63,63,0
1777305441.984,111.003,690,0,50,0,0
1777305442.081,111.098,689,0,40,40,0
1777305442.194,111.211,690,0,44,0,0
1777305442.289,111.307,690,0,23,23,0
1777305442.400,111.418,689,0,16,0,0
1777305442.512,111.530,690,0,27,27,0
1777305442.610,111.627,690,0,21,0,0
1777305442.704,111.723,690,0,47,0,0
1777305442.818,111.834,690,0,50,50,0
1777305442.928,111.946,690,0,46,0,0
1777305443.024,112.042,691,0,63,63,0
1777305443.137,112.154,691,0,57,0,0
1777305443.249,112.266,691,0,49,49,0
1777305443.344,112.362,689,0,53,0,0
1777305443.456,112.474,667,0,46,46,0
1777305443.552,112.570,665,0,46,0,0
1777305443.663,112.681,683,0,29,29,0
1777305443.760,112.778,690,0,22,0,0
1777305443.871,112.889,692,0,16,0,0
1777305443.967,112.985,695,0,0,0,0
1777305444.079,113.098,699,0,0,0,0
1777305444.191,113.209,699,0,0,0,0
1777305444.287,113.305,699,0,2,0,0
1777305444.398,113.417,699,0,0,0,0
1777305444.498,113.513,699,0,20,0,0
1777305444.610,113.627,697,0,2,2,0
1777305444.703,113.722,698,0,1,0,0
1777305444.815,113.833,697,0,4,4,0
1777305444.911,113.929,697,0,1,0,0
1777305445.024,114.042,697,0,2,2,0
1777305445.134,114.152,693,0,2,0,0
1777305445.231,114.249,667,0,1,1,0
1777305445.342,114.360,666,0,1,0,0
1777305445.438,114.456,688,0,3,3,0
1777305445.550,114.568,692,0,3,0,0
1777305445.662,114.680,694,0,6,6,0
1777305445.757,114.776,695,0,6,0,0
1777305445.870,114.888,694,0,8,8,0
1777305445.966,114.984,694,0,3,0,0
1777305446.078,115.096,694,0,3,3,0
1777305446.174,115.192,695,0,1,0,0
1777305446.285,115.304,694,0,1,1,0
1777305446.398,115.416,694,0,1,0,0
1777305446.494,115.512,694,0,1,1,0
1777305446.605,115.624,693,0,1,0,0
1777305446.701,115.720,694,0,2,0,0
1777305446.813,115.831,694,0,4,4,0
1777305446.909,115.928,694,0,3,0,0
1777305447.020,116.039,693,0,5,5,0
1777305447.119,116.136,694,0,4,0,0
1777305447.234,116.247,693,0,5,5,0
1777305447.340,116.359,693,0,6,0,0
1777305447.438,116.456,693,0,1,1,0
1777305447.552,116.567,692,0,1,0,0
1777305447.645,116.663,692,0,1,1,0
1777305447.758,116.776,693,0,1,0,0
1777305447.869,116.887,692,0,2,2,0
1777305447.966,116.983,692,0,1,0,0
1777305448.077,117.095,691,0,3,3,0
1777305448.174,117.192,692,0,17,0,0
1777305448.286,117.303,692,0,3,3,0
1777305448.383,117.399,692,0,5,0,0
1777305448.493,117.511,692,0,5,5,0
1777305448.589,117.607,693,0,2,0,0
1777305448.702,117.719,693,0,4,4,0
1777305448.812,117.830,692,0,2,0,0
1777305448.909,117.926,692,0,2,2,0
1777305449.020,118.038,692,0,1,0,0
1777305449.117,118.135,692,0,1,1,0
1777305449.228,118.246,692,0,1,0,0
1777305449.340,118.358,693,0,1,1,0
1777305449.436,118.454,692,0,2,0,0
1777305449.548,118.566,692,0,3,3,0
1777305449.647,118.662,692,0,5,0,0
1777305449.758,118.774,692,0,3,0,0
1777305449.864,118.870,692,0,5,5,0
1777305449.975,118.982,692,0,3,0,0
1777305450.085,119.093,692,0,5,5,0
1777305450.172,119.190,692,0,1,0,0
1777305450.287,119.303,692,0,1,1,0
1777305450.379,119.398,692,0,1,0,0
1777305450.491,119.509,693,0,3,3,0
1777305450.589,119.606,693,0,4,0,0
1777305450.701,119.718,692,0,5,5,0
1777305450.797,119.814,691,0,3,0,0
1777305450.908,119.926,690,0,2,2,0
1777305451.019,120.037,691,0,1,0,0
1777305451.115,120.133,691,0,1,1,0
1777305451.227,120.245,691,0,2,0,0
1777305451.324,120.342,691,0,6,6,0
1777305451.435,120.453,692,0,3,0,0
1777305451.549,120.565,691,0,3,3,0
1777305451.644,120.661,691,0,1,0,0
1777305451.754,120.772,690,0,2,2,0
1777305451.850,120.869,691,0,4,0,0
1777305451.963,120.981,690,0,4,4,0
1777305452.059,121.077,690,0,3,0,0
1777305452.170,121.188,688,0,1,1,0
1777305452.283,121.300,690,0,2,0,0
1777305452.381,121.396,690,0,2,2,0
1777305452.508,121.510,689,0,26,0,0
1777305452.588,121.604,689,0,5,5,0
1777305452.712,121.716,691,0,1,0,0
1777305452.794,121.812,690,0,1,1,0
1777305452.906,121.924,691,0,1,0,0
1777305453.003,122.020,691,0,3,0,0
1777305453.113,122.132,692,0,6,6,0
1777305453.225,122.243,692,0,4,0,0
1777305453.322,122.340,694,0,2,2,0
1777305453.433,122.451,694,0,3,0,0
1777305453.530,122.548,694,0,2,2,0
1777305453.642,122.660,694,0,2,0,0
1777305453.753,122.771,694,0,1,1,0
1777305453.849,122.867,694,0,5,0,0
1777305453.961,122.979,694,0,6,6,0
1777305454.058,123.075,695,0,3,0,0
1777305454.169,123.187,694,0,2,2,0
1777305454.266,123.283,694,0,1,0,0
1777305454.377,123.395,694,0,1,1,0
1777305454.489,123.507,694,0,1,0,0
1777305454.585,123.603,695,0,2,2,0
1777305454.697,123.715,694,0,3,0,0
1777305454.792,123.811,694,0,3,3,0
1777305454.904,123.923,693,0,5,0,0
1777305455.002,124.019,694,0,4,4,0
1777305455.114,124.131,694,0,3,0,0
1777305455.226,124.242,693,0,2,2,0
1777305455.322,124.338,693,0,2,0,0
1777305455.437,124.450,694,0,1,1,0
1777305455.528,124.546,694,0,1,0,0
1777305455.640,124.659,694,0,0,0,0
1777305455.736,124.754,694,0,1,0,0
1777305455.848,124.866,693,0,1,1,0
1777305455.960,124.978,695,0,1,0,0
1777305456.055,125.074,694,0,2,2,0
1777305456.168,125.186,694,0,2,0,0
1777305456.264,125.282,695,0,3,0,0
1777305456.375,125.394,694,0,6,6,0
1777305456.472,125.490,695,0,6,0,0
1777305456.585,125.602,694,0,5,5,0
1777305456.696,125.714,695,0,7,0,0
1777305456.792,125.810,694,0,6,6,0
1777305456.904,125.921,694,0,3,0,0
1777305456.999,126.017,694,0,10,10,0
1777305457.111,126.129,693,0,5,0,0
1777305457.207,126.226,693,0,4,4,0
1777305457.320,126.337,694,0,4,0,0
1777305457.431,126.449,693,0,2,2,0
1777305457.526,126.545,693,0,2,0,0
1777305457.638,126.657,692,0,1,1,0
1777305457.740,126.753,692,0,0,0,0
1777305457.846,126.865,692,0,1,1,0
1777305457.942,126.961,692,0,1,0,0
1777305458.064,127.073,692,0,2,2,0
1777305458.176,127.184,692,0,3,0,0
1777305458.263,127.281,692,0,6,6,0
1777305458.375,127.393,693,0,3,0,0
1777305458.471,127.489,692,0,4,4,0
1777305458.582,127.600,692,0,1,0,0
1777305458.678,127.696,692,0,3,3,0
1777305458.793,127.808,693,0,1,0,0
1777305458.903,127.920,692,0,1,1,0
1777305458.999,128.017,693,0,1,0,0
1777305459.109,128.128,695,0,1,0,0
1777305459.206,128.224,692,0,1,1,0
1777305459.317,128.336,693,0,2,0,0
1777305459.413,128.432,693,0,2,2,0
1777305459.526,128.544,692,0,3,0,0
1777305459.637,128.655,692,0,4,4,0
1777305459.733,128.751,692,0,4,0,0
1777305459.846,128.864,692,0,6,6,0
1777305459.941,128.959,693,0,5,0,0
1777305460.053,129.071,693,0,6,6,0
1777305460.149,129.167,694,0,3,0,0
1777305460.262,129.279,693,0,4,4,0
1777305460.373,129.391,693,0,4,0,0
1777305460.468,129.487,693,0,3,3,0
1777305460.580,129.599,693,0,2,0,0
1777305460.676,129.695,693,0,3,3,0
1777305460.788,129.807,694,0,1,0,0
1777305460.884,129.903,693,0,1,1,0
1777305460.996,130.015,693,0,2,0,0
1777305461.111,130.127,692,0,1,1,0
1777305461.205,130.223,692,0,1,0,0
1777305461.316,130.335,693,0,0,0,0
1777305461.413,130.431,693,0,1,0,0
1777305461.523,130.542,694,0,1,1,0
1777305461.620,130.639,696,0,1,0,0
1777305461.733,130.751,696,0,3,3,0
1777305461.844,130.862,696,0,3,0,0
1777305461.941,130.959,696,0,5,5,0
1777305462.052,131.070,697,0,3,0,0
1777305462.149,131.166,697,0,5,5,0
1777305462.260,131.278,697,0,6,0,0
1777305462.355,131.374,696,0,3,0,0
1777305462.469,131.486,697,0,1,1,0
1777305462.580,131.598,697,0,1,0,0
1777305462.676,131.694,696,0,1,1,0
1777305462.787,131.806,696,0,2,0,0
1777305462.883,131.901,697,0,3,3,0
1777305462.995,132.014,696,0,4,0,0
1777305463.091,132.110,696,0,4,4,0
1777305463.204,132.221,697,0,3,0,0
1777305463.322,132.333,697,0,5,5,0
1777305463.411,132.429,696,0,1,0,0
1777305463.525,132.541,696,0,1,1,0
1777305463.620,132.638,698,0,1,0,0
1777305463.731,132.749,697,0,2,2,0
1777305463.827,132.846,696,0,2,0,0
1777305463.938,132.957,696,0,4,4,0
1777305464.050,133.069,696,0,5,0,0
1777305464.147,133.165,696,0,4,4,0
1777305464.258,133.276,695,0,3,0,0
1777305464.355,133.373,697,0,2,2,0
1777305464.467,133.485,696,0,1,0,0
1777305464.579,133.596,696,0,1,1,0
1777305464.675,133.693,696,0,1,0,0
1777305464.786,133.804,696,0,2,2,0
1777305464.881,133.900,696,0,2,0,0
1777305464.994,134.012,696,0,4,4,0
1777305465.091,134.109,696,0,5,0,0
1777305465.202,134.220,696,0,4,4,0
1777305465.299,134.317,696,0,7,0,0
1777305465.410,134.428,696,0,5,5,0
1777305465.521,134.540,696,0,5,0,0
1777305465.617,134.636,697,0,6,6,0
1777305465.729,134.748,695,0,3,0,0
1777305465.825,134.844,696,0,3,0,0
1777305465.940,134.956,696,0,2,2,0
1777305466.034,135.052,696,0,3,0,0
1777305466.147,135.164,696,0,2,2,0
1777305466.259,135.275,697,0,2,0,0
1777305466.353,135.371,696,0,2,2,0
1777305466.464,135.483,697,0,2,0,0
1777305466.562,135.580,697,0,1,1,0
1777305466.674,135.692,697,0,1,0,0
1777305466.785,135.803,697,0,1,1,0
1777305466.881,135.899,697,0,3,0,0
1777305466.993,136.011,698,0,0,0,0
1777305467.089,136.107,696,0,2,0,0
1777305467.200,136.219,696,0,1,1,0
1777305467.297,136.315,695,0,1,0,0
1777305467.412,136.427,696,0,1,1,0
1777305467.504,136.523,695,0,1,0,0
1777305467.617,136.635,694,0,1,1,0
1777305467.729,136.747,697,0,1,0,0
1777305467.824,136.843,694,0,1,1,0
1777305467.936,136.954,696,0,1,0,0
1777305468.035,137.051,695,0,1,1,0
1777305468.144,137.162,694,0,1,0,0
1777305468.257,137.274,695,0,1,1,0
1777305468.352,137.370,694,0,1,0,0
1777305468.464,137.482,694,0,1,1,0
1777305468.560,137.578,693,0,2,0,0
1777305468.675,137.690,692,0,3,3,0
1777305468.767,137.786,692,0,2,0,0
1777305468.882,137.899,692,0,2,2,0
1777305468.977,137.995,691,0,1,0,0
1777305469.088,138.106,690,0,4,0,0
1777305469.201,138.218,689,0,5,5,0
1777305469.297,138.314,690,0,6,0,0
1777305469.407,138.426,690,0,9,9,0
1777305469.505,138.522,689,0,5,0,0
1777305469.615,138.633,689,0,5,5,0
1777305469.712,138.730,687,0,7,0,0
1777305469.823,138.841,689,0,3,3,0
1777305469.935,138.953,689,0,3,0,0
1777305470.033,139.050,689,0,1,1,0
1777305470.143,139.161,689,0,2,0,0
1777305470.240,139.258,686,0,1,1,0
1777305470.351,139.369,688,0,1,0,0
1777305470.464,139.482,687,0,1,1,0
1777305470.560,139.577,688,0,1,0,0
1777305470.672,139.690,689,0,1,1,0
1777305470.766,139.785,688,0,1,0,0
1777305470.878,139.897,683,0,4,4,0
1777305470.976,139.993,683,0,6,0,0
1777305471.088,140.105,684,0,1,1,0
1777305471.183,140.201,684,0,3,0,0
1777305471.295,140.313,683,0,2,2,0
1777305471.406,140.424,683,0,1,0,0
1777305471.505,140.522,683,0,7,7,0
1777305471.614,140.632,684,0,1,0,0
1777305471.711,140.728,683,0,2,2,0
1777305471.821,140.840,684,0,2,0,0
1777305471.934,140.952,686,0,2,2,0
1777305472.030,141.048,686,0,2,0,0
1777305472.142,141.160,689,0,6,6,0
1777305472.239,141.257,688,0,5,0,0
1777305472.350,141.368,688,0,3,0,0
1777305472.446,141.464,688,0,2,2,0
1777305472.558,141.576,688,0,2,0,0
1777305472.669,141.687,688,0,1,1,0
1777305472.767,141.784,689,0,1,0,0
1777305472.878,141.896,689,0,1,1,0
1777305472.974,141.992,689,0,3,0,0
1777305473.086,142.104,689,1,2,2,0
1777305473.182,142.200,688,0,7,0,0
1777305473.293,142.311,688,0,10,10,0
1777305473.391,142.408,689,0,2,0,0
1777305473.502,142.519,688,0,2,2,0
1777305473.614,142.631,689,0,1,0,0
1777305473.709,142.728,687,0,2,2,0
1777305473.821,142.839,688,0,1,0,0
1777305473.917,142.935,689,0,5,5,0
1777305474.029,143.047,689,0,3,0,0
1777305474.141,143.159,688,0,23,23,0
1777305474.238,143.255,689,0,1,0,0
1777305474.351,143.368,689,0,3,3,0
1777305474.445,143.463,688,0,2,0,0
1777305474.558,143.575,690,0,2,2,0
1777305474.656,143.672,688,0,4,0,0
1777305474.766,143.783,689,0,3,3,0
1777305474.877,143.895,688,0,5,0,0
1777305474.975,143.991,688,0,6,6,0
1777305475.084,144.102,689,0,2,0,0
1777305475.180,144.198,690,0,1,0,0
1777305475.292,144.310,689,0,1,1,0
1777305475.388,144.406,689,0,2,0,0
1777305475.500,144.518,689,0,4,4,0
1777305475.597,144.615,691,0,5,0,0
1777305475.707,144.726,691,0,3,3,0
1777305475.820,144.837,692,0,3,0,0
1777305475.916,144.934,693,0,1,1,0
1777305476.028,145.046,695,0,1,0,0
1777305476.124,145.142,694,0,2,2,0
1777305476.236,145.254,692,0,4,0,0
1777305476.347,145.365,692,0,3,3,0
1777305476.444,145.462,693,0,5,0,0
1777305476.556,145.573,693,0,2,2,0
1777305476.652,145.670,695,0,1,0,0
1777305476.764,145.781,695,0,0,0,0
1777305476.860,145.878,697,0,1,0,0
1777305476.971,145.989,697,0,2,2,0
1777305477.085,146.101,696,0,3,0,0
1777305477.180,146.197,698,0,4,4,0
1777305477.291,146.309,699,0,3,0,0
1777305477.387,146.405,700,0,3,3,0
1777305477.500,146.517,699,0,4,0,0
1777305477.596,146.613,697,0,2,2,0
1777305477.707,146.725,693,0,1,0,0
1777305477.818,146.836,690,0,2,2,0
1777305477.917,146.933,695,0,2,0,0
1777305478.027,147.045,685,0,3,3,0
1777305478.122,147.141,690,0,4,0,0
1777305478.236,147.253,708,0,6,6,0
1777305478.346,147.364,709,0,3,0,0
1777305478.443,147.461,709,0,4,0,0
1777305478.554,147.572,706,0,2,2,0
1777305478.651,147.669,718,0,0,0,0
1777305478.763,147.780,720,0,1,1,0
1777305478.859,147.877,722,0,2,0,0
1777305478.970,147.988,723,0,1,1,0
1777305479.068,148.085,708,0,1,0,0
1777305479.181,148.197,715,0,2,2,0
1777305479.290,148.308,723,0,1,0,0
1777305479.386,148.404,723,0,2,2,0
1777305479.498,148.516,721,0,2,0,0
1777305479.595,148.613,713,0,2,2,0
1777305479.709,148.726,705,0,4,0,0
1777305479.819,148.836,719,0,8,8,0
1777305479.913,148.931,719,0,4,0,0
1777305480.026,149.043,716,0,4,4,0
1777305480.122,149.139,699,0,3,0,0
1777305480.233,149.251,696,0,5,5,0
1777305480.329,149.347,707,0,3,0,0
1777305480.443,149.460,711,0,2,2,0
1777305480.552,149.570,705,0,3,0,0
1777305480.650,149.667,695,0,2,0,0
1777305480.761,149.779,693,0,3,3,0
1777305480.857,149.875,700,0,2,0,0
1777305480.969,149.987,709,0,3,3,0
1777305481.065,150.083,705,0,1,0,0
1777305481.176,150.194,697,0,2,2,0
1777305481.272,150.290,692,0,1,0,0
1777305481.384,150.402,692,0,2,2,0
1777305481.496,150.514,697,0,1,0,0
1777305481.593,150.611,697,0,1,1,0
1777305481.705,150.722,691,0,2,0,0
1777305481.801,150.818,691,0,1,1,0
1777305481.913,150.930,695,0,2,0,0
1777305482.014,151.029,697,0,1,1,0
1777305482.123,151.140,698,0,1,0,0
1777305482.232,151.250,693,0,1,1,0
1777305482.328,151.346,693,0,1,0,0
1777305482.440,151.458,693,0,1,1,0
1777305482.536,151.554,690,0,2,0,0
1777305482.648,151.666,691,0,2,2,0
1777305482.745,151.762,692,0,2,0,0
1777305482.856,151.874,692,0,6,6,0
1777305482.967,151.985,694,0,3,0,0
1777305483.065,152.082,692,0,4,4,0
1777305483.176,152.193,692,0,2,0,0
1777305483.272,152.290,691,0,3,3,0
1777305483.383,152.401,692,0,1,0,0
1777305483.480,152.498,693,0,1,1,0
1777305483.592,152.609,692,0,1,0,0
1777305483.703,152.721,692,0,3,0,0
1777305483.798,152.817,692,0,3,3,0
1777305483.911,152.929,691,0,4,0,0
1777305484.008,153.026,691,0,3,3,0
1777305484.118,153.136,691,0,2,0,0
1777305484.214,153.233,694,0,1,1,0
1777305484.326,153.344,695,0,1,0,0
1777305484.438,153.456,692,0,3,3,0
1777305484.534,153.552,691,0,3,0,0
1777305484.647,153.664,691,0,5,5,0
1777305484.742,153.760,692,0,3,0,0
1777305484.854,153.872,692,0,2,2,0
1777305484.951,153.969,692,0,0,0,0
1777305485.062,154.080,692,0,3,3,0
1777305485.173,154.192,694,0,4,0,0
1777305485.270,154.288,695,0,3,3,0
1777305485.383,154.400,695,0,2,0,0
1777305485.478,154.496,692,0,1,1,0
1777305485.589,154.608,690,0,1,0,0
1777305485.686,154.704,692,0,3,3,0
1777305485.800,154.816,691,0,7,0,0
1777305485.911,154.928,691,0,2,2,0
1777305486.006,155.024,690,0,2,0,0
1777305486.119,155.136,690,0,1,1,0
1777305486.215,155.232,690,0,3,0,0
1777305486.327,155.344,691,0,3,3,0
1777305486.422,155.440,690,0,3,0,0
1777305486.533,155.551,690,0,1,1,0
1777305486.646,155.664,692,0,1,0,0
1777305486.741,155.759,693,0,3,3,0
1777305486.853,155.871,694,0,4,0,0
1777305486.949,155.967,692,0,5,0,0
1777305487.061,156.079,691,0,2,2,0
1777305487.157,156.175,689,0,1,0,0
1777305487.271,156.287,689,0,3,3,0
1777305487.380,156.398,689,0,2,0,0
1777305487.476,156.495,690,0,3,3,0
1777305487.588,156.606,691,0,3,0,0
1777305487.684,156.702,693,0,1,1,0
1777305487.796,156.814,692,0,1,0,0
1777305487.892,156.910,693,0,3,3,0
1777305488.004,157.022,693,0,5,0,0
1777305488.116,157.134,690,0,5,5,0
1777305488.212,157.230,689,0,3,0,0
1777305488.323,157.342,688,0,0,0,0
1777305488.420,157.438,688,0,1,0,0
1777305488.532,157.550,688,0,3,3,0
1777305488.628,157.646,690,0,5,0,0
1777305488.739,157.758,692,0,3,3,0
1777305488.851,157.869,692,0,2,0,0
1777305488.948,157.966,691,0,1,1,0
1777305489.059,158.078,689,0,1,0,0
1777305489.155,158.174,689,0,2,2,0
1777305489.267,158.285,689,0,1,0,0
1777305489.363,158.382,688,0,3,3,0
1777305489.475,158.493,689,0,4,0,0
1777305489.587,158.605,690,0,6,6,0
1777305489.683,158.701,690,0,4,0,0
1777305489.794,158.813,690,0,2,2,0
1777305489.891,158.909,689,0,1,0,0
1777305490.003,159.021,690,0,1,1,0
1777305490.100,159.117,689,0,1,0,0
1777305490.211,159.229,689,0,3,0,0
1777305490.323,159.341,689,0,3,3,0
1777305490.418,159.437,690,0,4,0,0
1777305490.530,159.549,690,0,6,6,0
1777305490.626,159.645,689,0,5,0,0
1777305490.738,159.756,690,0,3,3,0
1777305490.834,159.853,689,0,3,0,0
1777305490.946,159.964,689,0,2,2,0
1777305491.058,160.076,689,0,2,0,0
1777305491.155,160.173,690,0,1,1,0
1777305491.266,160.284,690,0,1,0,0
1777305491.362,160.380,689,0,1,1,0
1777305491.474,160.492,689,0,1,0,0
1777305491.570,160.588,689,0,1,1,0
1777305491.682,160.700,690,0,1,0,0
1777305491.793,160.812,689,0,1,1,0
1777305491.891,160.908,689,0,1,0,0
1777305492.001,161.020,690,0,1,1,0
1777305492.100,161.116,689,0,3,0,0
1777305492.209,161.228,689,0,3,3,0
1777305492.305,161.324,689,0,5,0,0
1777305492.418,161.436,688,0,5,5,0
1777305492.529,161.547,687,0,7,0,0
1777305492.625,161.644,688,0,3,3,0
1777305492.737,161.755,687,0,5,0,0
1777305492.836,161.853,687,0,3,3,0
1777305492.947,161.965,687,0,4,0,0
1777305493.057,162.075,686,0,2,2,0
1777305493.154,162.171,686,0,1,0,0
1777305493.267,162.283,686,0,1,1,0
1777305493.361,162.379,683,0,1,0,0
1777305493.473,162.491,686,0,2,0,0
1777305493.568,162.587,687,0,1,1,0
1777305493.681,162.699,686,0,1,0,0
1777305493.777,162.795,688,0,1,1,0
1777305493.888,162.907,687,0,1,0,0
1777305494.001,163.019,686,0,1,1,0
1777305494.097,163.115,687,0,1,0,0
1777305494.208,163.227,686,0,1,1,0
1777305494.304,163.323,686,0,2,0,0
1777305494.418,163.435,686,0,2,2,0
1777305494.514,163.531,688,0,1,0,0
1777305494.626,163.643,688,0,4,4,0
1777305494.737,163.754,688,0,3,0,0
1777305494.832,163.850,689,0,4,4,0
1777305494.943,163.962,688,0,3,0,0
1777305495.040,164.058,690,0,7,7,0
1777305495.151,164.170,689,0,5,0,0
1777305495.263,164.282,691,0,4,4,0
1777305495.360,164.378,690,0,3,0,0
1777305495.471,164.490,690,0,5,5,0
1777305495.567,164.586,689,0,1,0,0
1777305495.679,164.698,690,0,2,2,0
1777305495.775,164.794,690,0,1,0,0
1777305495.887,164.905,691,0,0,0,0
1777305495.983,165.002,690,0,1,0,0
1777305496.095,165.113,691,0,1,1,0
1777305496.207,165.225,691,0,0,0,0
1777305496.303,165.321,693,0,1,1,0
1777305496.415,165.433,695,0,1,0,0
1777305496.511,165.529,699,0,1,1,0
1777305496.622,165.641,699,0,2,0,0
1777305496.734,165.753,700,0,1,1,0
1777305496.831,165.849,702,0,3,0,0
1777305496.942,165.961,701,0,7,0,0
1777305497.039,166.057,701,0,6,6,0
1777305497.150,166.169,701,0,4,0,0
1777305497.246,166.265,702,0,3,3,0
1777305497.358,166.376,701,0,2,0,0
1777305497.470,166.488,699,0,2,2,0
1777305497.566,166.584,698,0,2,0,0
1777305497.678,166.696,697,0,1,1,0
1777305497.775,166.793,697,0,1,0,0
1777305497.886,166.904,695,0,0,0,0
1777305497.982,167.000,696,0,1,0,0
1777305498.095,167.113,695,0,1,1,0
1777305498.191,167.209,695,0,1,0,0
1777305498.301,167.320,693,0,1,1,0
1777305498.414,167.432,692,0,2,0,0
1777305498.510,167.528,692,0,3,3,0
1777305498.622,167.640,690,0,3,0,0
1777305498.718,167.736,691,0,5,5,0
1777305498.829,167.848,690,0,3,0,0
1777305498.941,167.959,691,0,5,5,0
1777305499.037,168.056,689,0,11,0,0
1777305499.150,168.168,690,0,3,3,0
1777305499.245,168.263,690,0,6,0,0
1777305499.359,168.376,690,0,2,2,0
1777305499.454,168.472,690,0,2,0,0
1777305499.567,168.584,691,0,0,0,0
1777305499.677,168.695,691,0,1,0,0
1777305499.774,168.791,692,0,1,0,0
1777305499.886,168.903,691,0,3,3,0
1777305499.983,169.000,692,0,4,0,0
1777305500.093,169.111,691,0,3,3,0
1777305500.190,169.207,691,0,6,0,0
1777305500.301,169.319,690,0,5,5,0
1777305500.397,169.415,694,0,3,0,0
1777305500.509,169.527,694,0,2,2,0
1777305500.620,169.638,694,0,0,0,0
1777305500.717,169.734,694,0,1,1,0
1777305500.828,169.846,693,0,1,0,0
1777305500.926,169.943,693,0,2,2,0
1777305501.037,170.054,693,0,1,0,0
1777305501.150,170.166,693,0,2,2,0
1777305501.245,170.262,693,0,3,0,0
1777305501.356,170.374,694,0,6,6,0
1777305501.452,170.470,693,0,5,0,0
1777305501.564,170.582,694,0,3,3,0
1777305501.660,170.678,694,0,2,0,0
1777305501.772,170.790,694,0,1,1,0
1777305501.867,170.886,694,0,2,0,0
1777305501.979,170.998,694,0,1,1,0
1777305502.091,171.109,693,0,2,0,0
1777305502.187,171.206,693,0,2,2,0
1777305502.300,171.318,693,0,5,0,0
1777305502.395,171.414,694,0,6,6,0
1777305502.507,171.525,692,0,4,0,0
1777305502.619,171.637,692,0,3,3,0
1777305502.715,171.733,691,0,2,0,0
1777305502.827,171.845,692,0,1,1,0
1777305502.922,171.941,691,0,1,0,0
1777305503.034,172.053,691,0,1,0,0
1777305503.131,172.149,693,0,1,1,0
1777305503.243,172.261,692,0,1,0,0
1777305503.354,172.373,692,0,0,0,0
1777305503.451,172.469,692,0,1,0,0
1777305503.562,172.581,692,0,1,1,0
1777305503.659,172.677,691,0,1,0,0
1777305503.770,172.788,691,0,1,1,0
1777305503.866,172.885,691,0,1,0,0
1777305503.978,172.996,692,0,1,1,0
1777305504.074,173.092,691,0,1,0,0
1777305504.186,173.205,691,0,1,1,0
1777305504.298,173.316,691,0,1,0,0
1777305504.394,173.412,690,0,1,1,0
1777305504.507,173.524,690,0,2,0,0
1777305504.602,173.620,692,0,2,2,0
1777305504.713,173.732,690,0,3,0,0
1777305504.825,173.844,690,0,1,1,0
1777305504.921,173.940,690,0,3,0,0
1777305505.033,174.052,690,0,3,3,0
1777305505.129,174.148,690,0,3,0,0
1777305505.241,174.260,690,0,6,6,0
1777305505.337,174.356,691,0,3,0,0
1777305505.449,174.467,692,1,5,5,0
1777305505.561,174.579,692,0,5,0,0
1777305505.657,174.676,692,0,4,4,0
1777305505.769,174.787,693,0,5,0,0
1777305505.865,174.884,691,0,7,7,0
1777305505.979,174.996,693,0,3,0,0
1777305506.073,175.091,692,0,3,3,0
1777305506.185,175.203,691,0,3,0,0
1777305506.297,175.315,693,0,1,1,0
1777305506.393,175.411,691,0,1,0,0
1777305506.505,175.523,692,0,2,0,0
1777305506.600,175.619,692,0,1,1,0
1777305506.712,175.731,692,0,1,0,0
1777305506.808,175.827,692,0,0,0,0
1777305506.920,175.939,692,0,1,0,0
1777305507.032,176.050,692,0,1,1,0
1777305507.128,176.146,692,0,1,0,0
1777305507.240,176.258,693,0,1,1,0
1777305507.336,176.354,692,0,1,0,0
1777305507.448,176.466,693,0,1,1,0
1777305507.544,176.562,692,0,1,0,0
1777305507.656,176.674,692,0,1,1,0
1777305507.767,176.786,692,0,1,0,0
1777305507.864,176.882,692,0,0,0,0
1777305507.975,176.994,692,0,1,0,0
1777305508.071,177.090,693,0,0,0,0
1777305508.183,177.202,691,0,1,0,0
1777305508.280,177.298,692,0,1,1,0
1777305508.392,177.410,691,0,1,0,0
1777305508.504,177.521,692,0,1,1,0
1777305508.599,177.618,691,0,1,0,0
1777305508.711,177.730,691,0,1,1,0
1777305508.807,177.826,691,0,0,0,0
1777305508.919,177.937,690,0,1,1,0
1777305509.015,178.033,691,0,1,0,0
1777305509.127,178.145,690,0,0,0,0
1777305509.239,178.257,690,0,3,0,0
1777305509.335,178.353,689,0,23,23,0
1777305509.448,178.465,688,0,1,0,0
1777305509.542,178.561,688,0,2,0,0
1777305509.654,178.673,689,0,26,26,0
1777305509.751,178.769,690,0,1,0,0
1777305509.863,178.881,690,0,0,0,0
1777305509.974,178.993,690,0,1,0,0
1777305510.071,179.089,690,0,1,1,0
1777305510.182,179.200,689,0,1,0,0
1777305510.278,179.296,689,0,1,1,0
1777305510.390,179.408,690,0,1,0,0
1777305510.486,179.504,690,0,1,1,0
1777305510.599,179.617,691,0,2,0,0
1777305510.710,179.728,690,0,1,1,0
1777305510.806,179.824,690,0,1,0,0
1777305510.918,179.936,690,0,1,1,0
1777305511.014,180.032,690,0,1,0,0
1777305511.126,180.144,690,0,2,2,0
1777305511.222,180.240,690,0,2,0,0
1777305511.335,180.353,690,0,2,2,0
1777305511.445,180.464,690,0,5,0,0
1777305511.542,180.560,690,0,2,2,0
1777305511.653,180.672,690,0,4,0,0
1777305511.749,180.768,690,0,3,3,0
1777305511.863,180.880,690,0,5,0,0
1777305511.957,180.976,691,0,3,3,0
1777305512.069,181.088,690,0,6,0,0
1777305512.183,181.200,690,0,4,4,0
1777305512.278,181.296,690,0,7,0,0
1777305512.389,181.407,681,0,37,0,0
1777305512.486,181.504,675,0,4,4,0
1777305512.597,181.615,683,0,15360,0,0
1777305512.693,181.711,687,0,0,0,0
1777305512.806,181.824,690,0,10,0,0
1777305512.916,181.935,690,0,0,0,0
1777305513.013,182.031,689,0,1,0,0
1777305513.125,182.143,689,0,1,1,0
1777305513.221,182.239,689,0,2,0,0
1777305513.332,182.350,690,0,2,2,0
1777305513.429,182.447,690,0,3,0,0
1777305513.540,182.558,688,0,1,1,0
1777305513.653,182.670,688,0,4,0,0
1777305513.748,182.766,688,0,0,0,0
1777305513.862,182.879,687,0,0,0,0
1777305513.956,182.974,687,0,1,1,0
1777305514.071,183.086,689,0,0,0,0
1777305514.164,183.182,688,0,0,0,0
1777305514.278,183.295,688,0,2,0,0
1777305514.388,183.406,688,0,1,1,0
1777305514.484,183.502,688,0,2,0,0
1777305514.595,183.614,689,0,2,2,0
1777305514.691,183.710,689,0,0,0,0
1777305514.804,183.822,688,0,0,0,0
1777305514.901,183.919,689,0,0,0,0
1777305515.013,184.030,689,0,1,0,0
1777305515.123,184.141,688,0,1,1,0
1777305515.220,184.238,689,0,2,0,0
1777305515.331,184.349,688,0,3,3,0
1777305515.428,184.446,689,0,0,0,0
1777305515.539,184.557,689,0,1,1,0
1777305515.635,184.653,689,0,0,0,0
1777305515.748,184.765,690,0,0,0,0
1777305515.859,184.877,691,0,1,0,0
1777305515.956,184.973,690,0,1,1,0
1777305516.067,185.085,691,0,3,0,0
1777305516.163,185.181,691,0,2,2,0
1777305516.275,185.293,691,0,2,0,0
1777305516.370,185.389,692,0,1,1,0
1777305516.482,185.501,692,0,0,0,0
1777305516.594,185.613,692,0,0,0,0
1777305516.691,185.709,693,0,0,0,0
1777305516.804,185.821,692,0,1,1,0
1777305516.901,185.917,691,0,1,0,0
1777305517.010,186.028,692,0,2,2,0
1777305517.106,186.125,692,0,2,0,0
1777305517.218,186.236,692,0,1,1,0
1777305517.332,186.348,691,0,1,0,0
1777305517.426,186.444,692,0,0,0,0
1777305517.538,186.556,691,0,0,0,0
1777305517.635,186.653,690,0,0,0,0
1777305517.746,186.764,691,0,1,0,0
1777305517.858,186.876,691,0,1,1,0
1777305517.954,186.972,691,0,1,0,0
1777305518.065,187.084,691,0,2,2,0
1777305518.162,187.180,691,0,2,0,0
1777305518.273,187.291,691,0,0,0,0
1777305518.369,187.388,692,0,0,0,0
1777305518.482,187.500,691,0,0,0,0
1777305518.577,187.596,692,0,0,0,0
1777305518.689,187.707,690,0,1,0,0
1777305518.801,187.819,690,0,2,2,0
1777305518.898,187.916,691,0,1,0,0
1777305519.010,188.027,691,0,2,2,0
1777305519.105,188.123,690,0,1,0,0
1777305519.217,188.235,690,0,1,1,0
1777305519.314,188.332,689,0,0,0,0
1777305519.425,188.443,689,0,0,0,0
1777305519.536,188.555,689,0,0,0,0
1777305519.633,188.651,689,0,1,1,0
1777305519.744,188.763,688,0,1,0,0
1777305519.841,188.859,689,0,3,3,0
1777305519.952,188.971,688,0,1,0,0
1777305520.068,189.082,689,0,0,0,0
1777305520.163,189.179,687,0,0,0,0
1777305520.273,189.290,688,0,0,0,0
1777305520.369,189.387,689,0,1,0,0
1777305520.483,189.499,689,0,3,3,0
1777305520.576,189.595,689,0,2,0,0
1777305520.688,189.706,689,0,2,2,0
1777305520.784,189.802,690,0,1,0,0
1777305520.899,189.915,689,0,0,0,0
1777305521.008,190.026,690,0,0,0,0
1777305521.105,190.123,690,0,0,0,0
1777305521.215,190.234,690,0,0,0,0
1777305521.312,190.330,690,0,1,1,0
1777305521.425,190.442,690,0,1,0,0
1777305521.536,190.554,690,0,2,2,0
1777305521.633,190.650,690,0,3,0,0
1777305521.744,190.761,690,0,2,2,0
1777305521.839,190.857,690,0,1,0,0
1777305521.952,190.969,690,0,1,0,0
1777305522.047,191.065,690,0,0,0,0
1777305522.160,191.177,689,0,0,0,0
1777305522.258,191.274,689,0,0,0,0
1777305522.367,191.385,690,0,0,0,0
1777305522.483,191.499,689,0,1,1,0
1777305522.575,191.593,690,0,1,0,0
1777305522.686,191.705,691,0,2,2,0
1777305522.783,191.801,690,0,3,0,0
1777305522.894,191.913,690,0,3,3,0
1777305522.990,192.009,690,0,3,0,0
1777305523.102,192.121,690,0,1,1,0
1777305523.214,192.232,690,0,2,0,0
1777305523.310,192.329,690,0,1,1,0
1777305523.422,192.440,691,0,1,0,0
1777305523.518,192.537,690,0,0,0,0
1777305523.630,192.648,689,0,0,0,0
1777305523.742,192.760,690,0,0,0,0
1777305523.839,192.856,689,0,0,0,0
1777305523.951,192.968,690,0,1,1,0
1777305524.047,193.065,690,0,0,0,0
1777305524.158,193.176,690,0,1,1,0
1777305524.255,193.272,691,0,1,0,0
1777305524.367,193.384,691,0,1,1,0
1777305524.463,193.481,691,0,1,0,0
1777305524.575,193.592,691,0,2,2,0
1777305524.686,193.704,690,0,1,0,0
1777305524.783,193.800,691,0,1,1,0
1777305524.893,193.911,691,0,0,0,0
1777305524.990,194.008,691,0,0,0,0
1777305525.104,194.122,690,0,0,0,0
1777305525.213,194.231,691,0,1,1,0
1777305525.310,194.328,690,0,1,0,0
1777305525.421,194.439,690,0,2,2,0
1777305525.517,194.535,691,0,1,0,0
1777305525.630,194.647,691,0,2,0,0
1777305525.726,194.743,691,0,1,1,0
1777305525.837,194.855,690,0,0,0,0
1777305525.949,194.967,690,0,0,0,0
1777305526.044,195.063,690,0,0,0,0
1777305526.157,195.175,690,0,1,1,0
1777305526.252,195.271,690,0,1,0,0
1777305526.366,195.383,691,0,2,2,0
1777305526.460,195.479,691,0,2,0,0
1777305526.572,195.590,690,0,1,1,0
1777305526.668,195.686,690,0,0,0,0
1777305526.780,195.798,690,0,1,1,0
1777305526.893,195.911,691,0,0,0,0
1777305526.989,196.007,690,0,0,0,0
1777305527.101,196.118,691,0,0,0,0
1777305527.199,196.215,691,0,2,2,0
1777305527.309,196.326,690,0,2,0,0
1777305527.420,196.438,690,0,2,2,0
1777305527.517,196.534,690,0,1,0,0
1777305527.629,196.646,690,0,1,1,0
1777305527.724,196.742,689,0,0,0,0
1777305527.836,196.854,688,0,0,0,0
1777305527.935,196.951,689,0,1,0,0
1777305528.045,197.062,689,0,1,1,0
1777305528.156,197.174,690,0,1,0,0
1777305528.253,197.270,689,0,2,2,0
1777305528.364,197.381,690,0,2,0,0
1777305528.461,197.478,689,0,2,2,0
1777305528.571,197.589,690,0,1,0,0
1777305528.669,197.687,689,0,0,0,0
1777305528.780,197.798,690,0,0,0,0
1777305528.892,197.910,690,0,0,0,0
1777305528.988,198.005,690,0,1,0,0
1777305529.100,198.117,691,0,3,0,0
1777305529.195,198.213,691,0,3,3,0
1777305529.307,198.325,690,0,1,0,0
1777305529.403,198.421,691,0,1,1,0
1777305529.517,198.534,690,0,0,0,0
1777305529.628,198.645,690,0,0,0,0
1777305529.723,198.741,691,0,1,0,0
1777305529.834,198.852,690,0,1,1,0
1777305529.932,198.949,691,0,2,0,0
1777305530.043,199.061,691,0,1,1,0
1777305530.139,199.157,691,0,1,0,0
1777305530.251,199.268,691,0,0,0,0
1777305530.352,199.368,691,0,0,0,0
1777305530.459,199.477,691,0,1,1,0
1777305530.570,199.588,690,0,1,0,0
1777305530.666,199.684,690,0,1,1,0
1777305530.779,199.796,691,0,2,0,0
1777305530.875,199.893,690,0,1,1,0
1777305530.987,200.004,691,0,0,0,0
1777305531.099,200.116,691,0,0,0,0
1777305531.195,200.212,691,0,1,0,0
1777305531.306,200.324,690,0,1,1,0
1777305531.402,200.420,691,0,2,0,0
1777305531.514,200.532,691,0,2,2,0
1777305531.611,200.628,691,0,2,0,0
1777305531.722,200.740,691,0,0,0,0
1777305531.833,200.851,690,0,0,0,0
1777305531.930,200.948,691,0,0,0,0
1777305532.042,201.059,692,0,1,0,0
1777305532.138,201.155,690,0,4,4,0
1777305532.248,201.267,691,0,1,0,0
1777305532.345,201.363,691,0,1,1,0
1777305532.456,201.475,690,0,0,0,0
1777305532.568,201.586,690,0,1,1,0
1777305532.664,201.683,690,0,1,0,0
1777305532.776,201.794,691,0,3,0,0
1777305532.873,201.891,691,0,2,2,0
1777305532.984,202.002,691,0,2,0,0
1777305533.081,202.099,691,0,1,1,0
1777305533.192,202.210,692,0,0,0,0
1777305533.304,202.322,691,0,0,0,0
1777305533.400,202.418,691,0,1,0,0
1777305533.511,202.530,691,0,2,2,0
1777305533.608,202.626,691,0,3,0,0
1777305533.719,202.738,690,0,2,2,0
1777305533.816,202.834,690,0,1,0,0
1777305533.927,202.946,691,0,1,1,0
1777305534.039,203.058,691,0,0,0,0
1777305534.136,203.154,690,0,0,0,0
1777305534.247,203.265,691,0,0,0,0
1777305534.345,203.363,690,0,1,1,0
1777305534.457,203.474,691,0,1,0,0
1777305534.552,203.570,691,0,1,1,0
1777305534.664,203.682,692,0,1,0,0
1777305534.775,203.793,691,0,3,3,0
1777305534.872,203.890,692,0,2,0,0
1777305534.984,204.002,692,0,2,2,0
1777305535.081,204.099,692,0,1,0,0
1777305535.193,204.210,692,0,2,2,0
1777305535.288,204.306,691,0,1,0,0
1777305535.400,204.417,691,0,1,1,0
1777305535.511,204.529,692,0,0,0,0
1777305535.607,204.625,692,0,0,0,0
1777305535.719,204.737,693,0,0,0,0
1777305535.817,204.834,692,0,0,0,0
1777305535.927,204.945,692,0,0,0,0
1777305536.023,205.041,692,0,1,1,0
1777305536.135,205.153,693,0,1,0,0
1777305536.246,205.264,692,0,2,0,0
1777305536.342,205.360,694,0,1,1,0
1777305536.455,205.473,693,0,2,0,0
1777305536.552,205.569,694,0,2,2,0
1777305536.662,205.680,695,0,1,0,0
1777305536.759,205.777,695,0,1,1,0
1777305536.871,205.889,695,0,1,0,0
1777305536.983,206.000,695,0,2,2,0
1777305537.079,206.096,695,0,2,0,0
1777305537.191,206.208,694,0,1,1,0
1777305537.285,206.304,695,0,1,0,0
1777305537.399,206.416,695,0,0,0,0
1777305537.494,206.512,695,0,1,0,0
1777305537.606,206.624,694,0,0,0,0
1777305537.717,206.735,694,0,0,0,0
1777305537.815,206.832,694,0,0,0,0
1777305537.926,206.943,694,0,1,0,0
1777305538.022,207.040,694,0,0,0,0
1777305538.134,207.151,695,0,0,0,0
1777305538.229,207.247,694,0,0,0,0
1777305538.342,207.360,694,0,0,0,0
1777305538.453,207.471,694,0,0,0,0
1777305538.550,207.568,694,0,0,0,0
1777305538.660,207.679,694,0,1,1,0
1777305538.757,207.775,694,0,1,0,0
1777305538.868,207.887,694,0,2,2,0
1777305538.964,207.983,693,0,1,0,0
1777305539.078,208.095,693,0,2,2,0
1777305539.190,208.207,693,0,2,0,0
1777305539.285,208.303,693,0,1,1,0
1777305539.399,208.415,693,0,1,0,0
1777305539.493,208.511,694,0,1,1,0
1777305539.604,208.622,694,0,0,0,0
1777305539.701,208.719,694,0,0,0,0
1777305539.813,208.831,694,0,0,0,0
1777305539.924,208.942,694,0,0,0,0
1777305540.021,209.038,694,0,0,0,0
1777305540.132,209.150,693,0,0,0,0
1777305540.228,209.246,693,0,1,1,0
1777305540.341,209.358,693,0,1,0,0
1777305540.436,209.454,694,0,2,2,0
1777305540.549,209.566,695,0,1,0,0
1777305540.660,209.678,695,0,3,3,0
1777305540.756,209.774,695,0,1,0,0
1777305540.869,209.886,696,0,2,2,0
1777305540.966,209.984,695,0,2,0,0
1777305541.075,210.094,695,0,1,1,0
1777305541.172,210.190,695,0,0,0,0
1777305541.283,210.301,695,0,0,0,0
1777305541.398,210.415,695,0,0,0,0
1777305541.493,210.510,695,0,0,0,0
1777305541.604,210.622,695,0,0,0,0
1777305541.699,210.718,695,0,0,0,0
1777305541.812,210.829,695,0,0,0,0
1777305541.908,210.926,695,0,0,0,0
1777305542.019,211.037,695,0,0,0,0
1777305542.131,211.149,696,0,0,0,0
1777305542.228,211.245,695,0,1,0,0
1777305542.340,211.357,696,0,1,1,0
1777305542.436,211.454,695,0,2,0,0
1777305542.546,211.564,695,0,1,1,0
1777305542.643,211.661,695,0,0,0,0
1777305542.755,211.773,695,0,1,1,0
1777305542.867,211.885,695,0,1,0,0
1777305542.963,211.981,695,0,1,1,0
1777305543.074,212.092,695,0,1,0,0
1777305543.171,212.188,695,0,1,1,0
1777305543.283,212.300,694,0,1,0,0
1777305543.377,212.396,695,0,1,0,0
1777305543.490,212.508,695,0,2,2,0
1777305543.601,212.620,695,0,2,0,0
1777305543.698,212.716,694,0,3,3,0
1777305543.809,212.827,696,0,1,0,0
1777305543.906,212.924,696,0,2,2,0
1777305544.019,213.036,695,0,2,0,0
1777305544.114,213.132,695,0,1,1,0
1777305544.225,213.243,696,0,1,0,0
1777305544.338,213.356,694,0,0,0,0
1777305544.435,213.452,695,0,0,0,0
1777305544.546,213.563,695,0,0,0,0
1777305544.641,213.659,695,0,0,0,0
1777305544.762,213.771,695,0,0,0,0
1777305544.849,213.867,695,0,0,0,0
1777305544.961,213.979,695,0,1,1,0
1777305545.073,214.091,695,0,1,0,0
1777305545.169,214.187,694,0,1,1,0
1777305545.282,214.299,694,0,1,0,0
1777305545.376,214.395,694,0,2,2,0
1777305545.490,214.507,695,0,2,0,0
1777305545.601,214.619,695,0,3,3,0
1777305545.697,214.715,694,0,1,0,0
1777305545.809,214.827,694,0,2,2,0
1777305545.907,214.923,694,0,7,0,0
1777305546.018,215.035,694,0,0,0,0
1777305546.113,215.131,694,0,0,0,0
1777305546.223,215.242,693,0,0,0,0
1777305546.321,215.339,694,0,0,0,0
1777305546.432,215.450,693,0,0,0,0
1777305546.545,215.562,693,0,0,0,0
1777305546.641,215.658,692,0,0,0,0
1777305546.758,215.773,692,0,1,0,0
1777305546.849,215.867,691,0,2,2,0
1777305546.961,215.978,692,0,1,0,0
1777305547.056,216.074,691,0,2,0,0
1777305547.169,216.186,690,0,3,3,0
1777305547.280,216.298,690,0,1,0,0
1777305547.377,216.394,691,0,2,2,0
1777305547.490,216.506,691,0,1,0,0
1777305547.584,216.602,691,0,1,1,0
1777305547.699,216.714,691,0,0,0,0
1777305547.808,216.825,691,0,0,0,0
1777305547.905,216.922,691,0,0,0,0
1777305548.016,217.033,691,0,1,1,0
1777305548.114,217.130,692,0,1,0,0
1777305548.223,217.241,691,0,1,1,0
1777305548.321,217.338,691,0,1,0,0
1777305548.432,217.449,691,0,2,2,0
1777305548.527,217.545,691,0,2,0,0
1777305548.640,217.658,692,0,2,2,0
1777305548.752,217.769,692,0,1,0,0
1777305548.848,217.865,691,0,0,0,0
1777305548.959,217.977,692,0,0,0,0
1777305549.058,218.073,692,0,0,0,0
1777305549.166,218.185,692,0,0,0,0
1777305549.278,218.296,692,0,0,0,0
1777305549.380,218.393,692,0,0,0,0
1777305549.487,218.504,692,0,0,0,0
1777305549.583,218.601,691,0,0,0,0
1777305549.695,218.712,692,0,1,1,0
1777305549.792,218.809,692,0,0,0,0
1777305549.902,218.920,692,0,1,1,0
1777305550.015,219.032,692,0,1,0,0
1777305550.111,219.128,693,0,2,2,0
1777305550.223,219.241,693,0,2,0,0
1777305550.318,219.336,693,0,2,2,0
1777305550.429,219.447,692,0,3,0,0
1777305550.527,219.544,692,0,2,0,0
1777305550.638,219.656,693,0,3,3,0
1777305550.734,219.752,692,0,2,0,0
1777305550.846,219.864,693,0,2,2,0
1777305550.957,219.975,693,0,1,0,0
1777305551.054,220.072,693,0,2,2,0
1777305551.166,220.183,694,0,1,0,0
1777305551.262,220.280,693,0,0,0,0
1777305551.373,220.391,692,0,0,0,0
1777305551.485,220.503,692,0,0,0,0
1777305551.582,220.599,693,0,0,0,0
1777305551.693,220.711,693,0,0,0,0
1777305551.791,220.808,693,0,1,0,0
1777305551.901,220.919,691,0,1,1,0
1777305551.998,221.016,691,0,0,0,0
1777305552.110,221.127,691,0,2,2,0
1777305552.206,221.223,691,0,4,0,0
1777305552.318,221.335,691,0,0,0,0
1777305552.429,221.447,690,0,1,0,0
1777305552.526,221.543,691,0,0,0,0
1777305552.637,221.654,692,0,0,0,0
1777305552.733,221.751,692,0,0,0,0
1777305552.844,221.862,692,0,0,0,0
1777305552.956,221.974,692,0,1,1,0
1777305553.053,222.070,691,0,1,0,0
1777305553.165,222.183,692,0,2,2,0
1777305553.260,222.278,691,0,2,0,0
1777305553.371,222.390,690,0,2,2,0
1777305553.468,222.486,690,0,1,0,0
1777305553.581,222.598,690,0,2,2,0
1777305553.692,222.709,690,0,0,0,0
1777305553.789,222.806,690,0,0,0,0
1777305553.900,222.917,690,0,0,0,0
1777305553.997,223.014,691,0,0,0,0
1777305554.108,223.126,690,0,1,0,0
1777305554.209,223.226,691,0,1,0,0
1777305554.319,223.336,691,0,1,1,0
1777305554.413,223.430,691,0,1,0,0
1777305554.523,223.542,691,0,2,2,0
1777305554.635,223.653,691,0,2,0,0
1777305554.733,223.750,692,0,2,2,0
1777305554.843,223.861,692,1,2,0,0
1777305554.939,223.957,690,0,2,2,0
1777305555.051,224.069,691,0,2,0,0
1777305555.165,224.181,691,0,1,1,0
1777305555.259,224.277,690,0,1,0,0
1777305555.371,224.389,691,0,0,0,0
1777305555.468,224.486,691,0,0,0,0
1777305555.580,224.597,691,0,0,0,0
1777305555.674,224.693,692,0,7,0,0
1777305555.787,224.805,691,0,1,1,0
1777305555.899,224.917,690,0,2,0,0
1777305555.996,225.013,690,0,1,1,0
1777305556.106,225.124,691,0,2,0,0
1777305556.203,225.221,691,0,1,1,0
1777305556.314,225.332,690,0,0,0,0
1777305556.410,225.428,692,0,0,0,0
1777305556.522,225.540,692,0,1,0,0
1777305556.634,225.652,693,0,1,1,0
1777305556.730,225.748,693,0,1,0,0
1777305556.842,225.859,694,1,0,0,0
1777305556.939,225.956,695,0,0,0,0
1777305557.051,226.068,697,0,0,0,0
1777305557.146,226.164,698,0,0,0,0
1777305557.259,226.276,699,0,0,0,0
1777305557.369,226.387,695,0,0,0,0
1777305557.467,226.484,682,0,1,1,0
1777305557.578,226.595,699,0,1,0,0
1777305557.673,226.691,703,0,2,2,0
1777305557.786,226.803,703,0,2,0,0
1777305557.882,226.900,702,0,1,0,0
1777305557.994,227.012,702,0,3,3,0
1777305558.105,227.123,701,0,1,0,0
1777305558.202,227.219,700,0,2,2,0
1777305558.313,227.331,700,0,0,0,0
1777305558.409,227.427,700,0,0,0,0
1777305558.521,227.539,700,0,0,0,0
1777305558.617,227.635,699,0,0,0,0
1777305558.729,227.747,699,0,0,0,0
1777305558.841,227.858,698,0,2,2,0
1777305558.937,227.955,699,0,1,0,0
1777305559.049,228.067,699,0,1,1,0
1777305559.145,228.163,698,0,1,0,0
1777305559.257,228.274,699,0,0,0,0
1777305559.352,228.371,699,0,0,0,0
1777305559.466,228.483,699,0,0,0,0
1777305559.577,228.594,699,0,0,0,0
1777305559.672,228.690,699,0,0,0,0
1777305559.784,228.802,699,0,0,0,0
1777305559.881,228.898,700,0,0,0,0
1777305559.992,229.010,699,0,0,0,0
1777305560.089,229.106,698,0,1,1,0
1777305560.200,229.218,698,0,1,0,0
1777305560.312,229.329,698,0,3,3,0
1777305560.409,229.426,698,0,2,0,0
1777305560.520,229.537,697,1,2,2,0
1777305560.615,229.633,696,0,1,0,0
1777305560.727,229.745,696,0,3,0,0
1777305560.824,229.842,696,0,1,1,0
1777305560.935,229.953,696,0,1,0,0
1777305561.047,230.065,696,0,0,0,0
1777305561.143,230.161,697,0,0,0,0
1777305561.255,230.273,695,0,1,1,0
1777305561.351,230.369,697,0,0,0,0
1777305561.463,230.481,697,0,0,0,0
1777305561.559,230.577,696,0,0,0,0
1777305561.670,230.688,696,0,0,0,0
1777305561.782,230.800,697,0,0,0,0
1777305561.879,230.897,697,0,0,0,0
1777305561.991,231.008,696,0,1,0,0
1777305562.086,231.104,697,0,1,1,0
1777305562.198,231.216,695,0,3,0,0
1777305562.295,231.313,698,0,2,2,0
1777305562.406,231.424,697,0,2,0,0
1777305562.522,231.539,697,0,1,1,0
1777305562.615,231.632,697,0,2,0,0
1777305562.726,231.744,697,0,1,1,0
1777305562.823,231.841,696,0,0,0,0
1777305562.933,231.952,697,0,0,0,0
1777305563.029,232.048,697,0,0,0,0
1777305563.141,232.159,696,0,0,0,0
1777305563.254,232.272,696,0,0,0,0
1777305563.350,232.368,696,0,1,1,0
1777305563.462,232.479,695,0,1,0,0
1777305563.559,232.576,696,0,2,2,0
1777305563.669,232.687,696,0,3,0,0
1777305563.782,232.799,696,0,1,1,0
1777305563.878,232.896,696,0,1,0,0
1777305563.990,233.007,696,0,1,1,0
1777305564.086,233.104,696,0,0,0,0
1777305564.197,233.215,696,0,0,0,0
1777305564.294,233.311,696,0,1,1,0
1777305564.405,233.423,696,0,1,0,0
1777305564.502,233.519,697,0,3,3,0
1777305564.612,233.631,696,0,1,0,0
1777305564.724,233.742,696,0,1,1,0
1777305564.820,233.839,698,0,0,0,0
1777305564.937,233.952,697,0,1,1,0
1777305565.030,234.047,697,0,0,0,0
1777305565.141,234.159,695,0,0,0,0
1777305565.238,234.255,696,0,0,0,0
1777305565.348,234.366,696,0,1,1,0
1777305565.461,234.478,697,0,1,0,0
1777305565.556,234.574,696,0,1,1,0
1777305565.668,234.686,696,0,1,0,0
1777305565.766,234.783,696,0,2,2,0
1777305565.877,234.894,697,0,1,0,0
1777305565.988,235.006,696,0,2,2,0
1777305566.085,235.102,697,0,1,0,0
1777305566.197,235.214,697,0,1,1,0
1777305566.292,235.310,697,0,1,0,0
1777305566.405,235.422,697,0,0,0,0
1777305566.500,235.518,697,0,0,0,0
1777305566.611,235.630,698,0,0,0,0
1777305566.707,235.726,697,0,0,0,0
1777305566.820,235.837,697,0,0,0,0
1777305566.932,235.949,697,0,0,0,0
1777305567.028,236.045,696,0,0,0,0
1777305567.141,236.158,697,0,0,0,0
1777305567.236,236.254,697,0,0,0,0
1777305567.347,236.365,698,0,1,0,0
1777305567.459,236.477,697,0,1,1,0
1777305567.557,236.573,697,0,1,0,0
1777305567.667,236.685,698,0,1,1,0
1777305567.764,236.782,698,0,1,0,0
1777305567.875,236.893,697,0,1,0,0
1777305567.972,236.989,699,0,1,1,0
1777305568.083,237.101,698,0,2,0,0
1777305568.180,237.197,697,0,0,0,0
1777305568.291,237.309,697,0,1,0,0
1777305568.403,237.421,698,0,0,0,0
1777305568.498,237.516,698,0,0,0,0
1777305568.612,237.628,698,0,0,0,0
1777305568.707,237.725,699,0,1,0,0
1777305568.819,237.836,700,0,1,1,0
1777305568.931,237.948,700,0,1,0,0
1777305569.027,238.045,699,0,3,3,0
1777305569.137,238.156,699,0,1,0,0
1777305569.234,238.252,699,0,1,1,0
1777305569.345,238.364,700,0,1,0,0
1777305569.442,238.460,699,0,0,0,0
1777305569.554,238.572,699,0,0,0,0
1777305569.665,238.683,699,0,0,0,0
1777305569.763,238.780,699,0,0,0,0
1777305569.873,238.891,699,0,1,1,0
1777305569.971,238.988,698,0,1,0,0
1777305570.082,239.100,698,0,2,2,0
1777305570.183,239.197,698,0,1,0,0
1777305570.296,239.313,698,0,3,3,0
1777305570.386,239.404,698,0,2,0,0
1777305570.498,239.516,697,0,1,1,0
1777305570.609,239.627,697,0,1,0,0
1777305570.707,239.725,697,0,0,0,0
1777305570.817,239.835,697,0,0,0,0
1777305570.913,239.931,698,0,0,0,0
1777305571.026,240.043,696,0,0,0,0
1777305571.121,240.139,697,0,1,0,0
1777305571.233,240.251,696,0,3,3,0
1777305571.346,240.363,697,0,2,0,0
1777305571.442,240.459,696,0,2,2,0
1777305571.553,240.571,697,0,1,0,0
1777305571.651,240.669,697,0,1,1,0
1777305571.761,240.779,697,0,0,0,0
1777305571.873,240.890,697,0,0,0,0
1777305571.968,240.986,697,0,0,0,0
1777305572.080,241.098,697,0,0,0,0
1777305572.176,241.194,697,0,0,0,0
1777305572.287,241.306,696,0,0,0,0
1777305572.385,241.403,697,0,1,0,0
1777305572.496,241.514,696,0,1,1,0
1777305572.593,241.610,696,0,2,0,0
1777305572.706,241.722,697,0,2,2,0
1777305572.816,241.834,698,0,3,0,0
1777305572.914,241.930,699,0,2,2,0
1777305573.023,242.042,698,0,1,0,0
1777305573.119,242.138,697,0,0,0,0
1777305573.232,242.250,697,0,0,0,0
1777305573.345,242.361,696,0,0,0,0
1777305573.439,242.457,696,0,0,0,0
1777305573.552,242.570,698,0,0,0,0
1777305573.648,242.666,699,0,0,0,0
1777305573.759,242.777,699,0,1,1,0
1777305573.855,242.873,698,0,0,0,0
1777305573.969,242.985,697,0,1,1,0
1777305574.065,243.082,699,0,0,0,0
1777305574.175,243.193,699,0,0,0,0
1777305574.286,243.305,699,0,1,0,0
1777305574.384,243.401,699,0,1,1,0
1777305574.495,243.513,699,0,0,0,0
1777305574.591,243.609,698,0,1,1,0
1777305574.704,243.721,699,0,4,0,0
1777305574.814,243.833,700,0,3,0,0
1777305574.912,243.929,699,0,2,2,0
1777305575.023,244.041,700,0,2,0,0
1777305575.119,244.137,699,0,3,3,0
1777305575.232,244.248,699,0,1,0,0
1777305575.342,244.360,700,0,1,1,0
1777305575.439,244.457,700,0,1,0,0
1777305575.550,244.568,699,0,1,1,0
1777305575.650,244.664,699,0,0,0,0
1777305575.758,244.776,699,0,0,0,0
1777305575.855,244.872,699,0,0,0,0
1777305575.967,244.984,700,0,0,0,0
1777305576.062,245.080,699,0,0,0,0
1777305576.175,245.192,700,0,0,0,0
1777305576.270,245.288,699,0,1,0,0
1777305576.383,245.401,700,0,1,1,0
1777305576.494,245.512,700,0,1,0,0
1777305576.590,245.608,700,0,2,2,0
1777305576.701,245.720,700,0,3,0,0
1777305576.798,245.816,699,0,1,1,0
1777305576.910,245.928,700,0,0,0,0
1777305577.022,246.039,699,0,0,0,0
1777305577.118,246.136,699,0,0,0,0
1777305577.229,246.247,699,0,0,0,0
1777305577.325,246.343,700,0,0,0,0
1777305577.437,246.455,700,0,1,1,0
1777305577.550,246.567,700,0,1,0,0
1777305577.645,246.663,700,0,2,0,0
1777305577.757,246.775,701,0,2,2,0
1777305577.853,246.871,700,0,2,0,0
1777305577.965,246.983,699,0,2,2,0
1777305578.061,247.079,699,0,1,0,0
1777305578.172,247.191,699,0,2,2,0
1777305578.269,247.287,700,0,1,0,0
1777305578.380,247.399,699,0,1,1,0
1777305578.478,247.496,699,0,1,0,0
1777305578.588,247.607,699,0,1,1,0
1777305578.700,247.718,699,0,1,0,0
1777305578.799,247.815,699,0,0,0,0
1777305578.909,247.926,699,0,0,0,0
1777305579.006,248.023,698,0,0,0,0
1777305579.117,248.134,700,0,0,0,0
1777305579.228,248.246,699,0,0,0,0
1777305579.325,248.342,700,0,0,0,0
1777305579.436,248.454,699,0,1,1,0
1777305579.533,248.550,699,0,0,0,0
1777305579.644,248.662,700,0,0,0,0
1777305579.740,248.758,700,0,0,0,0
1777305579.853,248.870,700,0,0,0,0
1777305579.964,248.981,699,0,0,0,0
1777305580.060,249.077,699,0,0,0,0
1777305580.173,249.190,700,0,0,0,0
1777305580.269,249.286,699,0,0,0,0
1777305580.380,249.398,700,0,1,0,0
1777305580.476,249.494,700,0,1,0,0
1777305580.589,249.606,699,0,1,1,0
1777305580.683,249.701,699,0,1,0,0
1777305580.796,249.813,699,0,2,2,0
1777305580.907,249.925,699,0,1,0,0
1777305581.006,250.023,699,0,2,2,0
1777305581.117,250.134,700,0,2,0,0
1777305581.227,250.245,700,0,1,1,0
1777305581.324,250.341,699,0,0,0,0
1777305581.434,250.453,700,0,1,1,0
1777305581.532,250.550,700,0,1,0,0
1777305581.643,250.661,699,0,0,0,0
1777305581.739,250.757,700,0,0,0,0
1777305581.850,250.868,700,0,0,0,0
1777305581.950,250.965,699,0,0,0,0
1777305582.060,251.077,700,0,0,0,0
1777305582.171,251.188,699,0,0,0,0
1777305582.267,251.285,699,0,0,0,0
1777305582.378,251.396,700,0,1,0,0
1777305582.475,251.492,700,0,1,1,0
1777305582.587,251.604,700,0,1,0,0
1777305582.682,251.700,699,0,1,1,0
1777305582.794,251.812,700,0,2,0,0
1777305582.906,251.924,699,0,1,1,0
1777305583.001,252.020,699,0,2,0,0
1777305583.114,252.131,700,0,1,0,0
1777305583.210,252.228,699,0,2,2,0
1777305583.322,252.340,699,0,1,0,0
1777305583.418,252.436,699,0,1,1,0
1777305583.529,252.547,700,0,0,0,0
1777305583.642,252.659,699,0,0,0,0
1777305583.737,252.755,699,0,0,0,0
1777305583.850,252.867,699,0,0,0,0
1777305583.946,252.964,698,0,1,0,0
1777305584.058,253.076,700,0,0,0,0
1777305584.155,253.172,699,0,2,0,0
1777305584.266,253.284,700,0,1,1,0
1777305584.377,253.395,698,0,2,0,0
1777305584.474,253.492,699,0,1,1,0
1777305584.585,253.603,699,0,1,0,0
1777305584.682,253.700,699,0,0,0,0
1777305584.793,253.811,700,0,0,0,0
1777305584.889,253.907,699,0,0,0,0
1777305585.001,254.019,699,0,0,0,0
1777305585.113,254.131,698,0,2,2,0
1777305585.210,254.227,699,0,3,0,0
1777305585.321,254.339,699,0,2,2,0
1777305585.417,254.435,699,0,0,0,0
1777305585.528,254.547,700,0,1,1,0
1777305585.626,254.643,699,0,0,0,0
1777305585.736,254.755,699,0,0,0,0
1777305585.848,254.866,699,0,0,0,0
1777305585.944,254.962,698,0,1,1,0
1777305586.056,255.074,699,0,2,0,0
1777305586.152,255.170,699,0,2,2,0
1777305586.264,255.282,700,0,0,0,0
1777305586.360,255.378,700,0,1,0,0
1777305586.475,255.490,699,0,0,0,0
1777305586.569,255.587,699,0,0,0,0
1777305586.681,255.698,699,0,1,1,0
1777305586.793,255.810,699,0,2,0,0
1777305586.888,255.906,699,0,1,1,0
1777305587.002,256.020,699,0,2,0,0
1777305587.097,256.114,699,0,0,0,0
1777305587.208,256.226,700,0,0,0,0
1777305587.320,256.338,700,0,0,0,0
1777305587.415,256.433,699,0,0,0,0
1777305587.527,256.545,699,0,0,0,0
1777305587.623,256.641,699,0,1,0,0
1777305587.735,256.753,699,0,2,2,0
1777305587.850,256.865,700,0,2,0,0
1777305587.942,256.961,699,0,1,1,0
1777305588.054,257.073,700,0,0,0,0
1777305588.150,257.169,699,0,0,0,0
1777305588.264,257.281,699,0,0,0,0
1777305588.359,257.377,699,0,1,1,0
1777305588.471,257.489,700,0,2,0,0
1777305588.567,257.585,699,0,1,1,0
1777305588.679,257.697,699,0,1,0,0
1777305588.791,257.809,699,0,0,0,0
1777305588.886,257.905,698,0,1,0,0
1777305588.999,258.017,699,0,1,1,0
1777305589.094,258.112,700,0,2,0,0
1777305589.208,258.225,700,0,1,1,0
1777305589.318,258.336,700,0,1,0,0
1777305589.414,258.432,701,0,0,0,0
1777305589.526,258.544,697,0,0,0,0
1777305589.623,258.641,699,0,0,0,0
1777305589.734,258.752,697,0,1,1,0
1777305589.829,258.848,696,0,1,0,0
1777305589.942,258.960,697,0,2,2,0
1777305590.039,259.056,694,0,1,0,0
1777305590.151,259.168,694,0,3,3,0
1777305590.261,259.280,694,0,0,0,0
1777305590.358,259.376,693,0,1,1,0
1777305590.469,259.487,693,0,1,0,0
1777305590.566,259.584,695,0,2,2,0
1777305590.678,259.695,697,0,1,0,0
1777305590.775,259.792,694,0,1,1,0
1777305590.886,259.903,695,0,0,0,0
1777305590.998,260.015,693,0,0,0,0
1777305591.095,260.111,693,0,2,0,0
1777305591.204,260.223,693,0,1,1,0
1777305591.301,260.319,693,0,2,0,0
1777305591.415,260.432,692,0,0,0,0
1777305591.511,260.527,692,0,0,0,0
1777305591.622,260.639,692,0,0,0,0
1777305591.731,260.750,691,0,1,0,0
1777305591.829,260.847,691,0,0,0,0
1777305591.941,260.958,690,0,1,0,0
1777305592.038,261.055,688,0,1,1,0
1777305592.148,261.166,687,0,0,0,0
1777305592.245,261.263,686,0,1,1,0
1777305592.356,261.375,685,0,1,0,0
1777305592.468,261.486,686,0,2,2,0
1777305592.566,261.583,686,0,1,0,0
1777305592.676,261.694,687,0,1,1,0
1777305592.774,261.791,688,0,0,0,0
1777305592.883,261.902,687,0,0,0,0
1777305592.981,261.998,688,0,1,1,0
1777305593.092,262.110,688,0,1,0,0
1777305593.204,262.222,687,0,2,2,0
1777305593.300,262.318,688,0,3,0,0
1777305593.412,262.430,687,0,1,1,0
1777305593.508,262.526,688,0,1,0,0
1777305593.619,262.637,687,0,0,0,0
1777305593.716,262.734,688,0,0,0,0
1777305593.827,262.845,688,0,0,0,0
1777305593.939,262.957,688,0,0,0,0
1777305594.035,263.053,689,0,0,0,0
1777305594.148,263.165,688,0,0,0,0
1777305594.249,263.266,688,0,1,1,0
1777305594.357,263.374,688,0,1,0,0
1777305594.452,263.469,688,0,1,1,0
1777305594.564,263.581,690,0,2,0,0
1777305594.675,263.693,687,0,2,2,0
1777305594.771,263.789,687,0,2,0,0
1777305594.883,263.901,687,0,2,2,0
1777305594.980,263.998,688,0,1,0,0
1777305595.090,264.108,687,0,2,2,0
1777305595.186,264.205,688,0,2,0,0
1777305595.298,264.316,687,0,1,1,0
1777305595.410,264.428,687,0,1,0,0
1777305595.507,264.524,688,0,1,1,0
1777305595.618,264.636,687,0,1,0,0
1777305595.715,264.733,687,0,1,1,0
1777305595.825,264.844,687,0,0,0,0
1777305595.938,264.956,687,0,1,1,0
1777305596.034,265.052,687,0,1,0,0
1777305596.145,265.164,687,0,0,0,0
1777305596.242,265.260,688,0,1,1,0
1777305596.353,265.371,687,0,0,0,0
1777305596.449,265.468,687,0,0,0,0
1777305596.561,265.579,687,0,1,0,0
1777305596.659,265.676,688,0,0,0,0
1777305596.770,265.788,687,0,0,0,0
1777305596.882,265.899,687,0,0,0,0
1777305596.983,266.001,687,0,0,0,0
1777305597.092,266.110,688,0,0,0,0
1777305597.187,266.204,688,0,0,0,0
1777305597.303,266.319,688,0,0,0,0
1777305597.393,266.411,689,0,0,0,0
1777305597.506,266.524,689,0,1,1,0
1777305597.617,266.635,688,0,1,0,0
1777305597.714,266.731,689,0,2,2,0
1777305597.826,266.843,690,0,2,0,0
1777305597.922,266.940,692,0,2,2,0
1777305598.033,267.051,692,0,1,0,0
1777305598.129,267.147,693,0,1,1,0
1777305598.241,267.258,694,0,0,0,0
1777305598.352,267.371,696,0,0,0,0
1777305598.450,267.467,697,0,0,0,0
1777305598.561,267.579,698,0,0,0,0
1777305598.657,267.675,698,0,1,0,0
1777305598.769,267.786,698,0,1,1,0
1777305598.866,267.883,698,0,3,0,0
1777305598.977,267.995,697,0,2,2,0
1777305599.088,268.106,697,0,1,0,0
1777305599.185,268.203,698,0,0,0,0
1777305599.298,268.314,698,0,1,0,0
1777305599.393,268.410,697,0,0,0,0
1777305599.508,268.522,697,0,0,0,0
1777305599.618,268.634,698,0,0,0,0
1777305599.718,268.730,701,0,1,0,0
1777305599.829,268.845,698,0,0,0,0
1777305599.919,268.938,699,0,1,0,0
1777305600.035,269.049,698,0,2,0,0
1777305600.128,269.146,697,0,2,2,0
1777305600.242,269.258,697,0,1,0,0
1777305600.336,269.354,698,0,3,3,0
1777305600.449,269.466,698,0,2,0,0
1777305600.559,269.577,698,0,2,2,0
1777305600.655,269.673,699,0,1,0,0
1777305600.768,269.785,698,0,1,1,0
1777305600.864,269.881,699,0,0,0,0
1777305600.976,269.993,699,0,0,0,0
1777305601.070,270.089,698,0,0,0,0
1777305601.183,270.201,698,0,0,0,0
1777305601.295,270.313,698,0,0,0,0
1777305601.391,270.409,697,0,0,0,0
1777305601.502,270.520,697,0,1,0,0
1777305601.599,270.617,697,0,1,1,0
1777305601.711,270.729,697,0,2,0,0
1777305601.823,270.840,696,0,2,2,0
1777305601.918,270.936,697,0,1,0,0
1777305602.030,271.048,697,0,1,1,0
1777305602.126,271.144,697,0,1,0,0
1777305602.238,271.256,696,0,3,3,0
1777305602.334,271.352,697,0,2,0,0
1777305602.446,271.464,697,0,1,1,0
1777305602.542,271.560,696,0,2,0,0
1777305602.654,271.672,697,0,1,1,0
1777305602.770,271.784,696,0,1,0,0
1777305602.862,271.880,697,0,0,0,0
1777305602.975,271.992,697,0,0,0,0
1777305603.069,272.088,698,0,0,0,0
1777305603.182,272.200,697,0,0,0,0
1777305603.293,272.311,697,0,0,0,0
1777305603.391,272.408,696,0,0,0,0
1777305603.502,272.520,697,0,1,1,0
1777305603.599,272.616,695,0,1,0,0
1777305603.710,272.728,696,0,1,0,0
1777305603.806,272.824,696,0,2,2,0
1777305603.918,272.935,696,0,2,0,0
1777305604.029,273.047,696,0,2,2,0
1777305604.125,273.143,696,0,1,0,0
1777305604.238,273.255,696,0,2,2,0
1777305604.334,273.351,697,0,1,0,0
1777305604.445,273.463,697,0,1,1,0
1777305604.541,273.559,697,0,0,0,0
1777305604.653,273.671,697,0,0,0,0
1777305604.750,273.768,697,0,0,0,0
1777305604.862,273.879,698,0,0,0,0
1777305604.972,273.990,698,0,1,0,0
1777305605.074,274.090,699,0,1,1,0
1777305605.184,274.199,699,0,3,0,0
1777305605.277,274.295,699,0,1,1,0
1777305605.389,274.407,700,0,1,0,0
1777305605.501,274.518,700,0,2,2,0
1777305605.596,274.614,700,0,1,0,0
1777305605.709,274.726,700,0,1,1,0
1777305605.804,274.822,700,0,1,0,0
1777305605.917,274.934,701,0,1,1,0
1777305606.012,275.030,701,0,0,0,0
1777305606.124,275.142,702,0,1,1,0
1777305606.238,275.254,701,0,0,0,0
1777305606.333,275.350,701,0,0,0,0
1777305606.445,275.462,702,0,0,0,0
1777305606.541,275.559,702,0,0,0,0
1777305606.653,275.670,702,0,0,0,0
1777305606.749,275.767,702,0,0,0,0
1777305606.861,275.878,702,0,1,1,0
1777305606.971,275.990,701,0,2,0,0
1777305607.068,276.086,701,0,2,2,0
1777305607.179,276.197,701,0,1,0,0
1777305607.276,276.294,702,0,1,1,0
1777305607.388,276.405,702,0,0,0,0
1777305607.499,276.517,702,0,0,0,0
1777305607.596,276.614,702,1,0,0,0
1777305607.707,276.725,702,0,0,0,0
1777305607.805,276.821,702,0,0,0,0
1777305607.915,276.933,701,0,2,2,0
1777305608.011,277.029,702,0,1,0,0
1777305608.122,277.141,701,0,2,2,0
1777305608.236,277.252,700,0,1,0,0
1777305608.331,277.348,702,0,1,1,0
1777305608.442,277.460,701,0,0,0,0
1777305608.538,277.556,701,0,0,0,0
1777305608.650,277.668,701,0,0,0,0
1777305608.746,277.764,702,0,1,0,0
1777305608.858,277.876,701,0,1,1,0
1777305608.954,277.972,701,0,2,0,0
1777305609.066,278.084,701,0,2,2,0
1777305609.177,278.196,701,0,1,0,0
1777305609.273,278.292,700,0,0,0,0
1777305609.385,278.404,701,0,0,0,0
1777305609.481,278.500,701,0,0,0,0
1777305609.593,278.612,701,0,1,0,0
1777305609.705,278.723,701,0,1,1,0
1777305609.802,278.820,701,0,1,0,0
1777305609.913,278.931,703,0,1,1,0
1777305610.009,279.027,701,0,1,0,0
1777305610.121,279.139,701,0,0,0,0
1777305610.217,279.235,702,0,0,0,0
1777305610.328,279.347,700,0,1,1,0
1777305610.440,279.459,701,0,1,0,0
1777305610.539,279.556,701,0,1,1,0
1777305610.649,279.667,701,0,1,0,0
1777305610.745,279.763,701,0,1,1,0
1777305610.856,279.875,701,0,0,0,0
1777305610.953,279.971,701,0,0,0,0
1777305611.064,280.083,701,0,0,0,0
1777305611.160,280.179,700,0,1,0,0
1777305611.272,280.291,700,0,1,1,0
1777305611.384,280.402,700,0,3,0,0
1777305611.480,280.499,700,0,1,1,0
1777305611.592,280.610,700,0,1,0,0
1777305611.688,280.706,700,0,0,0,0
1777305611.800,280.818,700,0,0,0,0
1777305611.896,280.914,697,0,0,0,0
1777305612.008,281.026,697,0,0,0,0
1777305612.119,281.138,697,0,1,1,0
1777305612.215,281.234,697,0,1,0,0
1777305612.327,281.346,698,0,1,1,0
1777305612.423,281.442,698,0,2,0,0
1777305612.535,281.554,697,0,1,1,0
1777305612.631,281.650,698,0,1,0,0
1777305612.743,281.762,698,0,0,0,0
1777305612.855,281.874,699,0,0,0,0
1777305612.952,281.970,697,0,0,0,0
1777305613.063,282.081,697,0,0,0,0
1777305613.159,282.178,698,0,1,1,0
1777305613.271,282.289,698,0,3,0,0
1777305613.367,282.385,698,0,3,3,0
1777305613.479,282.497,698,0,1,0,0
1777305613.590,282.609,700,0,2,2,0
1777305613.687,282.705,701,0,0,0,0
1777305613.799,282.817,701,0,0,0,0
1777305613.894,282.913,702,0,0,0,0
1777305614.006,283.025,701,0,0,0,0
1777305614.118,283.137,701,0,0,0,0
1777305614.214,283.233,701,0,1,0,0
1777305614.326,283.345,702,0,2,2,0
1777305614.422,283.441,702,0,1,0,0
1777305614.534,283.552,702,0,1,1,0
1777305614.630,283.649,702,0,0,0,0
1777305614.742,283.760,702,0,2,2,0
1777305614.854,283.872,702,0,0,0,0
1777305614.950,283.968,702,0,0,0,0
1777305615.062,284.080,702,0,0,0,0
1777305615.158,284.176,701,0,1,1,0
1777305615.270,284.288,701,0,2,0,0
1777305615.366,284.384,701,0,2,2,0
1777305615.477,284.496,702,0,1,0,0
1777305615.589,284.608,701,0,0,0,0
1777305615.686,284.704,702,0,0,0,0
1777305615.797,284.816,702,0,0,0,0
1777305615.893,284.912,702,0,1,0,0
1777305616.005,285.024,702,0,1,1,0
1777305616.101,285.120,701,0,2,0,0
1777305616.213,285.231,702,0,1,1,0
1777305616.325,285.343,703,0,2,0,0
1777305616.421,285.439,702,0,0,0,0
1777305616.533,285.551,702,0,0,0,0
1777305616.629,285.647,702,0,0,0,0
1777305616.741,285.759,702,0,0,0,0
1777305616.837,285.855,703,0,2,0,0
1777305616.949,285.967,702,0,2,2,0
1777305617.061,286.079,702,0,1,0,0
1777305617.158,286.176,702,0,1,1,0
1777305617.269,286.287,702,0,0,0,0
1777305617.365,286.383,702,0,0,0,0
1777305617.476,286.495,702,0,1,0,0
1777305617.574,286.592,701,0,2,2,0
1777305617.685,286.703,702,0,2,0,0
1777305617.798,286.815,702,0,1,1,0
1777305617.894,286.911,701,0,0,0,0
1777305618.005,287.023,702,0,0,0,0
1777305618.101,287.119,701,0,1,0,0
1777305618.212,287.230,701,0,2,2,0
1777305618.309,287.327,702,0,1,0,0
1777305618.423,287.440,702,0,1,1,0
1777305618.536,287.551,701,0,0,0,0
1777305618.630,287.647,702,0,0,0,0
1777305618.741,287.759,702,0,0,0,0
1777305618.836,287.854,702,0,2,0,0
1777305618.949,287.966,705,0,0,0,0
1777305619.047,288.062,702,0,1,0,0
1777305619.156,288.174,702,0,0,0,0
1777305619.268,288.286,702,0,1,0,0
1777305619.365,288.383,701,0,1,1,0
1777305619.475,288.494,702,0,1,0,0
1777305619.573,288.590,700,0,0,0,0
1777305619.684,288.701,699,0,0,0,0
1777305619.780,288.798,699,0,1,1,0
1777305619.892,288.910,696,0,1,0,0
1777305619.988,289.006,697,0,3,3,0
1777305620.100,289.118,697,0,0,0,0
1777305620.212,289.230,698,0,0,0,0
1777305620.308,289.326,699,0,0,0,0
1777305620.420,289.438,698,0,1,1,0
1777305620.516,289.533,698,0,3,0,0
1777305620.627,289.645,698,0,1,1,0
1777305620.723,289.741,698,0,0,0,0
1777305620.836,289.854,698,0,0,0,0
1777305620.947,289.965,697,0,0,0,0
1777305621.045,290.062,698,0,1,1,0
1777305621.154,290.173,698,0,1,0,0
1777305621.251,290.269,699,0,2,2,0
1777305621.367,290.383,698,0,1,0,0
1777305621.475,290.492,698,0,0,0,0
1777305621.570,290.588,698,0,0,0,0
1777305621.682,290.700,698,0,0,0,0
1777305621.779,290.797,697,0,1,0,0
1777305621.891,290.909,698,0,2,2,0
1777305621.987,291.005,697,0,2,0,0
1777305622.099,291.116,698,0,1,0,0
1777305622.195,291.212,696,0,0,0,0
1777305622.306,291.324,697,0,0,0,0
1777305622.419,291.436,697,0,0,0,0
1777305622.513,291.532,697,0,0,0,0
1777305622.627,291.644,699,0,0,0,0
1777305622.722,291.740,697,0,0,0,0
1777305622.834,291.852,697,0,1,1,0
1777305622.929,291.948,697,0,2,0,0
1777305623.042,292.060,698,0,1,1,0
1777305623.154,292.172,699,0,2,0,0
1777305623.249,292.268,697,0,1,1,0
1777305623.361,292.379,698,0,2,0,0
1777305623.458,292.476,698,0,1,1,0
1777305623.569,292.587,698,0,1,0,0
1777305623.669,292.687,697,0,1,1,0
1777305623.777,292.795,699,0,1,0,0
1777305623.889,292.907,699,0,1,1,0
1777305623.989,293.006,699,0,1,0,0
1777305624.103,293.120,699,0,2,2,0
1777305624.194,293.212,699,0,1,0,0
1777305624.304,293.323,699,0,2,2,0
1777305624.400,293.419,699,0,0,0,0
1777305624.514,293.531,699,0,1,1,0
1777305624.624,293.642,700,0,0,0,0
1777305624.723,293.739,701,0,0,0,0
1777305624.833,293.851,701,0,0,0,0
1777305624.946,293.962,701,0,0,0,0
1777305625.041,294.058,701,0,0,0,0
1777305625.153,294.170,701,0,0,0,0
1777305625.249,294.267,700,0,0,0,0
1777305625.361,294.378,701,0,0,0,0
1777305625.456,294.474,702,0,1,1,0
1777305625.569,294.586,700,0,0,0,0
1777305625.664,294.682,700,0,0,0,0
1777305625.775,294.794,701,0,0,0,0
1777305625.888,294.906,700,0,1,1,0
1777305625.986,295.002,700,0,0,0,0
1777305626.096,295.114,700,0,0,0,0
1777305626.192,295.210,699,0,0,0,0
1777305626.304,295.322,700,0,1,1,0
1777305626.403,295.418,700,0,1,0,0
1777305626.517,295.532,700,0,1,1,0
1777305626.623,295.642,700,0,1,0,0
1777305626.721,295.738,700,0,1,1,0
1777305626.836,295.852,700,0,1,0,0
1777305626.929,295.946,700,0,1,1,0
1777305627.040,296.057,700,0,1,0,0
1777305627.151,296.169,700,0,1,1,0
1777305627.249,296.266,701,0,1,0,0
1777305627.360,296.377,700,0,1,1,0
1777305627.456,296.474,701,0,1,0,0
1777305627.568,296.585,701,0,1,1,0
1777305627.665,296.682,703,0,1,0,0
1777305627.776,296.793,700,0,1,0,0
1777305627.872,296.889,702,0,0,0,0
1777305627.983,297.001,702,0,0,0,0
1777305628.096,297.113,702,0,0,0,0
1777305628.190,297.208,700,0,0,0,0
1777305628.303,297.321,701,0,0,0,0
1777305628.401,297.417,704,0,0,0,0
1777305628.510,297.528,706,0,0,0,0
1777305628.605,297.624,707,0,0,0,0
1777305628.718,297.736,705,0,1,1,0
1777305628.830,297.848,702,0,2,0,0
1777305628.927,297.944,694,0,1,1,0
1777305629.038,298.056,697,0,1,0,0
1777305629.139,298.154,710,0,2,2,0
1777305629.247,298.265,720,0,2,0,0
1777305629.358,298.376,721,0,3,3,0
1777305629.454,298.472,724,0,1,0,0
1777305629.566,298.584,723,0,1,1,0
1777305629.662,298.680,716,0,1,0,0
1777305629.774,298.792,720,0,1,1,0
1777305629.868,298.887,716,0,0,0,0
1777305629.983,299.000,711,0,0,0,0
1777305630.078,299.096,724,0,0,0,0
1777305630.190,299.208,724,0,0,0,0
1777305630.301,299.319,725,0,0,0,0
1777305630.399,299.416,724,0,0,0,0
1777305630.510,299.527,709,0,1,1,0
1777305630.606,299.624,718,0,1,0,0
1777305630.717,299.735,720,0,2,2,0
1777305630.813,299.831,719,0,2,0,0
1777305630.926,299.944,711,0,2,2,0
1777305631.037,300.055,715,0,2,0,0
1777305631.133,300.151,722,0,1,1,0
1777305631.245,300.263,724,0,1,0,0
1777305631.342,300.359,724,0,1,1,0
1777305631.453,300.471,710,0,0,0,0
1777305631.565,300.582,714,0,0,0,0
1777305631.661,300.678,719,0,0,0,0
1777305631.772,300.790,720,0,1,1,0
1777305631.870,300.888,717,0,1,0,0
1777305631.980,300.998,718,0,1,1,0
1777305632.078,301.095,725,0,2,0,0
1777305632.189,301.206,725,0,0,0,0
1777305632.284,301.302,725,0,0,0,0
1777305632.397,301.414,723,0,0,0,0
1777305632.509,301.526,711,0,0,0,0
1777305632.605,301.622,722,0,0,0,0
1777305632.716,301.734,723,0,1,1,0
1777305632.811,301.830,721,0,1,0,0
1777305632.925,301.942,715,0,3,3,0
1777305633.020,302.038,720,0,2,0,0
1777305633.133,302.150,727,0,1,1,0
1777305633.243,302.261,727,0,1,0,0
1777305633.339,302.357,725,0,0,0,0
1777305633.451,302.470,710,0,0,0,0
1777305633.549,302.566,717,0,0,0,0
1777305633.661,302.678,723,0,0,0,0
1777305633.772,302.789,723,0,0,0,0
1777305633.868,302.886,721,0,1,0,0
1777305633.980,302.997,710,0,2,2,0
1777305634.075,303.093,719,0,1,0,0
1777305634.188,303.205,726,0,2,2,0
1777305634.283,303.301,726,0,1,0,0
1777305634.394,303.412,714,0,1,1,0
1777305634.506,303.525,712,0,0,0,0
1777305634.603,303.622,721,0,0,0,0
1777305634.714,303.732,723,0,0,0,0
1777305634.809,303.828,723,0,0,0,0
1777305634.922,303.940,714,0,1,1,0
1777305635.018,304.036,713,0,1,0,0
1777305635.132,304.149,723,0,2,2,0
1777305635.227,304.244,725,0,2,0,0
1777305635.339,304.357,720,0,1,1,0
1777305635.451,304.468,710,0,1,0,0
1777305635.548,304.564,711,0,0,0,0
1777305635.658,304.676,718,0,0,0,0
1777305635.755,304.773,717,0,0,0,0
1777305635.866,304.884,710,0,0,0,0
1777305635.978,304.996,711,0,1,1,0
1777305636.074,305.092,723,0,2,0,0
1777305636.186,305.204,723,0,1,1,0
1777305636.281,305.299,723,0,1,0,0
1777305636.394,305.412,714,0,0,0,0
1777305636.488,305.507,705,0,0,0,0
1777305636.601,305.619,707,0,0,0,0
1777305636.714,305.731,710,0,0,0,0
1777305636.810,305.828,706,0,3,3,0
1777305636.921,305.939,707,0,1,0,0
1777305637.017,306.035,719,0,1,0,0
1777305637.129,306.147,721,0,1,1,0
1777305637.225,306.243,721,0,0,0,0
1777305637.337,306.355,720,0,0,0,0
1777305637.434,306.451,712,0,0,0,0
1777305637.545,306.563,704,0,1,1,0
1777305637.657,306.675,704,0,1,0,0
1777305637.754,306.771,705,0,1,1,0
1777305637.865,306.882,704,0,1,0,0
1777305637.961,306.979,711,0,1,1,0
1777305638.074,307.091,719,0,0,0,0
1777305638.184,307.202,722,0,0,0,0
1777305638.280,307.298,721,0,0,0,0
1777305638.393,307.411,714,0,0,0,0
1777305638.489,307.507,707,0,1,0,0
1777305638.601,307.618,706,0,1,1,0
1777305638.697,307.714,708,0,1,0,0
1777305638.808,307.826,707,0,2,2,0
1777305638.920,307.938,711,0,1,0,0
1777305639.017,308.034,714,0,1,1,0
1777305639.128,308.146,719,0,0,0,0
1777305639.224,308.242,719,0,0,0,0
1777305639.337,308.354,713,0,0,0,0
1777305639.432,308.450,707,0,0,0,0
1777305639.543,308.561,709,0,2,2,0
1777305639.639,308.657,712,0,2,0,0
1777305639.752,308.770,712,0,3,3,0
1777305639.863,308.881,709,0,1,0,0
1777305639.960,308.978,708,0,1,1,0
1777305640.071,309.089,711,0,0,0,0
1777305640.167,309.185,712,0,0,0,0
1777305640.279,309.297,710,0,0,0,0
1777305640.391,309.409,707,0,1,1,0
1777305640.488,309.505,708,0,1,0,0
1777305640.599,309.617,712,0,1,1,0
1777305640.695,309.713,713,0,3,0,0
1777305640.807,309.825,711,0,1,1,0
1777305640.904,309.921,707,0,1,0,0
1777305641.016,310.034,708,0,0,0,0
1777305641.131,310.144,710,0,0,0,0
1777305641.223,310.241,709,0,0,0,0
1777305641.335,310.352,707,0,2,0,0
1777305641.431,310.449,707,0,2,2,0
1777305641.542,310.560,711,0,1,0,0
1777305641.640,310.657,714,0,2,0,0
1777305641.750,310.769,713,0,0,0,0
1777305641.862,310.880,709,0,0,0,0
1777305641.959,310.976,707,0,0,0,0
1777305642.070,311.088,709,0,1,0,0
1777305642.166,311.184,710,0,1,1,0
1777305642.278,311.296,709,0,2,0,0
1777305642.374,311.392,708,0,2,2,0
1777305642.486,311.504,707,0,0,0,0
1777305642.597,311.615,709,0,0,0,0
1777305642.693,311.711,708,0,0,0,0
1777305642.805,311.823,707,0,0,0,0
1777305642.902,311.920,706,0,1,0,0
1777305643.015,312.032,709,0,1,1,0
1777305643.109,312.127,712,0,2,0,0
1777305643.222,312.239,712,0,0,0,0
1777305643.333,312.351,710,0,0,0,0
1777305643.430,312.447,707,0,0,0,0
1777305643.541,312.559,706,0,0,0,0
1777305643.638,312.655,707,0,2,2,0
1777305643.749,312.766,706,0,1,0,0
1777305643.845,312.863,705,0,2,2,0
1777305643.956,312.974,708,0,1,0,0
1777305644.069,313.087,711,0,0,0,0
1777305644.164,313.182,712,0,0,0,0
1777305644.277,313.294,712,0,0,0,0
1777305644.374,313.391,709,0,0,0,0
1777305644.485,313.502,706,0,0,0,0
1777305644.581,313.598,706,0,0,0,0
1777305644.692,313.710,706,0,2,0,0
1777305644.805,313.822,706,0,2,2,0
1777305644.900,313.918,709,0,1,0,0
1777305645.012,314.030,708,0,0,0,0
1777305645.107,314.126,710,0,0,0,0
1777305645.219,314.238,709,0,0,0,0
1777305645.317,314.335,707,0,0,0,0
1777305645.429,314.447,705,0,0,0,0
1777305645.540,314.558,704,0,1,0,0
1777305645.636,314.654,706,0,0,0,0
1777305645.748,314.765,704,0,2,0,0
1777305645.845,314.863,705,0,3,3,0
1777305645.956,314.974,705,0,2,0,0
1777305646.052,315.070,706,0,2,2,0
1777305646.163,315.181,706,0,1,0,0
1777305646.274,315.293,705,0,2,2,0
1777305646.371,315.389,705,0,2,0,0
1777305646.483,315.501,706,0,2,0,0
1777305646.578,315.597,706,0,2,2,0
1777305646.690,315.709,706,0,1,0,0
1777305646.788,315.805,706,0,1,1,0
1777305646.898,315.917,706,0,1,0,0
1777305647.010,316.028,706,0,1,1,0
1777305647.106,316.124,706,0,1,0,0
1777305647.219,316.237,705,0,1,1,0
1777305647.315,316.333,706,0,0,0,0
1777305647.425,316.444,706,0,0,0,0
1777305647.522,316.540,705,0,0,0,0
1777305647.634,316.652,706,0,0,0,0
1777305647.747,316.764,705,0,0,0,0
1777305647.844,316.861,706,0,0,0,0
1777305647.956,316.972,707,0,1,0,0
1777305648.051,317.069,708,0,1,1,0
1777305648.165,317.183,709,0,1,0,0
1777305648.278,317.294,708,0,2,2,0
1777305648.370,317.388,708,0,1,0,0
1777305648.482,317.500,708,0,2,2,0
1777305648.577,317.596,707,0,1,0,0
1777305648.690,317.708,709,0,1,0,0
1777305648.786,317.804,707,0,0,0,0
1777305648.898,317.916,710,0,0,0,0
1777305648.995,318.012,711,0,0,0,0
1777305649.106,318.124,712,0,0,0,0
1777305649.217,318.235,711,0,0,0,0
1777305649.315,318.332,709,0,0,0,0
1777305649.425,318.443,708,0,0,0,0
1777305649.521,318.539,707,0,1,0,0
1777305649.633,318.651,707,0,1,1,0
1777305649.731,318.748,706,0,1,0,0
1777305649.841,318.859,707,0,2,2,0
1777305649.953,318.971,706,0,1,0,0
1777305650.049,319.067,706,0,1,1,0
1777305650.161,319.179,698,0,0,0,0
1777305650.257,319.275,695,0,0,0,0
1777305650.368,319.386,692,0,0,0,0
1777305650.465,319.483,690,0,0,0,0
1777305650.577,319.595,690,0,0,0,0
1777305650.689,319.706,687,0,0,0,0
1777305650.786,319.804,690,0,0,0,0
1777305650.898,319.914,691,0,1,1,0
1777305650.992,320.010,688,0,0,0,0
1777305651.105,320.122,684,0,0,0,0
1777305651.202,320.219,685,0,1,0,0
1777305651.313,320.330,681,0,0,0,0
1777305651.412,320.427,679,0,1,0,0
1777305651.520,320.538,679,0,1,0,0
1777305651.632,320.650,679,0,1,1,0
1777305651.729,320.746,672,0,1,0,0
1777305651.841,320.858,669,0,7,7,0
1777305651.937,320.955,677,0,1,0,0
1777305652.048,321.066,704,0,1,1,0
1777305652.161,321.178,718,0,0,0,0
1777305652.256,321.274,716,0,2,2,0
1777305652.368,321.386,708,0,2,0,0
1777305652.465,321.483,701,0,0,0,0
1777305652.576,321.593,709,0,0,0,0
1777305652.688,321.705,711,0,0,0,0
1777305652.784,321.801,708,0,1,0,0
1777305652.896,321.914,708,0,3,3,0
1777305652.991,322.009,718,0,3,0,0
1777305653.103,322.121,718,0,4,4,0
1777305653.199,322.217,717,0,0,0,0
1777305653.311,322.329,707,0,0,0,0
1777305653.407,322.425,708,0,0,0,0
1777305653.522,322.540,711,0,0,0,0
1777305653.636,322.653,712,0,1,0,0
1777305653.727,322.745,708,0,1,1,0
1777305653.838,322.857,708,0,2,0,0
1777305653.936,322.953,716,0,1,1,0
1777305654.047,323.065,717,0,2,0,0
1777305654.143,323.161,715,0,2,0,0
1777305654.255,323.273,712,0,1,1,0
1777305654.366,323.384,713,0,0,0,0
1777305654.462,323.480,723,0,0,0,0
1777305654.573,323.592,722,0,0,0,0
1777305654.670,323.688,712,0,0,0,0
1777305654.782,323.800,704,0,0,0,0
1777305654.894,323.912,706,0,0,0,0
1777305654.989,324.008,717,0,1,0,0
1777305655.102,324.120,714,0,2,2,0
1777305655.198,324.216,704,0,2,0,0
1777305655.309,324.327,711,0,1,1,0
1777305655.406,324.424,720,0,1,0,0
1777305655.517,324.536,721,0,0,0,0
1777305655.614,324.632,723,0,0,0,0
1777305655.725,324.743,711,0,0,0,0
1777305655.836,324.855,705,0,0,0,0
1777305655.934,324.951,709,0,1,1,0
1777305656.044,325.063,711,0,1,0,0
1777305656.142,325.160,709,0,1,1,0
1777305656.254,325.271,702,0,1,0,0
1777305656.365,325.383,712,0,1,1,0
1777305656.465,325.480,718,0,3,0,0
1777305656.573,325.591,717,0,2,0,0
1777305656.670,325.687,711,0,2,2,0
1777305656.782,325.799,701,0,0,0,0
1777305656.878,325.896,705,0,0,0,0
1777305656.989,326.007,713,0,0,0,0
1777305657.101,326.118,711,0,0,0,0
1777305657.198,326.215,707,0,0,0,0
1777305657.309,326.327,708,0,1,1,0
1777305657.405,326.423,715,0,0,0,0
1777305657.516,326.534,719,0,1,1,0
1777305657.614,326.631,715,0,1,0,0
1777305657.725,326.743,707,0,2,2,0
1777305657.820,326.838,708,0,2,0,0
1777305657.932,326.950,713,0,1,1,0
1777305658.044,327.062,716,0,1,0,0
1777305658.141,327.158,712,0,0,0,0
1777305658.252,327.270,705,0,1,0,0
1777305658.349,327.367,709,0,0,0,0
1777305658.460,327.478,714,0,1,0,0
1777305658.572,327.590,714,0,1,1,0
1777305658.668,327.686,708,2,1,0,0
1777305658.781,327.798,704,0,1,0,0
1777305658.876,327.894,711,0,1,1,0
1777305658.991,328.008,712,0,0,0,0
1777305659.084,328.101,711,0,0,0,0
1777305659.197,328.214,706,2,0,0,0
1777305659.307,328.325,704,0,1,1,0
1777305659.404,328.421,709,0,1,0,0
1777305659.515,328.533,713,0,2,2,0
1777305659.613,328.630,710,0,1,0,0
1777305659.724,328.741,706,0,0,0,0
1777305659.819,328.837,703,0,0,0,0
1777305659.932,328.949,707,0,0,0,0
1777305660.028,329.045,710,0,0,0,0
1777305660.139,329.157,706,0,1,1,0
1777305660.250,329.268,703,0,1,0,0
1777305660.349,329.366,706,0,2,2,0
1777305660.458,329.476,710,0,2,0,0
1777305660.556,329.573,712,0,1,1,0
1777305660.666,329.684,710,0,0,0,0
1777305660.779,329.797,702,0,0,0,0
1777305660.874,329.892,703,0,0,0,0
1777305660.987,330.004,705,0,0,0,0
1777305661.083,330.100,705,0,0,0,0
1777305661.194,330.212,703,0,2,0,0
1777305661.290,330.308,704,0,2,2,0
1777305661.402,330.420,707,0,2,0,0
1777305661.513,330.532,709,0,1,1,0
1777305661.617,330.633,708,0,1,0,0
1777305661.726,330.743,705,0,0,0,0
1777305661.818,330.836,702,0,0,0,0
1777305661.931,330.948,703,0,0,0,0
1777305662.027,331.044,704,0,1,0,0
1777305662.138,331.156,703,0,1,1,0
1777305662.250,331.267,703,0,3,0,0
1777305662.346,331.364,704,0,1,1,0
1777305662.457,331.475,706,0,1,0,0
1777305662.553,331.571,705,0,1,1,0
1777305662.666,331.683,704,0,1,0,0
1777305662.761,331.779,702,0,1,1,0
1777305662.872,331.891,703,0,0,0,0
1777305662.985,332.003,704,0,0,0,0
1777305663.081,332.099,705,0,0,0,0
1777305663.193,332.211,703,0,0,0,0
1777305663.288,332.307,703,0,0,0,0
1777305663.400,332.418,705,0,1,0,0
1777305663.496,332.515,705,0,1,1,0
1777305663.608,332.626,705,0,0,0,0
1777305663.720,332.738,703,0,1,1,0
1777305663.816,332.834,703,0,0,0,0
1777305663.928,332.946,704,0,0,0,0
1777305664.024,333.042,703,0,1,0,0
1777305664.136,333.154,702,0,0,0,0
1777305664.232,333.250,703,0,0,0,0
1777305664.344,333.362,704,0,1,1,0
1777305664.456,333.474,705,0,0,0,0
1777305664.552,333.570,704,0,0,0,0
1777305664.663,333.682,703,0,0,0,0
1777305664.759,333.778,702,0,0,0,0
1777305664.872,333.890,703,0,0,0,0
1777305664.968,333.986,703,0,0,0,0
1777305665.081,334.098,703,0,1,0,0
1777305665.192,334.209,703,0,1,1,0
1777305665.288,334.305,705,0,2,0,0
1777305665.400,334.418,706,0,2,2,0
1777305665.495,334.513,706,0,1,0,0
1777305665.606,334.625,705,0,1,0,0
1777305665.703,334.721,703,0,0,0,0
1777305665.814,334.833,702,0,0,0,0
1777305665.927,334.945,702,0,0,0,0
1777305666.023,335.041,701,0,0,0,0
1777305666.134,335.153,703,0,1,1,0
1777305666.230,335.249,705,0,1,0,0
1777305666.343,335.361,707,0,1,1,0
1777305666.439,335.457,711,0,1,0,0
1777305666.550,335.568,708,0,1,1,0
1777305666.662,335.680,705,0,0,0,0
1777305666.758,335.776,704,0,0,0,0
1777305666.870,335.888,703,0,0,0,0
1777305666.966,335.984,702,0,0,0,0
1777305667.077,336.096,703,0,2,0,0
1777305667.173,336.192,705,0,1,1,0
1777305667.285,336.304,706,0,1,0,0
1777305667.397,336.416,708,0,4,4,0
1777305667.494,336.512,707,0,1,0,0
1777305667.607,336.624,706,0,0,0,0
1777305667.703,336.721,704,0,0,0,0
1777305667.815,336.832,703,0,0,0,0
1777305667.910,336.928,702,0,0,0,0
1777305668.022,337.040,703,0,1,0,0
1777305668.133,337.151,703,0,1,1,0
1777305668.230,337.248,704,0,2,0,0
1777305668.341,337.359,705,0,1,1,0
1777305668.438,337.456,705,0,0,0,0
1777305668.551,337.568,705,0,0,0,0
1777305668.645,337.663,703,0,0,0,0
1777305668.757,337.775,702,0,0,0,0
1777305668.869,337.887,702,0,0,0,0
1777305668.965,337.983,701,0,1,1,0
1777305669.077,338.095,702,0,1,0,0
1777305669.175,338.191,703,0,2,2,0
1777305669.285,338.303,703,0,2,0,0
1777305669.385,338.401,704,0,1,1,0
1777305669.494,338.512,702,0,0,0,0
1777305669.605,338.623,702,0,0,0,0
1777305669.701,338.719,701,0,1,0,0
1777305669.814,338.831,703,0,0,0,0
1777305669.909,338.927,702,0,0,0,0
1777305670.020,339.038,701,0,0,0,0
1777305670.117,339.135,701,0,1,0,0
1777305670.229,339.246,702,0,1,1,0
1777305670.341,339.358,703,0,2,0,0
1777305670.436,339.454,702,0,1,0,0
1777305670.549,339.567,703,0,2,2,0
1777305670.644,339.662,702,0,2,0,0
1777305670.756,339.775,701,0,0,0,0
1777305670.853,339.871,700,0,0,0,0
1777305670.964,339.982,701,0,0,0,0
1777305671.075,340.093,701,0,0,0,0
1777305671.175,340.190,702,0,0,0,0
1777305671.284,340.302,703,0,0,0,0
1777305671.381,340.398,704,0,0,0,0
1777305671.493,340.510,704,0,1,0,0
1777305671.588,340.606,704,0,1,1,0
1777305671.699,340.717,703,0,1,0,0
1777305671.811,340.829,703,0,1,1,0
1777305671.909,340.927,702,0,3,0,0
1777305672.020,341.037,702,0,0,0,0
1777305672.117,341.133,702,0,2,0,0
1777305672.231,341.245,703,0,1,1,0
1777305672.324,341.342,703,0,1,0,0
1777305672.435,341.453,704,0,1,1,0
1777305672.550,341.565,704,0,1,0,0
1777305672.644,341.661,703,0,0,0,0
1777305672.755,341.773,702,0,0,0,0
1777305672.852,341.869,702,0,0,0,0
1777305672.963,341.981,701,0,0,0,0
1777305673.058,342.077,702,0,0,0,0
1777305673.170,342.188,702,0,1,1,0
1777305673.283,342.300,705,0,1,0,0
1777305673.488,342.396,703,0,0,0,0
1777305770.633,2.591,0,0,0,0,0
1777305770.648,2.607,0,0,0,0,0
1777305772.616,4.574,713,0,2,6,0
1777305772.728,4.686,713,0,2,2,0
1777305772.824,4.782,711,0,1,0,0
1777305772.935,4.893,707,0,2,2,0
1777305773.047,5.005,704,0,4,0,0
1777305773.144,5.102,701,0,3,3,0
1777305773.255,5.213,699,0,0,0,0
1777305773.351,5.309,696,0,1,1,0
1777305773.463,5.421,694,0,5,0,0
1777305773.559,5.517,689,0,3,3,0
1777305773.671,5.629,686,0,2,0,0
1777305773.783,5.741,684,0,1,1,0
1777305773.879,5.837,682,0,2,0,0
1777305773.991,5.949,672,0,4,4,0
1777305774.093,6.045,681,0,2,0,0
1777305774.206,6.156,677,0,1,1,0
1777305774.296,6.253,683,0,1,0,0
1777305774.407,6.365,685,0,3,3,0
1777305774.502,6.460,686,0,3,0,0
1777305774.614,6.572,694,0,3,3,0
1777305774.727,6.684,700,0,1,0,0
1777305774.822,6.780,703,0,1,1,0
1777305774.934,6.892,703,0,3,0,0
1777305775.047,7.004,703,0,3,3,0
1777305775.142,7.100,704,0,1,0,0
1777305775.254,7.212,705,0,1,1,0
1777305775.350,7.308,702,0,2,0,0
1777305775.461,7.420,706,0,3,3,0
1777305775.558,7.516,710,0,3,0,0
1777305775.670,7.628,712,0,1,0,0
1777305775.765,7.724,712,0,1,1,0
1777305775.878,7.836,711,0,3,0,0
1777305775.988,7.947,712,0,5,5,0
1777305776.085,8.043,714,0,3,0,0
1777305776.198,8.155,714,0,1,1,0
1777305776.293,8.251,716,0,1,0,0
1777305776.405,8.363,717,0,3,3,0
1777305776.502,8.459,718,0,3,0,0
1777305776.612,8.571,719,0,2,2,0
1777305776.725,8.683,720,0,1,0,0
1777305776.821,8.779,720,0,1,1,0
1777305776.939,8.891,722,0,3,0,0
1777305777.029,8.987,722,0,3,3,0
1777305777.141,9.099,723,0,3,0,0
1777305777.253,9.211,723,0,1,1,0
1777305777.348,9.307,723,0,1,0,0
1777305777.461,9.419,724,0,1,1,0
1777305777.556,9.515,723,0,5,0,0
1777305777.668,9.626,723,0,3,3,0
1777305777.765,9.723,723,0,1,0,0
1777305777.876,9.834,723,0,1,0,0
1777305777.988,9.946,722,0,2,2,0
1777305778.084,10.042,722,0,3,0,0
1777305778.196,10.154,721,0,3,3,0
1777305778.293,10.250,721,0,3,0,0
1777305778.403,10.362,720,0,1,1,0
1777305778.500,10.458,719,0,1,0,0
1777305778.611,10.570,718,0,1,1,0
1777305778.708,10.666,717,0,4,0,0
1777305778.820,10.778,717,0,4,4,0
1777305778.932,10.890,715,0,2,0,0
1777305779.028,10.986,715,0,1,1,0
1777305779.139,11.098,717,0,2,0,0
1777305779.237,11.194,717,0,2,2,0
1777305779.346,11.305,718,0,3,0,0
1777305779.458,11.417,717,0,3,3,0
1777305779.559,11.513,717,0,2,0,0
1777305779.666,11.625,716,0,1,1,0
1777305779.762,11.721,716,0,1,0,0
1777305779.874,11.833,714,0,2,2,0
1777305779.970,11.929,713,0,5,0,0
1777305780.082,12.041,716,0,3,0,0
1777305780.194,12.152,713,0,1,1,0
1777305780.290,12.249,713,0,1,0,0
1777305780.402,12.361,708,0,2,2,0
1777305780.499,12.457,703,0,3,0,0
1777305780.612,12.569,704,0,3,3,0
1777305780.707,12.665,707,0,1,0,0
1777305780.817,12.776,707,0,1,1,0
1777305780.915,12.873,707,0,1,0,0
1777305781.026,12.984,710,0,2,2,0
1777305781.138,13.096,713,0,4,0,0
1777305781.234,13.192,712,0,4,4,0
1777305781.347,13.305,712,0,2,0,0
1777305781.443,13.401,712,0,1,1,0
1777305781.554,13.512,709,0,1,0,0
1777305781.665,13.624,700,0,2,2,0
1777305781.763,13.720,695,0,4,0,0
1777305781.873,13.832,700,0,6,6,0
1777305781.975,13.927,706,0,1,0,0
1777305782.081,14.040,707,0,0,0,0
1777305782.181,14.138,711,0,1,0,0
1777305782.292,14.249,714,0,5,0,0
1777305782.404,14.361,715,0,4,4,0
1777305782.497,14.456,716,0,1,0,0
1777305782.610,14.568,715,0,1,1,0
1777305782.706,14.663,714,0,4,0,0
1777305782.818,14.775,714,0,5,5,0
1777305782.913,14.871,715,0,1,0,0
1777305783.026,14.983,714,0,1,1,0
1777305783.137,15.095,716,0,2,0,0
1777305783.233,15.191,715,0,4,4,0
1777305783.345,15.303,716,0,2,0,0
1777305783.441,15.399,716,0,1,1,0
1777305783.553,15.511,718,0,1,0,0
1777305783.649,15.607,718,0,1,1,0
1777305783.762,15.720,717,0,3,0,0
1777305783.872,15.830,715,0,4,4,0
1777305783.969,15.927,714,0,3,0,0
1777305784.080,16.039,715,0,1,1,0
1777305784.177,16.134,715,0,1,0,0
1777305784.288,16.246,714,0,2,2,0
1777305784.384,16.342,715,0,4,0,0
1777305784.495,16.454,716,0,3,0,0
1777305784.607,16.566,716,0,5,5,0
1777305784.705,16.662,715,0,4,0,0
1777305784.815,16.774,715,0,1,1,0
1777305784.915,16.871,713,0,1,0,0
1777305785.025,16.982,711,0,1,1,0
1777305785.120,17.078,710,0,1,0,0
1777305785.232,17.190,709,0,2,2,0
1777305785.343,17.301,708,0,3,0,0
1777305785.440,17.398,708,0,3,3,0
1777305785.553,17.510,707,0,5,0,0
1777305785.649,17.606,709,0,3,3,0
1777305785.759,17.718,708,0,1,0,0
1777305785.856,17.813,708,0,1,1,0
1777305785.968,17.925,708,0,1,0,0
1777305786.078,18.037,707,0,1,1,0
1777305786.177,18.134,704,0,1,0,0
1777305786.287,18.245,703,0,2,2,0
1777305786.384,18.341,702,0,3,0,0
1777305786.496,18.453,703,0,3,3,0
1777305786.591,18.549,700,0,5,0,0
1777305786.702,18.661,694,0,3,0,0
1777305786.799,18.757,692,0,3,3,0
1777305786.912,18.869,681,0,2,0,0
1777305787.022,18.981,682,0,1,1,0
1777305787.118,19.076,687,0,0,0,0
1777305787.230,19.188,700,0,1,1,0
1777305787.327,19.285,702,0,1,0,0
1777305787.438,19.397,701,0,1,1,0
1777305787.550,19.508,708,0,3,0,0
1777305787.645,19.604,712,0,5,5,0
1777305787.758,19.716,719,0,5,0,0
1777305787.854,19.812,721,0,3,3,0
1777305787.966,19.924,720,0,2,0,0
1777305788.061,20.020,718,0,1,1,0
1777305788.174,20.132,714,0,0,0,0
1777305788.285,20.244,705,0,1,1,0
1777305788.381,20.340,705,0,2,0,0
1777305788.493,20.452,709,0,3,3,0
1777305788.589,20.548,718,0,2,0,0
1777305788.701,20.659,719,0,3,3,0
1777305788.797,20.755,718,0,4,0,0
1777305788.909,20.867,717,0,1,1,0
1777305789.021,20.979,715,0,1,0,0
1777305789.117,21.075,708,0,1,0,0
1777305789.228,21.187,708,0,4,4,0
1777305789.325,21.283,714,0,5,0,0
1777305789.437,21.395,714,0,2,2,0
1777305789.533,21.491,715,0,1,0,0
1777305789.644,21.603,715,0,1,1,0
1777305789.756,21.715,714,0,4,0,0
1777305789.853,21.811,713,0,2,2,0
1777305789.964,21.923,714,0,3,0,0
1777305790.060,22.019,713,0,3,3,0
1777305790.172,22.130,712,0,1,0,0
1777305790.268,22.227,711,0,0,0,0
1777305790.380,22.338,710,0,4,0,0
1777305790.493,22.450,711,0,6,6,0
1777305790.588,22.546,713,0,1,0,0
1777305790.699,22.658,710,0,1,1,0
1777305790.795,22.754,711,0,1,0,0
1777305790.908,22.866,711,0,4,4,0
1777305791.003,22.962,712,0,4,0,0
1777305791.115,23.074,713,0,2,2,0
1777305791.227,23.186,716,0,1,0,0
1777305791.324,23.282,713,0,1,1,0
1777305791.435,23.394,715,0,1,0,0
1777305791.532,23.490,714,0,2,0,0
1777305791.643,23.602,713,0,4,4,0
1777305791.740,23.698,714,0,4,0,0
1777305791.851,23.809,714,0,4,4,0
1777305791.963,23.921,714,0,1,0,0
1777305792.059,24.017,714,0,1,1,0
1777305792.171,24.129,712,0,1,0,0
1777305792.267,24.225,713,0,2,2,0
1777305792.378,24.337,713,0,3,0,0
1777305792.475,24.433,713,0,3,3,0
1777305792.587,24.545,713,0,3,0,0
1777305792.698,24.657,714,0,1,1,0
1777305792.794,24.753,713,0,1,0,0
1777305792.906,24.865,713,0,1,1,0
1777305793.002,24.961,714,0,3,0,0
1777305793.114,25.073,713,0,6,6,0
1777305793.210,25.169,713,0,3,0,0
1777305793.322,25.281,713,0,2,2,0
1777305793.435,25.393,712,0,1,0,0
1777305793.530,25.488,710,0,1,1,0
1777305793.643,25.600,705,0,1,0,0
1777305793.739,25.697,703,0,3,0,0
1777305793.851,25.809,704,0,3,3,0
1777305793.945,25.904,706,0,4,0,0
1777305794.058,26.016,707,0,2,2,0
1777305794.170,26.128,707,0,1,0,0
1777305794.266,26.224,708,0,1,1,0
1777305794.379,26.336,708,0,1,0,0
1777305794.474,26.432,708,0,2,2,0
1777305794.586,26.544,711,13,5,0,0
1777305794.698,26.656,712,50,5,5,0
1777305794.795,26.753,711,34,2,0,0
1777305794.907,26.864,710,11,1,1,0
1777305795.003,26.960,710,19,1,0,0
1777305795.114,27.072,710,41,1,1,0
1777305795.210,27.168,710,35,3,0,0
1777305795.321,27.279,708,49,3,0,0
1777305795.420,27.375,707,0,4,4,0
1777305795.529,27.487,707,0,3,0,0
1777305795.640,27.599,709,0,1,1,0
1777305795.737,27.695,708,0,1,0,0
1777305795.852,27.810,710,0,1,1,0
1777305795.945,27.903,709,0,1,0,0
1777305796.057,28.015,710,12,2,2,0
1777305796.169,28.127,711,31,3,0,0
1777305796.265,28.223,712,39,4,4,0
1777305796.378,28.335,711,47,4,0,0
1777305796.474,28.431,712,52,3,3,0
1777305796.586,28.544,711,55,1,0,0
1777305796.681,28.639,711,80,1,0,0
1777305796.792,28.751,711,46,1,1,0
1777305796.889,28.847,710,48,1,0,0
1777305797.001,28.959,710,37,3,3,0
1777305797.113,29.070,711,39,3,0,0
1777305797.208,29.166,711,30,5,5,0
1777305797.320,29.278,711,18,3,0,0
1777305797.416,29.374,710,24,4,4,0
1777305797.528,29.486,711,83,2,0,0
1777305797.640,29.598,711,113,1,1,0
1777305797.737,29.694,712,192,1,0,0
1777305797.848,29.806,712,142,1,0,0
1777305798.343,30.301,713,990,1,1,0
1777305798.455,30.413,709,0,2,0,0
1777305798.552,30.510,709,0,2,2,0
1777305798.663,30.621,710,0,1,0,0
1777305798.774,30.733,712,0,4,4,0
1777305798.872,30.829,714,0,3,0,0
1777305798.982,30.941,713,0,3,3,0
1777305799.078,31.037,712,0,3,0,0
1777305799.191,31.149,711,0,5,5,0
1777305799.288,31.245,711,0,3,0,0
1777305799.399,31.357,710,0,3,3,0
1777305799.910,31.869,710,715,3,0,0
1777305800.406,32.364,712,991,1,1,0
1777305800.519,32.476,703,0,1,0,0
1777305800.615,32.573,704,0,1,1,0
1777305800.726,32.684,705,0,1,0,0
1777305800.822,32.780,706,0,1,1,0
1777305800.935,32.892,705,0,1,0,0
1777305801.046,33.004,705,0,1,1,0
1777305801.143,33.100,706,0,1,0,0
1777305801.254,33.212,705,0,1,1,0
1777305801.350,33.308,705,0,1,0,0
1777305801.462,33.420,708,0,1,1,0
1777305801.558,33.516,709,0,1,0,0
1777305801.670,33.628,711,0,0,0,0
1777305801.781,33.739,712,0,1,0,0
1777305801.877,33.835,713,0,1,1,0
1777305801.989,33.947,713,0,1,0,0
1777305802.085,34.043,713,0,1,1,0
1777305802.203,34.155,713,0,1,0,0
1777305802.293,34.252,712,0,1,0,0
1777305802.406,34.363,714,0,1,1,0
1777305802.520,34.479,714,0,1,0,0
1777305802.613,34.571,715,0,1,1,0
1777305802.724,34.683,713,0,1,0,0
1777305802.822,34.779,714,0,1,1,0
1777305802.932,34.890,715,0,0,0,0
1777305803.029,34.987,714,0,1,1,0
1777305803.140,35.099,713,0,1,0,0
1777305803.252,35.210,714,0,1,1,0
1777305803.348,35.306,711,0,1,0,0
1777305803.460,35.418,713,0,1,1,0
1777305803.556,35.514,712,0,1,0,0
1777305803.669,35.626,713,0,1,1,0
1777305803.764,35.722,713,0,0,0,0
1777305803.876,35.834,713,0,1,1,0
1777305803.988,35.946,712,0,2,0,0
1777305804.084,36.042,713,0,2,2,0
1777305804.196,36.154,713,0,5,0,0
1777305804.291,36.250,713,0,2,2,0
1777305804.403,36.362,714,0,3,0,0
1777305804.502,36.458,714,0,2,0,0
1777305804.611,36.570,713,0,2,2,0
1777305804.723,36.681,713,0,1,0,0
1777305804.822,36.779,713,0,1,1,0
1777305804.932,36.889,714,0,1,0,0
1777305805.028,36.986,713,0,1,1,0
1777305805.140,37.097,714,0,1,0,0
1777305805.252,37.209,713,0,3,3,0
1777305805.347,37.305,714,0,2,0,0
1777305805.459,37.417,704,0,5,5,0
1777305805.555,37.513,599,0,3,0,0
1777305805.667,37.625,490,0,3,3,0
1777305805.763,37.721,400,0,1,0,0
1777305805.874,37.833,326,0,1,1,0
1777305805.970,37.929,291,0,0,0,0
1777305806.082,38.040,284,0,2,2,0
1777305806.179,38.137,285,0,3,0,0
1777305806.291,38.249,311,0,2,2,0
1777305806.403,38.361,337,0,3,0,0
1777305806.499,38.457,343,0,2,2,0
1777305806.611,38.569,327,0,2,0,0
1777305806.706,38.665,307,0,1,1,0
1777305806.818,38.776,284,0,1,0,0
1777305806.930,38.888,275,0,1,1,0
1777305807.026,38.984,290,0,6,0,0
1777305807.137,39.096,291,0,3,3,0
1777305807.239,39.192,278,0,2,0,0
1777305807.345,39.304,426,0,1,1,0
1777305807.446,39.403,626,0,1,0,0
1777305807.558,39.515,699,0,3,3,0
1777305807.671,39.623,706,0,6,0,0
1777305807.761,39.719,707,0,2,0,0
1777305807.874,39.833,708,0,1,1,0
1777305807.970,39.928,707,0,2,0,0
1777305808.081,40.039,708,0,1,1,0
1777305808.177,40.136,708,0,4,0,0
1777305808.289,40.247,709,0,3,3,0
1777305808.401,40.359,709,0,1,0,0
1777305808.497,40.455,710,0,1,1,0
1777305808.609,40.567,710,0,4,0,0
1777305808.706,40.664,712,0,3,3,0
1777305808.817,40.775,712,0,3,0,0
1777305808.929,40.887,711,0,1,1,0
1777305809.024,40.983,710,0,1,0,0
1777305809.137,41.095,710,0,2,2,0
1777305809.232,41.191,710,0,2,0,0
1777305809.344,41.302,708,0,3,3,0
1777305809.441,41.399,708,0,4,0,0
1777305809.555,41.511,711,0,1,1,0
1777305809.664,41.622,710,0,1,0,0
1777305809.761,41.719,711,0,3,3,0
1777305809.872,41.830,709,0,5,0,0
1777305809.969,41.926,708,0,3,0,0
1777305810.080,42.038,710,0,2,2,0
1777305810.178,42.135,709,0,1,0,0
1777305810.291,42.248,711,0,1,1,0
1777305810.383,42.342,711,0,3,0,0
1777305810.496,42.454,711,0,5,5,0
1777305810.608,42.566,710,0,3,0,0
1777305810.705,42.662,712,0,1,1,0
1777305810.816,42.774,712,0,1,0,0
1777305810.912,42.870,712,0,2,2,0
1777305811.023,42.982,709,0,4,0,0
1777305811.136,43.093,710,0,2,2,0
1777305811.232,43.190,709,0,1,0,0
1777305811.345,43.302,709,0,1,1,0
1777305811.440,43.397,709,0,1,0,0
1777305811.552,43.510,709,0,5,5,0
1777305811.647,43.605,709,0,7,0,0
1777305811.759,43.717,709,0,1,1,0
1777305811.871,43.829,707,0,1,0,0
1777305811.967,43.925,707,0,1,1,0
1777305812.078,44.037,709,0,1,0,0
1777305812.175,44.133,708,0,3,0,0
1777305812.286,44.244,708,0,4,4,0
1777305812.382,44.341,708,0,3,0,0
1777305812.495,44.453,707,0,3,3,0
1777305812.590,44.549,707,0,1,0,0
1777305812.702,44.661,706,0,1,1,0
1777305812.818,44.772,706,0,1,0,0
1777305812.912,44.868,704,0,2,2,0
1777305813.025,44.980,706,0,4,0,0
1777305813.118,45.076,707,0,5,5,0
1777305813.230,45.188,703,0,5,0,0
1777305813.342,45.300,702,0,2,2,0
1777305813.438,45.396,700,0,2,0,0
1777305813.549,45.508,700,0,1,1,0
1777305813.646,45.604,701,0,0,0,0
1777305813.757,45.716,703,0,2,2,0
1777305813.853,45.812,703,0,1,0,0
1777305813.965,45.924,704,0,1,1,0
1777305814.080,46.037,704,0,4,0,0
1777305814.174,46.132,704,0,4,4,0
1777305814.286,46.244,703,0,5,0,0
1777305814.381,46.340,703,0,4,4,0
1777305814.495,46.452,702,0,5,0,0
1777305814.588,46.547,702,0,3,0,0
1777305814.701,46.659,703,0,5,5,0
1777305814.798,46.755,701,0,1,0,0
1777305814.908,46.867,700,0,2,2,0
1777305815.020,46.979,699,0,1,0,0
1777305815.117,47.075,699,0,1,1,0
1777305815.237,47.191,698,0,2,0,0
1777305815.339,47.283,699,0,1,1,0
1777305815.458,47.395,699,0,2,0,0
1777305815.556,47.507,700,0,3,3,0
1777305815.646,47.604,700,0,5,0,0
1777305815.762,47.719,700,0,4,4,0
1777305815.853,47.811,701,0,6,0,0
1777305815.965,47.923,701,0,2,2,0
1777305816.061,48.019,701,0,0,0,0
1777305816.174,48.131,701,0,1,1,0
1777305816.286,48.243,700,0,0,0,0
1777305816.380,48.339,700,0,2,2,0
1777305816.494,48.451,699,0,5,0,0
1777305816.590,48.547,699,0,5,5,0
1777305816.701,48.659,698,0,3,0,0
1777305816.796,48.754,698,0,5,5,0
1777305816.907,48.866,698,0,2,0,0
1777305817.005,48.963,699,0,1,1,0
1777305817.116,49.074,696,0,2,0,0
1777305817.229,49.186,698,0,0,0,0
1777305817.325,49.282,698,0,1,1,0
1777305817.436,49.394,699,0,0,0,0
1777305817.532,49.490,698,0,1,1,0
1777305817.644,49.601,697,0,3,0,0
1777305817.744,49.698,697,0,2,2,0
1777305817.857,49.809,696,0,4,0,0
1777305817.964,49.921,697,0,13,13,0
1777305818.068,50.017,699,0,3,0,0
1777305818.179,50.129,698,0,2,2,0
1777305818.268,50.226,699,0,3,0,0
1777305818.380,50.337,699,0,1,1,0
1777305818.477,50.434,699,0,0,0,0
1777305818.588,50.545,699,0,1,1,0
1777305818.699,50.657,699,0,1,0,0
1777305818.795,50.753,698,0,1,1,0
1777305818.907,50.865,698,0,2,0,0
1777305819.004,50.962,698,0,3,3,0
1777305819.115,51.073,700,0,3,0,0
1777305819.212,51.170,699,0,3,3,0
1777305819.323,51.281,699,0,5,0,0
1777305819.436,51.393,700,0,11,11,0
1777305819.530,51.489,701,0,5,0,0
1777305819.642,51.601,701,0,2,2,0
1777305819.740,51.697,701,0,1,0,0
1777305819.851,51.808,700,0,1,0,0
1777305819.961,51.920,700,0,1,1,0
1777305820.059,52.016,700,0,3,0,0
1777305820.171,52.128,699,0,1,1,0
1777305820.266,52.224,699,0,1,0,0
1777305820.378,52.336,698,0,3,3,0
1777305820.480,52.432,698,0,4,0,0
1777305820.587,52.544,699,0,3,3,0
1777305820.689,52.642,698,0,8,0,0
1777305820.801,52.752,699,0,1,1,0
1777305820.914,52.863,699,0,3,0,0
1777305821.004,52.961,699,0,3,3,0
1777305821.114,53.072,699,0,3,0,0
1777305821.210,53.168,701,0,1,1,0
1777305821.322,53.279,701,0,2,0,0
1777305821.433,53.391,701,0,2,2,0
1777305821.530,53.488,702,0,2,0,0
1777305821.642,53.600,702,0,2,2,0
1777305821.739,53.696,703,0,1,0,0
1777305821.849,53.807,703,0,1,1,0
1777305821.945,53.903,703,0,1,0,0
1777305822.057,54.015,703,0,1,1,0
1777305822.169,54.127,703,0,1,0,0
1777305822.265,54.223,702,0,1,1,0
1777305822.377,54.335,701,0,1,0,0
1777305822.474,54.432,700,0,1,0,0
1777305822.584,54.543,702,0,0,0,0
1777305822.681,54.639,701,0,1,0,0
1777305822.794,54.751,702,0,1,1,0
1777305822.905,54.862,702,0,1,0,0
1777305823.001,54.959,704,0,1,1,0
1777305823.112,55.070,704,0,1,0,0
1777305823.208,55.167,704,0,1,1,0
1777305823.320,55.278,704,0,1,0,0
1777305823.424,55.374,704,0,1,1,0
1777305823.532,55.486,703,0,1,0,0
1777305823.645,55.598,703,0,1,1,0
1777305823.741,55.697,702,0,2,0,0
1777305823.849,55.806,700,0,1,1,0
1777305823.944,55.902,678,0,1,0,0
1777305824.056,56.014,551,0,0,0,0
1777305824.152,56.110,552,0,0,0,0
1777305824.264,56.222,622,0,1,1,0
1777305824.362,56.318,631,0,1,0,0
1777305824.473,56.429,614,0,2,2,0
1777305824.582,56.541,632,0,1,0,0
1777305824.679,56.637,628,0,2,2,0
1777305824.792,56.749,644,0,2,0,0
1777305824.887,56.845,654,0,3,0,0
1777305824.999,56.957,650,0,2,2,0
1777305825.096,57.053,649,0,3,0,0
1777305825.208,57.165,646,0,3,3,0
1777305825.319,57.277,647,0,5,0,0
1777305825.415,57.373,640,0,5,5,0
1777305825.526,57.484,644,0,7,0,0
1777305825.624,57.582,645,0,3,3,0
1777305825.736,57.693,631,0,5,0,0
1777305825.832,57.789,609,0,5,5,0
1777305825.943,57.901,684,0,4,0,0
1777305826.055,58.012,688,0,5,5,0
1777305826.162,58.108,692,0,3,0,0
1777305826.269,58.220,697,0,3,3,0
1777305826.359,58.317,697,0,4,0,0
1777305826.471,58.428,698,0,0,0,0
1777305826.582,58.540,700,0,8,0,0
1777305826.677,58.636,700,0,4,4,0
1777305826.790,58.748,700,0,3,0,0
1777305826.887,58.845,701,0,3,3,0
1777305826.998,58.956,702,0,1,0,0
1777305827.110,59.068,701,0,5,5,0
1777305827.207,59.164,702,0,2,0,0
1777305827.318,59.276,700,0,0,0,0
1777305827.414,59.372,702,0,0,0,0
1777305827.527,59.484,701,0,0,0,0
1777305827.622,59.580,701,0,1,0,0
1777305827.734,59.692,698,0,1,0,0
1777305827.830,59.788,586,0,1,1,0
1777305827.942,59.900,539,0,2,0,0
1777305828.053,60.011,514,0,2,2,0
1777305828.150,60.107,522,0,3,0,0
1777305828.277,60.223,574,0,4,4,0
1777305828.357,60.315,610,0,3,0,0
1777305828.469,60.427,603,0,1,1,0
1777305828.566,60.523,607,0,4,0,0
1777305828.676,60.635,610,0,2,2,0
1777305828.773,60.731,616,0,1,0,0
1777305828.884,60.843,621,0,1,1,0
1777305828.998,60.955,619,0,1,0,0
1777305829.092,61.050,620,0,0,0,0
1777305829.205,61.162,621,0,1,0,0
1777305829.301,61.259,620,0,3,3,0
1777305829.412,61.371,613,0,1,0,0
1777305829.524,61.482,584,0,5,5,0
1777305829.621,61.579,686,0,2,0,0
1777305829.732,61.690,700,0,2,2,0
1777305829.828,61.786,703,0,1,0,0
1777305829.940,61.898,705,0,0,0,0
1777305830.037,61.994,705,0,1,0,0
1777305830.147,62.106,704,2,1,1,0
1777305830.261,62.218,705,0,1,0,0
1777305830.356,62.314,704,0,2,2,0
1777305830.468,62.426,704,0,3,0,0
1777305830.564,62.522,704,0,3,0,0
1777305830.676,62.634,702,0,7,7,0
1777305830.772,62.730,702,0,3,0,0
1777305830.884,62.841,702,0,3,3,0
1777305830.995,62.954,700,0,3,0,0
1777305831.091,63.049,697,0,3,3,0
1777305831.204,63.161,699,0,5,0,0
1777305831.300,63.257,699,0,4,4,0
1777305831.411,63.369,644,0,3,0,0
1777305831.509,63.466,554,0,5,5,0
1777305831.621,63.579,549,0,3,0,0
1777305831.734,63.690,555,0,1,1,0
1777305831.828,63.786,575,0,1,0,0
1777305831.942,63.897,586,0,1,1,0
1777305832.034,63.992,596,0,3,0,0
1777305832.147,64.105,601,0,1,1,0
1777305832.244,64.202,603,0,0,0,0
1777305832.355,64.313,603,0,0,0,0
1777305832.467,64.425,606,0,1,0,0
1777305832.563,64.521,601,0,1,1,0
1777305832.675,64.632,599,0,1,0,0
1777305832.771,64.729,598,0,2,2,0
1777305832.883,64.840,596,0,1,0,0
1777305832.977,64.936,587,0,1,1,0
1777305833.091,65.048,591,0,7,0,0
1777305833.202,65.160,572,0,3,3,0
1777305833.298,65.256,537,0,4,0,0
1777305833.410,65.368,549,0,5,5,0
1777305833.506,65.464,546,0,3,0,0
1777305833.617,65.575,536,0,4,4,0
1777305833.714,65.672,536,0,2,0,0
1777305833.826,65.784,534,0,2,0,0
1777305833.938,65.896,510,0,1,1,0
1777305834.033,65.991,510,0,1,0,0
1777305834.146,66.103,519,0,1,1,0
1777305834.244,66.200,528,0,0,0,0
1777305834.353,66.311,523,0,1,1,0
1777305834.450,66.408,508,0,3,0,0
1777305834.570,66.520,516,0,2,2,0
1777305834.660,66.616,532,0,4,0,0
1777305834.770,66.727,521,0,2,2,0
1777305834.882,66.839,513,0,3,0,0
1777305834.978,66.935,532,0,3,3,0
1777305835.089,67.047,533,0,2,0,0
1777305835.185,67.143,529,0,0,0,0
1777305835.297,67.254,521,0,1,0,0
1777305835.410,67.367,515,0,1,1,0
1777305835.504,67.462,541,0,3,0,0
1777305835.617,67.574,540,0,7,7,0
1777305835.714,67.671,537,0,3,0,0
1777305835.825,67.782,562,1,3,3,0
1777305835.920,67.879,676,0,6,0,0
1777305836.033,67.990,696,0,4,4,0
1777305836.145,68.102,698,0,3,0,0
1777305836.244,68.199,699,0,3,3,0
1777305836.352,68.310,699,0,2,0,0
1777305836.447,68.406,698,0,1,1,0
1777305836.560,68.518,613,0,2,0,0
1777305836.666,68.614,527,0,1,1,0
1777305836.770,68.726,528,0,1,0,0
1777305836.883,68.837,544,0,1,1,0
1777305836.981,68.939,588,0,1,0,0
1777305837.094,69.048,576,0,1,1,0
1777305837.184,69.142,530,0,1,0,0
1777305837.297,69.254,529,0,1,0,0
1777305837.393,69.350,574,0,1,1,0
1777305837.506,69.461,580,0,1,0,0
1777305837.615,69.573,588,0,2,2,0
1777305837.712,69.669,586,0,3,0,0
1777305837.822,69.781,573,0,2,2,0
1777305837.921,69.878,589,0,2,0,0
1777305838.031,69.989,582,0,2,2,0
1777305838.130,70.086,629,0,3,0,0
1777305838.243,70.198,690,0,4,4,0
1777305838.351,70.309,695,0,3,0,0
1777305838.447,70.405,698,0,3,3,0
1777305838.559,70.517,698,0,4,0,0
1777305838.655,70.613,699,0,3,3,0
1777305838.767,70.725,699,0,2,0,0
1777305838.864,70.821,699,0,3,3,0
1777305838.975,70.933,699,0,1,0,0
1777305839.087,71.045,701,0,1,1,0
1777305839.182,71.141,701,0,2,0,0
1777305839.294,71.252,703,0,1,1,0
1777305839.394,71.348,703,0,1,0,0
1777305839.505,71.460,703,0,1,1,0
1777305839.614,71.572,703,0,2,0,0
1777305839.716,71.673,702,0,0,0,0
1777305839.822,71.779,701,0,1,0,0
1777305839.919,71.877,702,0,1,1,0
1777305840.029,71.987,702,0,1,0,0
1777305840.126,72.084,703,0,1,0,0
1777305840.238,72.196,703,0,2,2,0
1777305840.349,72.307,702,0,1,0,0
1777305840.446,72.404,703,0,1,1,0
1777305840.558,72.515,705,0,3,0,0
1777305840.655,72.612,706,0,0,0,0
1777305840.766,72.723,706,0,2,0,0
1777305840.863,72.820,707,0,1,1,0
1777305840.974,72.932,706,0,2,0,0
1777305841.085,73.043,707,0,4,4,0
1777305841.182,73.140,706,0,2,0,0
1777305841.293,73.251,708,0,3,3,0
1777305841.389,73.347,708,0,3,0,0
1777305841.501,73.459,707,0,4,4,0
1777305841.597,73.555,706,0,4,0,0
1777305841.710,73.667,705,0,5,5,0
1777305841.822,73.779,704,0,3,0,0
1777305841.917,73.875,705,0,5,5,0
1777305842.029,73.986,703,0,2,0,0
1777305842.129,74.083,703,0,5,5,0
1777305842.241,74.194,702,0,3,0,0
1777305842.335,74.291,701,0,3,0,0
1777305842.444,74.402,702,0,6,6,0
1777305842.567,74.514,700,0,2,0,0
1777305842.653,74.611,703,0,6,6,0
1777305842.765,74.722,702,0,1,0,0
1777305842.862,74.819,701,0,1,1,0
1777305842.972,74.930,701,0,1,0,0
1777305843.069,75.026,700,0,2,2,0
1777305843.179,75.138,700,0,5,0,0
1777305843.293,75.250,700,0,3,3,0
1777305843.389,75.346,699,0,5,0,0
1777305843.501,75.458,697,0,3,3,0
1777305843.596,75.554,698,0,2,0,0
1777305843.708,75.666,697,0,1,1,0
1777305843.804,75.762,696,0,0,0,0
1777305843.915,75.873,696,0,3,3,0
1777305844.011,75.969,698,0,3,0,0
1777305844.125,76.082,697,0,5,5,0
1777305844.235,76.193,697,0,2,0,0
1777305844.331,76.289,697,0,2,2,0
1777305844.444,76.402,698,0,1,0,0
1777305844.542,76.497,698,0,0,0,0
1777305844.654,76.609,697,0,0,0,0
1777305844.757,76.705,698,0,1,1,0
1777305844.866,76.817,698,0,2,0,0
1777305844.979,76.928,697,0,2,2,0
1777305845.067,77.025,698,0,1,0,0
1777305845.179,77.137,697,0,0,0,0
1777305845.274,77.232,699,0,1,1,0
1777305845.386,77.344,697,0,2,0,0
1777305845.484,77.441,699,0,2,2,0
1777305845.594,77.552,696,0,1,0,0
1777305845.706,77.664,697,0,0,0,0
1777305845.803,77.760,697,0,0,0,0
1777305845.914,77.872,699,0,1,1,0
1777305846.010,77.969,700,0,2,0,0
1777305846.122,78.080,700,0,0,0,0
1777305846.234,78.192,700,0,2,0,0
1777305846.330,78.288,701,0,1,1,0
1777305846.442,78.400,700,0,2,0,0
1777305846.539,78.497,699,0,3,3,0
1777305846.650,78.608,700,0,4,0,0
1777305846.762,78.719,700,0,15,15,0
1777305846.858,78.816,701,0,8,0,0
1777305846.970,78.927,698,0,2,2,0
1777305847.066,79.024,698,0,5,0,0
1777305847.178,79.135,698,0,3,3,0
1777305847.273,79.231,698,0,3,0,0
1777305847.385,79.343,698,0,1,1,0
1777305847.488,79.439,698,0,1,0,0
1777305847.599,79.551,698,0,1,1,0
1777305847.689,79.647,698,0,1,0,0
1777305847.801,79.759,699,0,1,1,0
1777305847.913,79.871,698,0,2,0,0
1777305848.009,79.967,699,0,2,0,0
1777305848.121,80.079,697,0,3,3,0
1777305848.217,80.175,696,0,4,0,0
1777305848.329,80.287,695,0,5,5,0
1777305848.425,80.383,694,0,2,0,0
1777305848.538,80.495,695,1,3,3,0
1777305848.648,80.606,696,0,1,0,0
1777305848.745,80.703,696,0,1,1,0
1777305848.856,80.814,696,0,1,0,0
1777305848.959,80.911,696,0,0,0,0
1777305849.066,81.022,697,0,1,0,0
1777305849.161,81.119,695,0,1,1,0
1777305849.273,81.231,696,0,1,0,0
1777305849.385,81.342,697,0,5,5,0
1777305849.481,81.438,697,0,1,0,0
1777305849.593,81.550,697,0,5,5,0
1777305849.689,81.646,697,1,3,0,0
1777305849.800,81.758,698,0,2,2,0
1777305849.895,81.854,697,0,3,0,0
1777305850.008,81.966,697,0,3,3,0
1777305850.119,82.077,698,0,13,0,0
1777305850.216,82.174,699,0,1,1,0
1777305850.332,82.285,697,0,1,0,0
1777305850.423,82.381,697,0,1,1,0
1777305850.536,82.494,698,0,1,0,0
1777305850.652,82.605,698,0,1,1,0
1777305850.744,82.702,697,0,3,0,0
1777305850.855,82.813,697,0,4,4,0
1777305850.951,82.909,699,0,5,0,0
1777305851.063,83.021,698,0,4,0,0
1777305851.161,83.118,699,0,2,2,0
1777305851.272,83.229,700,0,3,0,0
1777305851.382,83.341,700,0,4,4,0
1777305851.479,83.437,700,0,1,0,0
1777305851.592,83.549,700,0,1,1,0
1777305851.686,83.645,700,0,1,0,0
1777305851.798,83.757,701,0,1,1,0
1777305851.895,83.853,702,0,1,0,0
1777305852.007,83.964,700,0,1,1,0
1777305852.118,84.076,700,0,1,0,0
1777305852.215,84.173,702,0,1,1,0
1777305852.325,84.284,700,0,1,0,0
1777305852.422,84.381,700,0,1,1,0
1777305852.534,84.492,700,0,1,0,0
1777305852.645,84.604,700,0,1,1,0
1777305852.742,84.700,701,0,2,0,0
1777305852.854,84.812,701,0,2,2,0
1777305852.950,84.908,702,0,2,0,0
1777305853.063,85.020,701,0,1,1,0
1777305853.159,85.116,702,0,2,0,0
1777305853.271,85.228,700,0,2,2,0
1777305853.366,85.324,703,0,1,0,0
1777305853.478,85.436,703,1,1,0,0
1777305853.589,85.548,703,0,1,1,0
1777305853.686,85.644,702,0,3,0,0
1777305853.798,85.755,701,0,1,1,0
1777305853.896,85.852,701,0,1,0,0
1777305854.005,85.963,701,0,0,0,0
1777305854.102,86.060,699,0,1,0,0
1777305854.213,86.171,700,0,1,1,0
1777305854.310,86.268,699,0,1,0,0
1777305854.421,86.379,699,0,0,0,0
1777305854.534,86.491,699,0,2,0,0
1777305854.629,86.587,699,0,1,1,0
1777305854.742,86.699,699,0,2,0,0
1777305854.853,86.810,700,0,3,3,0
1777305854.949,86.907,700,0,2,0,0
1777305855.061,87.018,699,0,1,1,0
1777305855.157,87.115,700,0,2,0,0
1777305855.267,87.226,700,0,3,3,0
1777305855.364,87.322,701,0,10,0,0
1777305855.476,87.434,701,0,3,3,0
1777305855.575,87.531,701,0,3,0,0
1777305855.684,87.642,701,0,3,0,0
1777305855.803,87.754,700,0,2,2,0
1777305855.897,87.851,700,0,2,0,0
1777305856.007,87.963,700,0,2,2,0
1777305856.101,88.059,699,0,5,0,0
1777305856.212,88.170,700,0,2,2,0
1777305856.309,88.266,699,0,2,0,0
1777305856.419,88.377,700,0,3,3,0
1777305856.532,88.490,701,0,5,0,0
1777305856.628,88.586,700,0,4,4,0
1777305856.739,88.697,699,0,3,0,0
1777305856.836,88.794,700,0,5,5,0
1777305856.948,88.906,701,0,5,0,0
1777305857.059,89.017,701,0,3,3,0
1777305857.156,89.113,700,0,5,0,0
1777305857.268,89.225,700,0,5,5,0
1777305857.365,89.323,699,0,5,0,0
1777305857.475,89.433,699,0,6,6,0
1777305857.571,89.529,698,0,3,0,0
1777305857.683,89.641,698,0,1,1,0
1777305857.779,89.737,697,0,1,0,0
1777305857.890,89.849,698,0,1,1,0
1777305858.002,89.960,697,0,1,0,0
1777305858.099,90.057,698,0,1,1,0
1777305858.212,90.168,698,0,1,0,0
1777305858.311,90.269,698,0,0,0,0
1777305858.418,90.376,698,0,1,0,0
1777305858.515,90.473,697,0,2,0,0
1777305858.627,90.585,699,0,3,3,0
1777305858.742,90.699,700,0,3,0,0
1777305858.834,90.792,699,0,4,4,0
1777305858.946,90.904,699,0,3,0,0
1777305859.044,91.001,698,0,2,2,0
1777305859.154,91.112,698,0,2,0,0
1777305859.251,91.209,698,0,2,2,0
1777305859.362,91.320,698,0,1,0,0
1777305859.474,91.431,699,0,2,2,0
1777305859.571,91.528,699,0,1,0,0
1777305859.682,91.640,696,0,1,1,0
1777305859.777,91.736,697,0,2,0,0
1777305859.889,91.848,697,0,2,2,0
1777305859.986,91.944,699,0,5,0,0
1777305860.097,92.055,698,0,3,3,0
1777305860.209,92.167,699,0,5,0,0
1777305860.306,92.264,698,0,3,3,0
1777305860.417,92.375,699,0,2,0,0
1777305860.514,92.471,699,0,2,2,0
1777305860.624,92.583,700,0,1,0,0
1777305860.720,92.679,699,0,1,1,0
1777305860.832,92.791,701,0,1,0,0
1777305860.944,92.902,699,0,1,1,0
1777305861.044,92.999,699,0,1,0,0
1777305861.162,93.110,700,0,1,1,0
1777305861.249,93.207,699,0,1,0,0
1777305861.366,93.323,700,0,1,1,0
1777305861.457,93.415,699,0,1,0,0
1777305861.569,93.527,698,0,4,0,0
1777305861.681,93.639,700,0,2,2,0
1777305861.778,93.735,699,0,2,0,0
1777305861.888,93.846,701,0,2,2,0
1777305861.985,93.943,700,0,2,0,0
1777305862.096,94.054,701,0,1,1,0
1777305862.210,94.166,704,0,4,0,0
1777305862.305,94.262,703,0,3,3,0
1777305862.416,94.374,705,0,7,0,0
1777305862.512,94.470,705,0,5,5,0
1777305862.624,94.582,704,0,3,0,0
1777305862.720,94.678,704,0,3,3,0
1777305862.831,94.789,704,0,4,0,0
1777305862.944,94.901,703,0,3,3,0
1777305863.040,94.998,703,0,3,0,0
1777305863.152,95.109,702,0,2,2,0
1777305863.248,95.205,703,0,1,0,0
1777305863.359,95.317,702,0,1,1,0
1777305863.456,95.413,702,0,1,0,0
1777305863.566,95.525,701,0,2,2,0
1777305863.679,95.637,701,0,0,0,0
1777305863.776,95.733,703,0,1,1,0
1777305863.895,95.845,702,0,2,0,0
1777305863.985,95.941,702,0,3,0,0
1777305864.095,96.053,702,0,10,10,0
1777305864.192,96.149,701,0,6,0,0
1777305864.303,96.261,701,0,3,3,0
1777305864.414,96.372,701,0,3,0,0
1777305864.511,96.469,701,0,3,3,0
1777305864.624,96.581,701,0,1,0,0
1777305864.720,96.677,701,0,1,1,0
1777305864.832,96.789,700,0,2,0,0
1777305864.926,96.884,699,0,1,1,0
1777305865.038,96.996,698,0,2,0,0
1777305865.134,97.093,696,0,5,5,0
1777305865.247,97.204,696,0,4,0,0
1777305865.359,97.316,697,0,5,5,0
1777305865.455,97.413,696,0,3,0,0
1777305865.566,97.524,697,0,1,1,0
1777305865.662,97.620,697,0,1,0,0
1777305865.774,97.732,698,0,1,1,0
1777305865.870,97.828,699,0,1,0,0
1777305865.982,97.940,696,0,0,0,0
1777305866.094,98.051,697,0,2,0,0
1777305866.193,98.147,697,0,3,3,0
1777305866.302,98.260,698,0,2,0,0
1777305866.398,98.356,696,0,3,0,0
1777305866.510,98.467,695,0,4,4,0
1777305866.606,98.564,697,0,4,0,0
1777305866.716,98.675,697,0,4,4,0
1777305866.832,98.790,697,0,3,0,0
1777305866.925,98.883,696,0,3,3,0
1777305867.036,98.995,697,0,1,0,0
1777305867.134,99.091,698,0,3,3,0
1777305867.245,99.203,698,0,1,0,0
1777305867.342,99.300,698,0,1,1,0
1777305867.454,99.411,698,0,1,0,0
1777305867.564,99.522,699,0,1,1,0
1777305867.661,99.619,699,0,1,0,0
1777305867.774,99.731,700,0,56,56,0
1777305867.911,99.827,700,0,2,0,0
1777305867.980,99.939,700,0,3,3,0
1777305868.076,100.035,699,0,4,0,0
1777305868.189,100.146,699,0,6,6,0
1777305868.300,100.258,699,0,2,0,0
1777305868.397,100.354,699,0,2,2,0
1777305868.510,100.466,699,0,1,0,0
1777305868.603,100.562,698,0,2,2,0
1777305868.717,100.674,699,0,2,0,0
1777305868.827,100.785,698,0,45,45,0
1777305868.923,100.881,698,0,6,0,0
1777305869.034,100.993,698,0,2,0,0
1777305869.132,101.090,700,0,1,1,0
1777305869.245,101.202,701,0,3,0,0
1777305869.339,101.297,701,0,4,4,0
1777305869.452,101.410,702,0,5,0,0
1777305869.563,101.521,701,0,4,4,0
1777305869.660,101.618,700,0,3,0,0
1777305869.771,101.729,701,0,3,3,0
1777305869.867,101.825,701,0,1,0,0
1777305869.979,101.937,699,0,1,1,0
1777305870.075,102.033,700,0,1,0,0
1777305870.187,102.145,699,0,2,2,0
1777305870.284,102.241,698,0,3,0,0
1777305870.395,102.353,698,0,1,1,0
1777305870.507,102.465,698,0,12,0,0
1777305870.603,102.561,698,0,9,9,0
1777305870.714,102.672,699,0,21,0,0
1777305870.810,102.768,697,0,1,1,0
1777305870.922,102.880,698,0,0,0,0
1777305871.034,102.992,697,0,2,2,0
1777305871.130,103.088,699,0,1,0,0
1777305871.243,103.201,696,0,0,0,0
1777305871.338,103.297,698,0,3,0,0
1777305871.451,103.408,698,0,3,3,0
1777305871.547,103.504,694,0,2,0,0
1777305871.658,103.616,520,0,4,0,0
1777305871.754,103.713,510,0,4,4,0
1777305871.866,103.824,496,0,47,0,0
1777305871.980,103.936,481,0,2,2,0
1777305872.074,104.032,596,0,2,0,0
1777305872.186,104.144,678,0,1,1,0
1777305872.282,104.240,685,0,4,0,0
1777305872.394,104.352,685,0,2,2,0
1777305872.491,104.448,663,0,4,0,0
1777305872.602,104.560,601,0,5,5,0
1777305872.712,104.671,499,0,2,0,0
1777305872.810,104.768,477,0,2,2,0
1777305872.922,104.879,512,0,2,0,0
1777305873.018,104.976,602,0,1,1,0
1777305873.130,105.088,681,0,4,0,0
1777305873.241,105.199,691,0,0,0,0
1777305873.336,105.295,695,0,0,0,0
1777305873.449,105.407,695,0,0,0,0
1777305873.545,105.503,693,0,0,0,0
1777305873.658,105.615,689,0,1,1,0
1777305873.753,105.711,653,0,2,0,0
1777305873.866,105.824,681,0,2,2,0
1777305873.961,105.919,686,0,1,0,0
1777305874.072,106.031,687,1,5,5,0
1777305874.185,106.143,692,0,17,0,0
1777305874.282,106.239,695,0,3,3,0
1777305874.392,106.350,697,0,2,0,0
1777305874.489,106.447,697,0,3,3,0
1777305874.600,106.559,696,0,1,0,0
1777305874.696,106.654,695,0,0,0,0
1777305874.809,106.766,697,0,9,9,0
1777305874.920,106.878,697,0,2,0,0
1777305875.016,106.974,698,1,1,1,0
1777305875.128,107.086,698,0,2,0,0
1777305875.224,107.182,699,0,3,3,0
1777305875.336,107.294,698,0,2,0,0
1777305875.432,107.390,699,0,2,2,0
1777305875.544,107.502,700,0,2,0,0
1777305875.656,107.614,701,0,4,4,0
1777305875.752,107.710,699,0,3,0,0
1777305875.864,107.822,699,0,1,1,0
1777305875.960,107.918,698,0,1,0,0
1777305876.072,108.029,698,0,10,10,0
1777305876.182,108.141,700,0,3,0,0
1777305876.279,108.237,700,0,4,4,0
1777305876.392,108.349,702,1,5,0,0
1777305876.487,108.445,701,0,6,6,0
1777305876.600,108.557,701,0,4,0,0
1777305876.710,108.669,702,0,3,3,0
1777305876.808,108.766,703,0,4,0,0
1777305876.919,108.877,701,0,5,5,0
1777305877.015,108.973,702,0,3,0,0
1777305877.127,109.085,701,1,2,2,0
1777305877.223,109.181,700,0,1,0,0
1777305877.335,109.293,701,0,1,0,0
1777305877.431,109.389,701,0,1,1,0
1777305877.543,109.501,700,0,1,0,0
1777305877.654,109.612,700,0,1,1,0
1777305877.750,109.708,700,0,2,0,0
1777305877.862,109.820,701,0,3,3,0
1777305877.959,109.917,700,0,4,0,0
1777305878.071,110.028,701,0,5,5,0
1777305878.166,110.124,700,0,4,0,0
1777305878.279,110.236,701,0,2,2,0
1777305878.389,110.348,701,0,6,0,0
1777305878.486,110.444,701,0,3,3,0
1777305878.598,110.556,700,0,2,0,0
1777305878.693,110.652,701,0,1,1,0
1777305878.805,110.764,702,0,1,0,0
1777305878.917,110.875,703,0,2,2,0
1777305879.013,110.971,704,0,2,0,0
1777305879.125,111.083,704,0,1,1,0
1777305879.221,111.179,704,0,1,0,0
1777305879.333,111.291,705,0,0,0,0
1777305879.430,111.388,706,0,1,0,0
1777305879.542,111.499,705,0,1,0,0
1777305879.653,111.611,705,0,1,1,0
1777305879.750,111.708,706,0,1,0,0
1777305879.862,111.819,706,0,1,1,0
1777305879.958,111.915,706,0,2,0,0
1777305880.069,112.027,706,0,0,0,0
1777305880.166,112.123,707,0,1,0,0
1777305880.277,112.235,707,0,1,1,0
1777305880.373,112.331,707,0,1,0,0
1777305880.484,112.443,707,0,1,1,0
1777305880.597,112.555,705,0,0,0,0
1777305880.694,112.651,705,0,1,1,0
1777305880.805,112.763,705,0,1,0,0
1777305880.900,112.858,704,0,1,1,0
1777305881.013,112.970,704,0,1,0,0
1777305881.123,113.082,704,0,1,1,0
1777305881.219,113.178,704,0,1,0,0
1777305881.332,113.290,705,0,0,0,0
1777305881.428,113.386,705,0,1,0,0
1777305881.540,113.498,704,0,1,1,0
1777305881.636,113.594,706,0,1,0,0
1777305881.748,113.706,704,0,1,0,0
1777305881.860,113.818,704,0,1,1,0
1777305881.956,113.914,705,0,1,0,0
1777305882.068,114.026,705,0,1,1,0
1777305882.164,114.122,704,0,1,0,0
1777305882.277,114.234,704,0,1,1,0
1777305882.371,114.330,705,0,1,0,0
1777305882.483,114.441,704,0,1,1,0
1777305882.580,114.538,704,0,1,0,0
1777305882.691,114.649,705,0,1,1,0
1777305882.803,114.761,705,0,1,0,0
1777305882.899,114.857,704,0,1,1,0
1777305883.012,114.969,707,0,1,0,0
1777305883.107,115.065,704,0,1,1,0
1777305883.219,115.177,705,0,1,0,0
1777305883.330,115.289,702,0,1,1,0
1777305883.427,115.385,702,0,1,0,0
1777305883.539,115.497,704,0,1,1,0
1777305883.634,115.593,706,0,1,0,0
1777305883.747,115.705,709,0,1,1,0
1777305883.844,115.801,709,0,1,0,0
1777305883.955,115.913,709,0,0,0,0
1777305884.066,116.024,702,0,1,1,0
1777305884.162,116.121,694,0,1,0,0
1777305884.274,116.232,690,0,1,1,0
1777305884.370,116.328,694,0,0,0,0
1777305884.482,116.440,702,0,1,1,0
1777305884.578,116.536,711,0,1,0,0
1777305884.691,116.648,715,0,2,2,0
1777305884.786,116.744,716,0,2,0,0
1777305884.897,116.856,718,0,1,1,0
1777305885.011,116.968,718,0,2,0,0
1777305885.106,117.064,712,0,4,4,0
1777305885.218,117.176,709,0,1,0,0
1777305885.315,117.272,711,0,0,0,0
1777305885.426,117.384,710,0,0,0,0
1777305885.538,117.496,714,0,0,0,0
1777305885.634,117.592,720,0,2,0,0
1777305885.745,117.703,724,0,1,1,0
1777305885.843,117.800,723,0,1,0,0
1777305885.953,117.911,723,0,1,1,0
1777305886.049,118.007,724,0,2,0,0
1777305886.162,118.119,718,0,2,2,0
1777305886.273,118.231,715,0,4,0,0
1777305886.369,118.327,714,0,5,0,0
1777305886.480,118.439,712,0,5,5,0
1777305886.579,118.535,714,0,4,0,0
1777305886.690,118.647,715,0,3,3,0
1777305886.785,118.743,718,0,3,0,0
1777305886.897,118.855,719,0,3,3,0
1777305887.011,118.967,721,0,1,0,0
1777305887.106,119.063,722,0,1,1,0
1777305887.216,119.174,718,0,1,0,0
1777305887.313,119.271,717,0,0,0,0
1777305887.427,119.382,718,0,1,0,0
1777305887.523,119.479,714,0,1,1,0
1777305887.632,119.590,713,0,2,0,0
1777305887.745,119.703,713,0,4,4,0
1777305887.843,119.799,714,0,3,0,0
1777305887.952,119.910,715,0,6,6,0
1777305888.050,120.006,716,0,3,0,0
1777305888.162,120.118,716,0,1,1,0
1777305888.258,120.215,716,0,2,0,0
1777305888.368,120.326,716,0,1,1,0
1777305888.479,120.437,715,0,1,0,0
1777305888.576,120.534,713,0,2,0,0
1777305888.687,120.645,713,0,1,1,0
1777305888.784,120.742,711,0,2,0,0
1777305888.897,120.854,712,0,2,2,0
1777305888.992,120.950,712,0,3,0,0
1777305889.102,121.061,711,0,3,3,0
1777305889.216,121.173,714,0,3,0,0
1777305889.310,121.269,716,0,5,5,0
1777305889.422,121.381,716,0,3,0,0
1777305889.519,121.477,715,0,1,1,0
1777305889.631,121.589,714,0,2,0,0
1777305889.727,121.685,716,0,1,1,0
1777305889.838,121.797,712,0,1,0,0
1777305889.951,121.909,711,0,1,1,0
1777305890.046,122.005,712,0,1,0,0
1777305890.160,122.117,712,0,1,1,0
1777305890.255,122.213,712,0,3,0,0
1777305890.367,122.325,715,0,1,1,0
1777305890.464,122.421,717,0,3,0,0
1777305890.576,122.533,716,0,4,4,0
1777305890.686,122.644,716,0,5,0,0
1777305890.785,122.742,716,0,5,0,0
1777305890.894,122.852,714,0,3,3,0
1777305890.993,122.951,714,0,3,0,0
1777305891.103,123.060,714,0,2,2,0
1777305891.200,123.157,715,0,2,0,0
1777305891.309,123.268,715,0,2,2,0
1777305891.421,123.379,716,0,2,0,0
1777305891.518,123.476,718,0,1,1,0
1777305891.632,123.590,718,0,1,0,0
1777305891.726,123.684,718,0,1,1,0
1777305891.839,123.796,717,0,1,0,0
1777305891.934,123.892,716,0,1,1,0
1777305892.046,124.004,716,0,1,0,0
1777305892.158,124.116,716,0,1,1,0
1777305892.255,124.212,716,0,1,0,0
1777305892.365,124.323,716,0,1,1,0
1777305892.461,124.419,717,0,1,0,0
1777305892.573,124.532,718,0,3,3,0
1777305892.670,124.628,720,0,2,0,0
1777305892.782,124.739,719,0,3,3,0
1777305892.893,124.851,718,0,2,0,0
1777305892.989,124.947,717,0,2,0,0
1777305893.100,125.059,717,0,3,3,0
1777305893.198,125.155,719,0,3,0,0
1777305893.311,125.267,716,0,3,3,0
1777305893.406,125.363,715,0,5,0,0
1777305893.517,125.475,716,0,3,3,0
1777305893.629,125.586,715,0,2,0,0
1777305893.726,125.683,717,0,3,3,0
1777305893.837,125.795,716,0,2,0,0
1777305893.934,125.891,717,0,1,1,0
1777305894.045,126.003,718,0,2,0,0
1777305894.142,126.099,717,0,1,1,0
1777305894.253,126.210,716,0,1,0,0
1777305894.365,126.322,717,0,1,1,0
1777305894.461,126.419,716,0,1,0,0
1777305894.573,126.530,717,0,1,1,0
1777305894.669,126.626,716,0,3,0,0
1777305894.780,126.738,716,0,2,2,0
1777305894.878,126.835,716,0,2,0,0
1777305894.989,126.946,716,0,3,3,0
1777305895.100,127.058,716,0,5,0,0
1777305895.197,127.154,716,0,3,0,0
1777305895.308,127.266,716,0,3,3,0
1777305895.405,127.362,716,0,2,0,0
1777305895.516,127.473,716,0,1,1,0
1777305895.612,127.570,715,0,1,0,0
1777305895.724,127.682,716,0,1,1,0
1777305895.834,127.793,715,0,1,0,0
1777305895.930,127.889,715,0,2,2,0
1777305896.042,128.001,715,0,3,0,0
1777305896.138,128.097,715,0,3,3,0
1777305896.250,128.209,716,0,3,0,0
1777305896.346,128.305,715,0,3,3,0
1777305896.462,128.417,717,0,4,0,0
1777305896.573,128.529,716,0,2,2,0
1777305896.667,128.625,717,0,1,0,0
1777305896.779,128.737,716,0,1,1,0
1777305896.876,128.833,716,0,0,0,0
1777305896.987,128.945,716,0,1,1,0
1777305897.083,129.041,715,0,1,0,0
1777305897.196,129.153,715,0,1,1,0
1777305897.307,129.264,716,0,1,0,0
1777305897.404,129.361,717,0,1,1,0
1777305897.514,129.472,717,0,2,0,0
1777305897.613,129.569,718,0,2,0,0
1777305897.723,129.680,717,0,3,3,0
1777305897.819,129.777,717,0,2,0,0
1777305897.930,129.888,717,0,3,3,0
1777305898.042,130.000,716,0,3,0,0
1777305898.139,130.097,715,0,3,3,0
1777305898.250,130.208,716,0,5,0,0
1777305898.346,130.304,716,0,3,3,0
1777305898.457,130.415,716,0,4,0,0
1777305898.554,130.512,716,0,3,3,0
1777305898.666,130.624,716,0,4,0,0
1777305898.778,130.735,715,0,3,3,0
1777305898.874,130.832,715,0,5,0,0
1777305898.986,130.944,714,0,7,7,0
1777305899.082,131.039,715,0,3,0,0
1777305899.195,131.151,715,0,4,4,0
1777305899.290,131.247,715,0,5,0,0
1777305899.402,131.359,715,0,3,3,0
1777305899.512,131.471,715,0,5,0,0
1777305899.609,131.567,715,0,4,4,0
1777305899.722,131.679,715,0,2,0,0
1777305899.819,131.776,716,0,2,0,0
1777305899.928,131.886,714,0,2,2,0
1777305900.024,131.983,714,0,1,0,0
1777305900.136,132.094,714,0,2,2,0
1777305900.247,132.206,714,0,1,0,0
1777305900.344,132.302,714,0,1,1,0
1777305900.456,132.414,714,0,1,0,0
1777305900.552,132.510,713,0,1,1,0
1777305900.664,132.622,713,0,1,0,0
1777305900.775,132.734,713,0,1,1,0
1777305900.873,132.830,713,0,1,0,0
1777305900.983,132.942,712,0,1,1,0
1777305901.080,133.038,714,0,1,0,0
1777305901.193,133.150,714,0,2,2,0
1777305901.289,133.246,714,0,1,0,0
1777305901.400,133.358,714,0,1,1,0
1777305901.497,133.454,715,0,1,0,0
1777305901.607,133.565,714,0,1,1,0
1777305901.719,133.677,714,0,2,0,0
1777305901.815,133.773,714,0,2,2,0
1777305901.927,133.885,714,0,4,0,0
1777305902.023,133.981,714,0,3,0,0
1777305902.135,134.093,714,0,3,3,0
1777305902.232,134.190,714,0,2,0,0
1777305902.343,134.301,713,0,3,3,0
1777305902.454,134.413,714,0,3,0,0
1777305902.551,134.509,713,0,3,3,0
1777305902.662,134.621,713,0,4,0,0
1777305902.760,134.718,713,0,4,4,0
1777305902.872,134.829,713,0,3,0,0
1777305902.982,134.940,714,0,4,4,0
1777305903.078,135.037,714,0,3,0,0
1777305903.191,135.149,714,0,6,6,0
1777305903.286,135.245,714,0,3,0,0
1777305903.399,135.357,714,0,4,4,0
1777305903.495,135.453,715,0,4,0,0
1777305903.606,135.564,714,0,3,3,0
1777305903.702,135.660,713,0,4,0,0
1777305903.814,135.772,714,0,3,3,0
1777305903.928,135.885,714,0,5,0,0
1777305904.023,135.981,713,0,3,3,0
1777305904.133,136.092,714,0,4,0,0
1777305904.230,136.188,713,0,4,0,0
1777305904.342,136.300,714,0,3,3,0
1777305904.438,136.396,714,0,4,0,0
1777305904.550,136.508,713,0,1,1,0
1777305904.662,136.620,715,0,1,0,0
1777305904.760,136.716,714,0,1,1,0
1777305904.870,136.828,713,0,1,0,0
1777305904.965,136.924,714,0,0,0,0
1777305905.077,137.035,714,0,1,0,0
1777305905.189,137.147,714,0,1,1,0
1777305905.286,137.244,714,0,1,0,0
1777305905.397,137.355,714,0,1,1,0
1777305905.495,137.453,713,0,2,0,0
1777305905.606,137.563,714,0,3,3,0
1777305905.701,137.659,713,0,3,0,0
1777305905.813,137.771,714,0,4,4,0
1777305905.909,137.867,713,0,4,0,0
1777305906.020,137.979,714,0,3,3,0
1777305906.132,138.091,714,0,5,0,0
1777305906.228,138.187,715,0,3,3,0
1777305906.342,138.299,713,0,2,0,0
1777305906.437,138.395,714,0,2,0,0
1777305906.548,138.507,714,0,2,2,0
1777305906.644,138.602,715,0,2,0,0
1777305906.756,138.714,715,0,1,1,0
1777305906.869,138.826,715,0,1,0,0
1777305906.965,138.923,716,0,1,1,0
1777305907.076,139.034,715,0,0,0,0
1777305907.173,139.130,715,0,1,1,0
1777305907.284,139.242,715,0,2,0,0
1777305907.395,139.354,716,0,1,1,0
1777305907.492,139.450,714,0,3,0,0
1777305907.604,139.562,714,0,3,3,0
1777305907.699,139.658,715,0,2,0,0
1777305907.812,139.770,714,0,3,3,0
1777305907.908,139.866,714,0,3,0,0
1777305908.019,139.978,714,0,3,3,0
1777305908.131,140.089,714,0,4,0,0
1777305908.228,140.186,715,0,4,4,0
1777305908.339,140.297,714,0,4,0,0
1777305908.436,140.393,715,0,4,4,0
1777305908.548,140.506,716,0,2,0,0
1777305908.644,140.602,715,0,2,0,0
1777305908.756,140.713,715,0,3,3,0
1777305908.852,140.810,714,0,2,0,0
1777305908.962,140.921,714,0,1,1,0
1777305909.074,141.033,714,0,2,0,0
1777305909.172,141.130,715,0,1,1,0
1777305909.283,141.241,714,0,1,0,0
1777305909.380,141.337,714,0,1,1,0
1777305909.490,141.449,715,0,0,0,0
1777305909.602,141.560,714,0,1,1,0
1777305909.698,141.656,714,0,1,0,0
1777305909.811,141.769,713,0,1,1,0
1777305909.908,141.865,714,0,1,0,0
1777305910.018,141.976,713,0,1,1,0
1777305910.114,142.072,714,0,0,0,0
1777305910.228,142.185,714,1,0,0,0
1777305910.338,142.296,714,0,1,0,0
1777305910.434,142.392,714,0,1,1,0
1777305910.546,142.504,715,0,1,0,0
1777305910.645,142.601,714,0,2,2,0
1777305910.755,142.712,715,0,2,0,0
1777305910.850,142.808,713,0,1,1,0
1777305910.962,142.920,714,0,1,0,0
1777305911.059,143.017,714,0,4,0,0
1777305911.171,143.128,714,0,3,3,0
1777305911.281,143.239,714,0,5,0,0
1777305911.382,143.337,714,0,6,6,0
1777305911.490,143.448,714,0,3,0,0
1777305911.585,143.544,714,0,3,3,0
1777305911.697,143.656,715,0,2,0,0
1777305911.809,143.767,715,0,1,1,0
1777305911.905,143.863,715,0,1,0,0
1777305912.017,143.975,715,0,1,1,0
1777305912.113,144.071,715,0,0,0,0
1777305912.227,144.183,717,0,1,1,0
1777305912.324,144.280,715,0,1,0,0
1777305912.433,144.391,715,0,2,2,0
1777305912.545,144.503,715,0,2,0,0
1777305912.644,144.599,716,0,3,3,0
1777305912.753,144.711,716,0,3,0,0
1777305912.849,144.807,716,0,4,4,0
1777305912.961,144.919,717,0,3,0,0
1777305913.058,145.015,715,0,1,1,0
1777305913.168,145.127,715,0,1,0,0
1777305913.280,145.238,714,0,1,0,0
1777305913.378,145.335,716,1,1,1,0
1777305913.492,145.447,717,0,1,0,0
1777305913.584,145.542,715,0,1,1,0
1777305913.698,145.655,715,0,3,0,0
1777305913.795,145.752,713,0,5,5,0
1777305913.904,145.862,715,0,3,0,0
1777305914.016,145.974,717,0,2,2,0
1777305914.112,146.070,716,0,1,0,0
1777305914.224,146.182,717,0,1,1,0
1777305914.321,146.278,716,0,1,0,0
1777305914.432,146.390,716,0,2,2,0
1777305914.528,146.486,716,0,2,0,0
1777305914.641,146.598,715,0,2,2,0
1777305914.753,146.709,715,0,5,0,0
1777305914.849,146.806,715,0,4,4,0
1777305914.961,146.917,714,0,3,0,0
1777305915.059,147.014,715,0,3,3,0
1777305915.168,147.126,715,0,3,0,0
1777305915.264,147.222,715,0,3,3,0
1777305915.376,147.333,715,0,1,0,0
1777305915.487,147.445,715,0,1,0,0
1777305915.585,147.542,716,0,1,1,0
1777305915.696,147.653,717,0,1,0,0
1777305915.792,147.749,716,0,1,1,0
1777305915.904,147.861,716,0,0,0,0
1777305915.999,147.957,718,0,1,1,0
1777305916.111,148.069,717,0,1,0,0
1777305916.222,148.180,717,0,1,1,0
1777305916.318,148.277,717,0,2,0,0
1777305916.431,148.388,718,0,1,1,0
1777305916.526,148.484,717,0,2,0,0
1777305916.638,148.596,717,0,2,2,0
1777305916.735,148.693,718,0,2,0,0
1777305916.846,148.804,718,0,5,5,0
1777305916.958,148.916,719,0,2,0,0
1777305917.054,149.012,719,0,4,4,0
1777305917.166,149.124,719,0,4,0,0
1777305917.263,149.220,721,0,4,4,0
1777305917.375,149.332,719,0,3,0,0
1777305917.471,149.429,720,0,4,4,0
1777305917.583,149.540,719,0,3,0,0
1777305917.694,149.652,719,0,2,0,0
1777305917.793,149.749,720,0,1,1,0
1777305917.904,149.862,720,0,1,0,0
1777305917.998,149.956,719,0,1,1,0
1777305918.110,150.067,720,0,1,0,0
1777305918.206,150.164,720,0,1,1,0
1777305918.319,150.276,719,0,1,0,0
1777305918.430,150.387,720,0,1,1,0
1777305918.527,150.485,718,0,1,0,0
1777305918.638,150.595,719,0,1,1,0
1777305918.734,150.692,718,0,1,0,0
1777305918.845,150.803,718,0,2,2,0
1777305918.942,150.899,719,0,2,0,0
1777305919.053,151.011,719,0,6,6,0
1777305919.166,151.123,719,0,3,0,0
1777305919.260,151.219,717,0,4,4,0
1777305919.372,151.331,718,0,4,0,0
1777305919.469,151.427,718,0,3,3,0
1777305919.581,151.539,716,0,3,0,0
1777305919.693,151.650,716,0,5,5,0
1777305919.789,151.747,716,0,5,0,0
1777305919.900,151.858,716,0,5,0,0
1777305919.997,151.955,716,0,3,3,0
1777305920.109,152.066,716,0,2,0,0
1777305920.205,152.163,715,0,3,3,0
1777305920.317,152.275,715,0,3,0,0
1777305920.412,152.370,715,0,3,3,0
1777305920.524,152.482,714,0,2,0,0
1777305920.637,152.594,715,0,3,3,0
1777305920.732,152.690,714,0,3,0,0
1777305920.844,152.802,715,0,2,2,0
1777305920.941,152.898,715,0,3,0,0
1777305921.053,153.010,714,0,1,1,0
1777305921.148,153.106,715,0,1,0,0
1777305921.260,153.218,715,0,1,1,0
1777305921.371,153.330,714,0,2,0,0
1777305921.468,153.426,715,0,3,3,0
1777305921.580,153.538,715,0,3,0,0
1777305921.677,153.635,715,0,2,2,0
1777305921.787,153.745,714,0,3,0,0
1777305921.899,153.857,714,0,3,3,0
1777305921.996,153.953,714,0,3,0,0
1777305922.106,154.065,716,0,4,0,0
1777305922.202,154.161,716,0,2,2,0
1777305922.314,154.273,716,0,3,0,0
1777305922.411,154.369,716,0,3,3,0
1777305922.523,154.481,716,0,2,0,0
1777305922.620,154.578,717,0,3,3,0
1777305922.732,154.689,717,0,2,0,0
1777305922.843,154.800,717,0,5,5,0
1777305922.940,154.897,718,0,2,0,0
1777305923.051,155.008,718,0,2,2,0
1777305923.146,155.104,719,0,1,0,0
1777305923.260,155.217,718,0,2,2,0
1777305923.355,155.313,719,0,1,0,0
1777305923.466,155.424,719,0,1,1,0
1777305923.577,155.536,719,0,1,0,0
1777305923.675,155.632,720,0,0,0,0
1777305923.787,155.744,719,0,1,0,0
1777305923.884,155.841,718,0,1,1,0
1777305923.994,155.952,720,0,1,0,0
1777305924.106,156.064,719,0,2,2,0
1777305924.201,156.160,719,0,2,0,0
1777305924.314,156.272,719,0,4,0,0
1777305924.411,156.368,720,0,4,4,0
1777305924.521,156.479,719,0,4,0,0
1777305924.619,156.576,719,0,5,5,0
1777305924.730,156.688,719,0,3,0,0
1777305924.826,156.784,719,0,3,3,0
1777305924.937,156.895,718,0,2,0,0
1777305925.050,157.008,719,0,2,2,0
1777305925.145,157.104,718,0,1,0,0
1777305925.258,157.215,719,0,1,1,0
1777305925.354,157.311,718,0,1,0,0
1777305925.466,157.424,718,0,1,1,0
1777305925.562,157.520,718,0,1,0,0
1777305925.674,157.631,717,0,1,1,0
1777305925.785,157.743,717,0,1,0,0
1777305925.882,157.839,717,0,2,2,0
1777305925.992,157.950,716,0,1,0,0
1777305926.090,158.047,716,0,3,3,0
1777305926.201,158.159,716,0,3,0,0
1777305926.312,158.270,716,0,4,4,0
1777305926.409,158.366,716,0,3,0,0
1777305926.521,158.478,716,0,4,4,0
1777305926.617,158.575,716,0,5,0,0
1777305926.729,158.686,716,0,3,0,0
1777305926.825,158.783,716,0,2,2,0
1777305926.937,158.894,715,0,1,0,0
1777305927.049,159.006,715,0,1,1,0
1777305927.144,159.102,715,0,1,0,0
1777305927.256,159.214,715,0,0,0,0
1777305927.353,159.311,715,0,2,0,0
1777305927.464,159.422,714,0,1,1,0
1777305927.560,159.518,714,0,2,0,0
1777305927.671,159.629,715,0,3,3,0
1777305927.768,159.726,714,0,4,0,0
1777305927.879,159.838,714,0,3,3,0
1777305927.993,159.950,715,0,5,0,0
1777305928.088,160.046,714,0,3,3,0
1777305928.199,160.157,715,0,3,0,0
1777305928.295,160.253,715,0,5,5,0
1777305928.408,160.365,715,0,3,0,0
1777305928.519,160.477,717,0,2,2,0
1777305928.616,160.573,715,0,3,0,0
1777305928.727,160.685,715,0,2,2,0
1777305928.823,160.781,715,0,2,0,0
1777305928.935,160.893,716,0,1,0,0
1777305929.032,160.990,716,0,1,1,0
1777305929.143,161.101,715,0,2,0,0
1777305929.255,161.213,716,0,1,1,0
1777305929.352,161.309,715,0,2,0,0
1777305929.463,161.420,716,0,1,1,0
1777305929.560,161.518,717,0,1,0,0
1777305929.671,161.629,717,0,0,0,0
1777305929.766,161.724,717,0,1,0,0
1777305929.879,161.837,717,0,1,1,0
1777305929.975,161.933,717,0,0,0,0
1777305930.086,162.044,718,0,1,1,0
1777305930.199,162.156,717,0,1,0,0
1777305930.295,162.252,718,0,1,1,0
1777305930.406,162.364,718,0,1,0,0
1777305930.502,162.460,718,0,1,1,0
1777305930.615,162.572,718,0,3,0,0
1777305930.727,162.684,718,0,2,2,0
1777305930.822,162.780,718,0,2,0,0
1777305930.934,162.892,718,0,2,2,0
1777305931.029,162.988,720,0,3,0,0
1777305931.142,163.100,718,0,3,0,0
1777305931.239,163.196,718,0,5,5,0
1777305931.349,163.307,717,0,2,0,0
1777305931.461,163.419,717,0,4,4,0
1777305931.558,163.515,717,0,5,0,0
1777305931.670,163.627,718,0,4,4,0
1777305931.766,163.724,718,0,2,0,0
1777305931.876,163.835,718,0,1,1,0
1777305931.974,163.932,718,0,1,0,0
1777305932.085,164.043,717,0,1,1,0
1777305932.181,164.139,715,0,0,0,0
1777305932.294,164.251,717,0,1,1,0
1777305932.404,164.362,716,0,2,0,0
1777305932.500,164.459,716,0,3,3,0
1777305932.612,164.571,716,0,4,0,0
1777305932.711,164.668,714,0,6,6,0
1777305932.821,164.779,718,0,2,0,0
1777305932.933,164.890,715,0,2,2,0
1777305933.028,164.986,716,0,1,0,0
1777305933.141,165.098,716,0,1,1,0
1777305933.238,165.195,717,0,1,0,0
1777305933.349,165.306,715,0,1,0,0
1777305933.444,165.402,715,0,3,3,0
1777305933.557,165.514,717,0,3,0,0
1777305933.668,165.626,715,0,3,3,0
1777305933.765,165.722,716,0,3,0,0
1777305933.877,165.834,714,0,1,1,0
1777305933.972,165.930,715,0,1,0,0
1777305934.084,166.042,716,0,1,1,0
1777305934.179,166.138,715,0,1,0,0
1777305934.293,166.250,716,0,2,2,0
1777305934.403,166.362,715,0,1,0,0
1777305934.501,166.458,715,0,3,3,0
1777305934.611,166.569,716,0,5,0,0
1777305934.708,166.666,714,0,3,3,0
1777305934.819,166.777,715,0,3,0,0
1777305934.915,166.873,713,0,3,3,0
1777305935.027,166.985,716,0,2,0,0
1777305935.140,167.097,716,0,1,1,0
1777305935.235,167.193,715,0,1,0,0
1777305935.347,167.305,716,0,1,1,0
1777305935.443,167.401,716,0,1,0,0
1777305935.555,167.513,716,0,1,0,0
1777305935.651,167.609,717,0,3,3,0
1777305935.763,167.721,715,0,4,0,0
1777305935.874,167.832,717,0,4,4,0
1777305935.970,167.928,715,0,4,0,0
1777305936.084,168.041,716,0,6,6,0
1777305936.179,168.137,716,0,5,0,0
1777305936.291,168.249,716,0,4,4,0
1777305936.387,168.345,717,0,4,0,0
1777305936.499,168.457,715,0,5,5,0
1777305936.610,168.568,715,0,3,0,0
1777305936.707,168.664,716,0,3,3,0
1777305936.819,168.776,716,0,6,0,0
1777305936.914,168.872,714,0,3,3,0
1777305937.026,168.984,715,0,4,0,0
1777305937.122,169.080,716,0,3,3,0
1777305937.234,169.192,717,0,3,0,0
1777305937.347,169.304,716,0,3,3,0
1777305937.442,169.399,716,0,1,0,0
1777305937.554,169.512,716,0,2,2,0
1777305937.649,169.608,716,0,1,0,0
1777305937.762,169.719,715,0,1,0,0
1777305937.858,169.816,716,0,2,2,0
1777305937.970,169.927,715,0,1,0,0
1777305938.084,170.039,715,0,2,2,0
1777305938.178,170.135,715,0,1,0,0
1777305938.288,170.247,715,0,2,2,0
1777305938.385,170.343,715,0,1,0,0
1777305938.497,170.455,715,0,2,2,0
1777305938.593,170.551,716,0,2,0,0
1777305938.706,170.663,716,0,1,1,0
1777305938.817,170.774,714,0,1,0,0
1777305938.912,170.871,716,0,1,1,0
1777305939.026,170.983,715,0,1,0,0
1777305939.121,171.079,715,0,1,1,0
1777305939.233,171.190,717,0,1,0,0
1777305939.328,171.286,715,0,1,1,0
1777305939.441,171.399,714,0,2,0,0
1777305939.552,171.510,715,0,1,1,0
1777305939.649,171.606,715,0,2,0,0
1777305939.760,171.718,714,0,4,4,0
1777305939.857,171.814,715,0,2,0,0
1777305939.969,171.926,714,0,4,4,0
1777305940.064,172.022,714,0,3,0,0
1777305940.178,172.136,714,0,3,0,0
1777305940.287,172.246,714,0,6,6,0
1777305940.384,172.342,715,0,2,0,0
1777305940.496,172.454,715,0,3,3,0
1777305940.592,172.550,715,1,3,0,0
1777305940.705,172.662,715,0,1,1,0
1777305940.801,172.758,715,0,1,0,0
1777305940.913,172.870,715,0,1,1,0
1777305941.023,172.981,715,0,1,0,0
1777305941.119,173.078,714,0,1,1,0
1777305941.231,173.189,713,0,2,0,0
1777305941.329,173.286,715,0,1,1,0
1777305941.440,173.398,715,0,3,0,0
1777305941.535,173.493,715,0,5,5,0
1777305941.647,173.605,715,0,3,0,0
1777305941.759,173.717,714,0,5,5,0
1777305941.855,173.813,714,0,2,0,0
1777305941.967,173.925,714,0,2,2,0
1777305942.065,174.021,714,0,1,0,0
1777305942.176,174.133,713,0,2,2,0
1777305942.272,174.230,715,0,1,0,0
1777305942.382,174.340,714,0,1,0,0
1777305942.495,174.453,714,0,3,3,0
1777305942.592,174.549,715,1,2,0,0
1777305942.701,174.660,715,0,2,2,0
1777305942.798,174.756,714,0,4,0,0
1777305942.911,174.868,714,0,4,4,0
1777305943.007,174.965,714,0,3,0,0
1777305943.119,175.077,713,0,3,3,0
1777305943.230,175.188,714,0,1,0,0
1777305943.326,175.284,713,0,1,1,0
1777305943.439,175.397,714,0,1,0,0
1777305943.535,175.492,714,0,1,1,0
1777305943.646,175.604,714,0,1,0,0
1777305943.743,175.701,714,0,1,1,0
1777305943.854,175.812,714,0,1,0,0
1777305943.967,175.924,714,0,2,2,0
1777305944.061,176.019,714,0,2,0,0
1777305944.173,176.131,714,0,2,2,0
1777305944.270,176.227,713,0,5,0,0
1777305944.381,176.339,713,0,3,3,0
1777305944.477,176.435,714,0,6,0,0
1777305944.589,176.547,713,0,4,0,0
1777305944.702,176.659,714,0,4,4,0
1777305944.798,176.756,714,0,6,0,0
1777305944.910,176.867,714,0,3,3,0
1777305945.006,176.963,714,0,3,0,0
1777305945.117,177.075,714,0,4,4,0
1777305945.214,177.171,712,0,6,0,0
1777305945.326,177.283,713,0,3,3,0
1777305945.437,177.395,713,0,4,0,0
1777305945.534,177.492,713,0,5,5,0
1777305945.645,177.602,713,0,3,0,0
1777305945.740,177.698,713,0,5,5,0
1777305945.852,177.810,714,0,2,0,0
1777305945.949,177.907,715,0,4,4,0
1777305946.061,178.018,715,0,3,0,0
1777305946.172,178.130,715,0,3,3,0
1777305946.268,178.226,715,0,2,0,0
1777305946.380,178.338,714,0,2,2,0
1777305946.477,178.435,715,0,1,0,0
1777305946.587,178.546,713,0,3,3,0
1777305946.684,178.642,714,0,1,0,0
1777305946.796,178.754,713,0,6,0,0
1777305946.908,178.865,715,0,6,6,0
1777305947.005,178.962,716,0,6,0,0
1777305947.116,179.074,716,0,4,4,0
1777305947.212,179.170,715,0,6,0,0
1777305947.324,179.282,715,0,4,4,0
1777305947.421,179.378,715,0,4,0,0
1777305947.532,179.490,717,0,3,3,0
1777305947.643,179.601,716,0,3,0,0
1777305947.739,179.697,715,0,1,1,0
1777305947.852,179.809,716,0,1,0,0
1777305947.946,179.905,717,0,1,1,0
1777305948.059,180.017,717,0,1,0,0
1777305948.171,180.129,717,0,1,1,0
1777305948.268,180.225,716,0,1,0,0
1777305948.378,180.337,718,0,2,2,0
1777305948.475,180.433,717,0,3,0,0
1777305948.587,180.545,717,0,3,3,0
1777305948.684,180.641,717,0,3,0,0
1777305948.795,180.753,717,0,4,4,0
1777305948.893,180.850,717,0,3,0,0
1777305949.003,180.961,717,0,3,0,0
1777305949.115,181.072,716,0,2,2,0
1777305949.210,181.169,717,0,2,0,0
1777305949.323,181.280,717,0,1,1,0
1777305949.419,181.377,717,0,1,0,0
1777305949.531,181.488,717,0,1,1,0
1777305949.627,181.585,717,0,1,0,0
1777305949.738,181.696,716,0,1,1,0
1777305949.849,181.808,716,0,1,0,0
1777305949.947,181.904,716,0,1,1,0
1777305950.058,182.016,715,0,1,0,0
1777305950.154,182.112,715,0,1,1,0
1777305950.266,182.224,715,0,1,0,0
1777305950.378,182.335,714,0,1,1,0
1777305950.474,182.432,715,0,0,0,0
1777305950.586,182.543,715,0,4,4,0
1777305950.682,182.640,715,0,2,0,0
1777305950.794,182.751,717,0,1,1,0
1777305950.890,182.848,715,0,3,0,0
1777305951.002,182.959,718,0,1,0,0
1777305951.098,183.056,714,0,5,5,0
1777305951.210,183.167,713,0,3,0,0
1777305951.322,183.279,715,0,5,5,0
1777305951.418,183.376,714,0,3,0,0
1777305951.529,183.487,714,0,3,3,0
1777305951.626,183.584,714,0,3,0,0
1777305951.737,183.695,715,0,2,2,0
1777305951.833,183.791,715,0,2,0,0
1777305951.945,183.903,715,0,1,1,0
1777305952.056,184.015,714,0,1,0,0
1777305952.152,184.110,715,0,1,1,0
1777305952.266,184.223,715,0,2,0,0
1777305952.361,184.319,714,0,1,1,0
1777305952.473,184.431,714,0,1,0,0
1777305952.584,184.542,715,0,1,1,0
1777305952.680,184.639,716,0,1,0,0
1777305952.792,184.750,716,0,2,2,0
1777305952.888,184.846,716,0,1,0,0
1777305953.000,184.958,717,0,3,3,0
1777305953.096,185.054,717,0,4,0,0
1777305953.208,185.166,716,0,3,3,0
1777305953.305,185.262,716,0,3,0,0
1777305953.416,185.374,717,0,3,0,0
1777305953.528,185.486,717,0,2,2,0
1777305953.624,185.582,717,0,0,0,0
1777305953.736,185.694,716,0,1,1,0
1777305953.832,185.790,719,0,1,0,0
1777305953.943,185.902,716,0,2,2,0
1777305954.040,185.998,717,0,1,0,0
1777305954.152,186.110,717,0,2,2,0
1777305954.263,186.221,716,0,3,0,0
1777305954.360,186.318,717,0,3,3,0
1777305954.470,186.429,714,0,5,0,0
1777305954.568,186.525,716,0,3,3,0
1777305954.680,186.638,717,0,2,0,0
1777305954.790,186.749,717,0,1,1,0
1777305954.888,186.845,717,0,2,0,0
1777305954.999,186.957,717,0,1,1,0
1777305955.096,187.053,717,0,1,0,0
1777305955.207,187.165,716,0,2,2,0
1777305955.304,187.261,718,0,3,0,0
1777305955.415,187.373,718,0,4,4,0
1777305955.526,187.484,717,0,3,0,0
1777305955.623,187.581,717,0,3,0,0
1777305955.735,187.693,716,0,4,4,0
1777305955.830,187.788,716,0,2,0,0
1777305955.942,187.900,716,0,1,1,0
1777305956.038,187.996,716,0,1,0,0
1777305956.149,188.108,716,0,1,1,0
1777305956.246,188.204,716,0,1,0,0
1777305956.359,188.317,716,0,1,1,0
1777305956.470,188.428,716,0,1,0,0
1777305956.567,188.524,716,0,0,0,0
1777305956.678,188.636,715,0,1,0,0
1777305956.775,188.732,715,0,1,1,0
1777305956.886,188.844,716,0,1,0,0
1777305956.998,188.956,716,0,1,1,0
1777305957.095,189.052,715,0,1,0,0
1777305957.206,189.164,714,0,2,2,0
1777305957.302,189.260,715,0,1,0,0
1777305957.413,189.371,715,0,1,1,0
1777305957.509,189.467,715,0,1,0,0
1777305957.622,189.579,715,0,1,1,0
1777305957.733,189.691,715,0,2,0,0
1777305957.830,189.788,715,0,1,0,0
1777305957.943,189.900,715,0,2,2,0
1777305958.038,189.995,715,0,1,0,0
1777305958.149,190.107,716,0,2,2,0
1777305958.245,190.203,715,0,1,0,0
1777305958.358,190.315,715,0,3,3,0
1777305958.454,190.412,716,0,4,0,0
1777305958.564,190.522,718,0,4,4,0
1777305958.677,190.635,716,0,5,0,0
1777305958.774,190.731,715,0,3,3,0
1777305958.884,190.843,717,0,4,0,0
1777305958.981,190.939,716,0,3,3,0
1777305959.094,191.051,718,0,3,0,0
1777305959.205,191.162,717,0,2,2,0
1777305959.301,191.259,717,0,1,0,0
1777305959.412,191.370,718,0,1,1,0
1777305959.510,191.468,717,0,0,0,0
1777305959.621,191.578,717,0,1,1,0
1777305959.717,191.675,718,0,1,0,0
1777305959.828,191.786,718,0,2,2,0
1777305959.940,191.897,717,0,4,0,0
1777305960.036,191.994,718,0,3,0,0
1777305960.148,192.106,718,0,3,3,0
1777305960.244,192.202,718,0,4,0,0
1777305960.356,192.314,719,0,3,3,0
1777305960.452,192.410,718,0,4,0,0
1777305960.564,192.522,719,0,3,3,0
1777305960.659,192.618,719,0,3,0,0
1777305960.772,192.730,719,0,2,2,0
1777305960.884,192.841,719,0,1,0,0
1777305960.979,192.937,718,0,1,1,0
1777305961.091,193.049,719,0,1,0,0
1777305961.188,193.146,717,0,1,1,0
1777305961.299,193.257,718,0,1,0,0
1777305961.411,193.369,718,0,1,1,0
1777305961.508,193.465,718,0,1,0,0
1777305961.619,193.577,718,0,3,3,0
1777305961.716,193.674,718,0,3,0,0
1777305961.827,193.785,718,0,2,2,0
1777305961.923,193.881,718,0,4,0,0
1777305962.035,193.993,719,0,3,3,0
1777305962.146,194.104,718,0,4,0,0
1777305962.241,194.200,717,0,3,0,0
1777305962.355,194.313,719,0,4,4,0
1777305962.451,194.409,718,0,3,0,0
1777305962.563,194.521,718,0,2,2,0
1777305962.659,194.617,716,0,3,0,0
1777305962.771,194.729,718,0,1,1,0
1777305962.882,194.840,718,0,1,0,0
1777305962.978,194.936,718,0,1,1,0
1777305963.090,195.048,718,0,2,0,0
1777305963.185,195.144,716,0,1,1,0
1777305963.297,195.255,718,0,1,0,0
1777305963.393,195.352,719,0,1,1,0
1777305963.506,195.464,719,0,0,0,0
1777305963.618,195.576,718,0,1,1,0
1777305963.714,195.671,717,0,1,0,0
1777305963.826,195.784,718,0,2,2,0
1777305963.923,195.880,719,0,1,0,0
1777305964.035,195.992,718,0,1,1,0
1777305964.130,196.088,718,0,1,0,0
1777305964.241,196.199,719,0,2,2,0
1777305964.354,196.311,719,0,1,0,0
1777305964.450,196.408,719,0,3,0,0
1777305964.561,196.519,718,0,2,2,0
1777305964.658,196.615,718,0,2,0,0
1777305964.769,196.727,717,0,2,2,0
1777305964.865,196.823,718,0,3,0,0
1777305964.976,196.935,717,0,3,3,0
1777305965.089,197.046,719,0,5,0,0
1777305965.186,197.143,718,0,4,4,0
1777305965.297,197.255,718,0,3,0,0
1777305965.394,197.351,719,0,6,6,0
1777305965.505,197.462,717,0,4,0,0
1777305965.600,197.558,718,0,3,3,0
1777305965.712,197.670,720,0,3,0,0
1777305965.825,197.782,719,0,3,3,0
1777305965.921,197.878,719,0,1,0,0
1777305966.034,197.990,719,0,1,1,0
1777305966.129,198.086,719,0,0,0,0
1777305966.240,198.198,718,1,1,1,0
1777305966.336,198.294,719,0,1,0,0
1777305966.448,198.406,719,0,2,2,0
1777305966.560,198.517,719,0,2,0,0
1777305966.656,198.614,719,0,3,0,0
1777305966.769,198.726,719,0,4,4,0
1777305966.864,198.822,719,0,3,0,0
1777305966.975,198.933,719,0,3,3,0
1777305967.072,199.030,719,0,3,0,0
1777305967.185,199.142,717,0,2,2,0
1777305967.295,199.253,719,0,1,0,0
1777305967.392,199.350,718,0,1,1,0
1777305967.503,199.461,719,0,1,0,0
1777305967.600,199.557,718,0,1,1,0
1777305967.712,199.670,719,0,1,0,0
1777305967.808,199.765,719,0,1,1,0
1777305967.919,199.877,719,0,3,0,0
1777305968.031,199.989,717,0,2,2,0
1777305968.128,200.085,719,0,4,0,0
1777305968.239,200.197,719,0,3,3,0
1777305968.335,200.293,717,0,3,0,0
1777305968.447,200.405,718,0,3,3,0
1777305968.543,200.501,717,0,3,0,0
1777305968.657,200.613,718,1,1,1,0
1777305968.766,200.724,717,0,1,0,0
1777305968.862,200.820,717,0,1,1,0
1777305968.976,200.933,718,0,0,0,0
1777305969.072,201.029,717,0,1,0,0
1777305969.182,201.140,715,0,1,1,0
1777305969.279,201.236,715,0,1,0,0
1777305969.390,201.348,717,0,1,1,0
1777305969.502,201.460,717,0,1,0,0
1777305969.598,201.556,717,0,1,1,0
1777305969.710,201.668,716,0,2,0,0
1777305969.806,201.764,716,0,1,1,0
1777305969.918,201.876,721,0,1,0,0
1777305970.013,201.972,716,0,1,1,0
1777305970.126,202.084,717,0,1,0,0
1777305970.238,202.196,715,0,1,1,0
1777305970.335,202.292,715,0,1,0,0
1777305970.445,202.403,717,0,3,3,0
1777305970.544,202.501,716,0,2,0,0
1777305970.653,202.611,715,0,2,2,0
1777305970.750,202.707,715,0,4,0,0
1777305970.862,202.819,715,0,3,3,0
1777305970.973,202.931,716,0,4,0,0
1777305971.070,203.027,716,0,6,0,0
1777305971.181,203.139,716,0,3,3,0
1777305971.278,203.235,716,0,3,0,0
1777305971.390,203.347,716,0,3,3,0
1777305971.485,203.443,715,0,2,0,0
1777305971.597,203.555,714,0,2,2,0
1777305971.708,203.666,716,0,1,0,0
1777305971.805,203.763,716,0,1,1,0
1777305971.916,203.874,716,0,1,0,0
1777305972.012,203.971,715,0,1,1,0
1777305972.125,204.082,716,0,0,0,0
1777305972.221,204.179,715,0,1,1,0
1777305972.333,204.290,716,0,1,0,0
1777305972.445,204.403,716,0,2,2,0
1777305972.540,204.498,717,0,3,0,0
1777305972.652,204.610,714,0,3,3,0
1777305972.749,204.706,717,0,2,0,0
1777305972.860,204.818,716,0,3,3,0
1777305972.958,204.915,716,0,6,0,0
1777305973.069,205.026,717,0,3,3,0
1777305973.180,205.138,716,0,3,0,0
1777305973.276,205.234,716,0,2,0,0
1777305973.388,205.345,717,0,2,2,0
1777305973.483,205.441,715,0,1,0,0
1777305973.595,205.553,716,0,2,2,0
1777305973.691,205.649,714,0,1,0,0
1777305973.804,205.762,714,0,1,1,0
1777305973.916,205.874,715,0,1,0,0
1777305974.011,205.969,715,0,1,1,0
1777305974.124,206.082,714,0,2,0,0
1777305974.219,206.177,715,0,2,2,0
1777305974.332,206.289,716,0,3,0,0
1777305974.443,206.401,715,0,5,5,0
1777305974.540,206.497,715,0,3,0,0
1777305974.651,206.609,714,0,3,3,0
1777305974.747,206.705,715,0,5,0,0
1777305974.859,206.817,714,0,2,2,0
1777305974.954,206.912,714,0,1,0,0
1777305975.068,207.025,713,0,1,1,0
1777305975.163,207.121,714,0,1,0,0
1777305975.275,207.232,713,0,2,2,0
1777305975.386,207.344,714,0,1,0,0
1777305975.482,207.440,713,0,2,0,0
1777305975.593,207.552,713,0,2,2,0
1777305975.693,207.650,711,0,3,0,0
1777305975.803,207.760,713,0,4,4,0
1777305975.899,207.857,712,0,4,0,0
1777305976.010,207.968,712,0,6,6,0
1777305976.123,208.080,712,0,2,0,0
1777305976.218,208.176,713,0,3,3,0
1777305976.329,208.288,714,0,1,0,0
1777305976.427,208.384,713,0,1,1,0
1777305976.538,208.495,714,0,1,0,0
1777305976.649,208.607,714,0,1,1,0
1777305976.746,208.704,714,0,1,0,0
1777305976.858,208.815,715,0,1,1,0
1777305976.954,208.912,715,0,1,0,0
1777305977.066,209.024,715,0,1,1,0
1777305977.162,209.119,714,0,2,0,0
1777305977.274,209.231,715,0,1,1,0
1777305977.369,209.328,715,0,3,0,0
1777305977.482,209.439,714,0,2,2,0
1777305977.593,209.551,715,0,4,0,0
1777305977.690,209.647,716,0,4,0,0
1777305977.802,209.759,714,0,3,3,0
1777305977.897,209.855,714,0,5,0,0
1777305978.009,209.967,715,0,5,5,0
1777305978.105,210.063,715,0,3,0,0
1777305978.218,210.175,717,0,3,3,0
1777305978.328,210.286,715,0,3,0,0
1777305978.425,210.383,716,0,3,3,0
1777305978.536,210.494,716,0,3,0,0
1777305978.632,210.590,716,0,3,3,0
1777305978.744,210.702,715,0,3,0,0
1777305978.856,210.814,716,0,4,4,0
1777305978.953,210.910,716,0,3,0,0
1777305979.064,211.022,716,0,3,3,0
1777305979.161,211.118,714,0,2,0,0
1777305979.272,211.230,713,0,5,5,0
1777305979.368,211.326,714,0,2,0,0
1777305979.480,211.438,715,0,3,3,0
1777305979.577,211.535,715,0,2,0,0
1777305979.689,211.646,715,0,3,3,0
1777305979.800,211.758,715,0,4,0,0
1777305979.895,211.854,714,0,5,0,0
1777305980.008,211.966,713,0,3,3,0
1777305980.104,212.062,714,0,3,0,0
1777305980.215,212.173,713,0,4,4,0
1777305980.311,212.269,713,0,4,0,0
1777305980.425,212.382,713,0,3,3,0
1777305980.535,212.493,713,0,4,0,0
1777305980.631,212.589,714,0,4,4,0
1777305980.743,212.701,714,0,3,0,0
1777305980.840,212.797,713,0,4,4,0
1777305980.951,212.909,714,0,2,0,0
1777305981.063,213.021,713,0,3,3,0
1777305981.160,213.117,712,0,3,0,0
1777305981.270,213.229,713,0,2,2,0
1777305981.367,213.325,713,0,1,0,0
1777305981.478,213.436,712,0,1,1,0
1777305981.576,213.533,713,0,1,0,0
1777305981.687,213.644,712,0,1,1,0
1777305981.799,213.756,711,0,1,0,0
1777305981.895,213.853,712,0,1,1,0
1777305982.006,213.964,714,0,1,0,0
1777305982.103,214.061,713,0,0,0,0
1777305982.214,214.172,713,0,1,0,0
1777305982.310,214.268,714,0,3,0,0
1777305982.423,214.380,713,0,2,2,0
1777305982.518,214.476,714,0,2,0,0
1777305982.631,214.589,713,0,6,6,0
1777305982.742,214.700,713,0,2,0,0
1777305982.838,214.796,712,0,5,5,0
1777305982.951,214.908,714,0,3,0,0
1777305983.046,215.004,712,0,3,3,0
1777305983.158,215.115,713,0,3,0,0
1777305983.269,215.227,711,0,3,3,0
1777305983.365,215.323,712,0,1,0,0
1777305983.478,215.436,712,0,1,1,0
1777305983.574,215.532,713,0,1,0,0
1777305983.686,215.643,712,0,1,1,0
1777305983.780,215.739,713,0,1,0,0
1777305983.893,215.851,714,0,1,1,0
1777305984.006,215.963,713,0,1,0,0
1777305984.101,216.059,713,0,1,1,0
1777305984.212,216.170,713,0,1,0,0
1777305984.309,216.267,714,0,1,1,0
1777305984.421,216.379,714,0,1,0,0
1777305984.517,216.475,715,0,1,0,0
1777305984.628,216.587,712,0,1,1,0
1777305984.725,216.683,715,0,1,0,0
1777305984.836,216.794,715,0,1,1,0
1777305984.948,216.906,715,0,2,0,0
1777305985.044,217.002,716,0,1,1,0
1777305985.157,217.114,714,0,3,0,0
1777305985.252,217.210,714,0,3,3,0
1777305985.364,217.322,716,0,4,0,0
1777305985.476,217.434,717,0,4,4,0
1777305985.573,217.530,716,0,2,0,0
1777305985.684,217.642,717,0,4,4,0
1777305985.781,217.738,716,0,3,0,0
1777305985.892,217.850,715,0,4,4,0
1777305985.989,217.947,716,0,3,0,0
1777305986.100,218.058,716,0,2,2,0
1777305986.212,218.170,715,0,1,0,0
1777305986.309,218.266,716,0,1,1,0
1777305986.420,218.378,716,0,1,0,0
1777305986.516,218.474,716,0,1,1,0
1777305986.628,218.585,717,0,1,0,0
1777305986.723,218.681,716,0,1,0,0
1777305986.836,218.793,718,0,1,1,0
1777305986.948,218.905,717,0,1,0,0
1777305987.043,219.001,717,0,1,1,0
1777305987.155,219.113,715,0,2,0,0
1777305987.251,219.209,716,0,2,2,0
1777305987.363,219.321,716,0,3,0,0
1777305987.459,219.417,716,0,4,4,0
1777305987.574,219.529,716,0,3,0,0
1777305987.683,219.640,715,0,5,5,0
1777305987.779,219.737,714,0,4,0,0
1777305987.890,219.848,713,0,2,2,0
1777305987.986,219.944,714,0,3,0,0
1777305988.099,220.057,714,0,2,2,0
1777305988.195,220.153,713,0,2,0,0
1777305988.307,220.265,714,0,1,1,0
1777305988.418,220.376,714,0,1,0,0
1777305988.514,220.472,714,0,1,1,0
1777305988.626,220.584,715,0,1,0,0
1777305988.722,220.680,713,0,0,0,0
1777305988.834,220.792,714,0,1,1,0
1777305988.930,220.888,714,0,2,0,0
1777305989.042,221.000,713,0,2,2,0
1777305989.153,221.111,713,0,3,0,0
1777305989.250,221.208,714,0,1,1,0
1777305989.361,221.319,714,0,6,0,0
1777305989.459,221.417,712,0,4,4,0
1777305989.574,221.527,713,0,3,0,0
1777305989.665,221.623,714,0,4,4,0
1777305989.778,221.736,713,0,4,0,0
1777305989.889,221.847,713,0,3,3,0
1777305989.985,221.943,714,0,3,0,0
1777305990.097,222.055,712,0,1,1,0
1777305990.193,222.151,713,0,3,0,0
1777305990.305,222.263,715,0,2,2,0
1777305990.401,222.359,715,0,1,0,0
1777305990.514,222.472,715,0,1,1,0
1777305990.625,222.582,715,0,1,0,0
1777305990.721,222.679,715,0,1,1,0
1777305990.834,222.790,716,0,1,0,0
1777305990.929,222.887,717,0,1,1,0
1777305991.042,222.999,715,0,1,0,0
1777305991.138,223.095,715,0,0,0,0
1777305991.249,223.207,717,0,1,1,0
1777305991.360,223.318,717,0,1,0,0
1777305991.456,223.414,716,0,1,1,0
1777305991.568,223.526,717,0,1,0,0
1777305991.664,223.622,717,0,0,0,0
1777305991.776,223.735,717,0,1,0,0
1777305991.872,223.830,716,0,1,1,0
1777305991.984,223.942,715,0,1,0,0
1777305992.096,224.054,717,0,1,1,0
1777305992.192,224.150,716,0,1,0,0
1777305992.304,224.262,716,0,1,1,0
1777305992.399,224.358,716,0,0,0,0
1777305992.511,224.470,716,0,1,1,0
1777305992.609,224.567,716,0,1,0,0
1777305992.720,224.678,715,0,1,1,0
1777305992.831,224.789,714,0,1,0,0
1777305992.928,224.885,715,0,1,1,0
1777305993.040,224.997,715,0,1,0,0
1777305993.136,225.094,715,0,2,0,0
1777305993.247,225.205,715,0,2,2,0
1777305993.343,225.301,714,0,3,0,0
1777305993.458,225.414,714,0,2,2,0
1777305993.567,225.525,715,0,4,0,0
1777305993.664,225.621,715,0,3,3,0
1777305993.775,225.733,715,0,3,0,0
1777305993.871,225.829,715,0,3,3,0
1777305993.982,225.941,714,0,4,0,0
1777305994.078,226.036,715,0,3,3,0
1777305994.191,226.149,714,0,2,0,0
1777305994.303,226.261,714,0,3,3,0
1777305994.399,226.357,714,0,1,0,0
1777305994.511,226.469,713,0,2,2,0
1777305994.608,226.566,714,0,1,0,0
1777305994.718,226.676,714,0,1,1,0
1777305994.815,226.773,714,0,2,0,0
1777305994.926,226.884,714,0,1,1,0
1777305995.039,226.996,714,0,1,0,0
1777305995.134,227.093,714,0,2,2,0
1777305995.245,227.204,716,0,2,0,0
1777305995.343,227.300,714,0,3,3,0
1777305995.455,227.412,714,0,3,0,0
1777305995.551,227.508,714,0,3,0,0
1777305995.662,227.620,714,0,6,6,0
1777305995.773,227.731,714,0,5,0,0
1777305995.869,227.827,714,0,3,3,0
1777305995.981,227.939,714,0,2,0,0
1777305996.078,228.035,713,0,3,3,0
1777305996.190,228.148,714,0,2,0,0
1777305996.287,228.244,715,0,1,1,0
1777305996.397,228.355,714,0,3,0,0
1777305996.509,228.467,714,0,1,1,0
1777305996.605,228.563,714,0,1,0,0
1777305996.717,228.675,714,0,2,2,0
1777305996.814,228.771,715,0,0,0,0
1777305996.926,228.883,714,0,1,1,0
1777305997.023,228.980,714,0,1,0,0
1777305997.132,229.090,715,0,1,1,0
1777305997.245,229.203,715,0,1,0,0
1777305997.342,229.299,717,0,2,2,0
1777305997.454,229.411,714,0,1,0,0
1777305997.549,229.507,714,0,1,1,0
1777305997.662,229.619,713,0,1,0,0
1777305997.757,229.715,714,0,1,0,0
1777305997.868,229.826,715,0,1,1,0
1777305997.980,229.938,715,0,3,0,0
1777305998.076,230.034,715,0,2,2,0
1777305998.188,230.147,717,0,4,0,0
1777305998.284,230.242,717,0,3,3,0
1777305998.397,230.354,716,0,2,0,0
1777305998.494,230.451,715,0,6,6,0
1777305998.604,230.562,715,0,3,0,0
1777305998.717,230.674,716,0,3,3,0
1777305998.812,230.770,717,0,3,0,0
1777305998.923,230.882,715,0,4,4,0
1777305999.020,230.978,716,0,2,0,0
1777305999.132,231.090,716,0,3,3,0
1777305999.228,231.186,716,0,2,0,0
1777305999.340,231.298,716,0,1,1,0
1777305999.451,231.409,718,0,1,0,0
1777305999.548,231.506,719,0,2,2,0
1777305999.659,231.617,718,0,1,0,0
1777305999.757,231.714,719,0,1,1,0
1777305999.867,231.825,718,0,1,0,0
1777305999.963,231.921,719,0,2,0,0
1777306000.075,232.033,717,0,1,1,0
1777306000.186,232.144,716,0,1,0,0
1777306000.284,232.241,719,0,1,1,0
1777306000.395,232.353,719,0,1,0,0
1777306000.492,232.450,718,0,1,1,0
1777306000.603,232.561,718,0,1,0,0
1777306000.714,232.673,719,0,1,1,0
1777306000.811,232.769,718,0,1,0,0
1777306000.923,232.881,719,0,1,1,0
1777306001.020,232.977,719,0,1,0,0
1777306001.131,233.089,718,0,1,1,0
1777306001.227,233.184,718,0,2,0,0
1777306001.339,233.297,718,0,1,1,0
1777306001.435,233.393,718,0,2,0,0
1777306001.547,233.504,718,0,2,2,0
1777306001.659,233.616,718,0,2,0,0
1777306001.756,233.713,717,0,3,3,0
1777306001.866,233.824,718,0,3,0,0
1777306001.962,233.920,715,0,5,5,0
1777306002.074,234.032,717,0,3,0,0
1777306002.170,234.128,717,0,4,0,0
1777306002.282,234.240,716,0,2,2,0
1777306002.393,234.351,715,0,3,0,0
1777306002.491,234.448,716,0,3,3,0
1777306002.601,234.559,716,0,2,0,0
1777306002.698,234.656,717,0,2,2,0
1777306002.809,234.767,717,0,3,0,0
1777306002.921,234.879,716,0,1,1,0
1777306003.017,234.975,717,0,2,0,0
1777306003.130,235.087,715,0,1,1,0
1777306003.228,235.185,718,0,2,0,0
1777306003.337,235.295,717,0,1,1,0
1777306003.433,235.391,716,0,1,0,0
1777306003.546,235.504,715,0,2,2,0
1777306003.643,235.599,716,0,1,0,0
1777306003.753,235.711,716,0,1,1,0
1777306003.865,235.822,716,0,2,0,0
1777306003.961,235.919,717,0,1,1,0
1777306004.073,236.031,718,0,2,0,0
1777306004.168,236.126,717,0,1,1,0
1777306004.280,236.238,717,0,3,0,0
1777306004.376,236.334,717,0,1,0,0
1777306004.488,236.446,717,0,3,3,0
1777306004.600,236.558,717,0,2,0,0
1777306004.697,236.655,717,0,3,3,0
1777306004.808,236.766,717,0,2,0,0
1777306004.905,236.863,717,0,2,2,0
1777306005.017,236.975,717,0,3,0,0
1777306005.128,237.086,718,0,2,2,0
1777306005.225,237.182,715,0,2,0,0
1777306005.337,237.294,718,0,2,2,0
1777306005.432,237.390,716,0,2,0,0
1777306005.543,237.501,717,0,3,3,0
1777306005.640,237.598,717,0,1,0,0
1777306005.752,237.710,717,0,2,2,0
1777306005.847,237.805,717,0,3,0,0
1777306005.959,237.917,716,0,3,3,0
1777306006.071,238.029,717,0,1,0,0
1777306006.168,238.126,716,0,1,1,0
1777306006.280,238.238,716,0,2,0,0
1777306006.376,238.334,714,0,1,1,0
1777306006.487,238.445,714,0,8,0,0
1777306006.585,238.542,713,0,1,0,0
1777306006.695,238.653,713,0,1,1,0
1777306006.807,238.765,712,0,1,0,0
1777306006.903,238.861,712,0,1,1,0
1777306007.016,238.973,711,0,1,0,0
1777306007.111,239.069,710,0,1,1,0
1777306007.224,239.181,710,0,1,0,0
1777306007.334,239.292,709,0,1,1,0
1777306007.431,239.389,708,0,0,0,0
1777306007.542,239.501,708,0,2,2,0
1777306007.639,239.597,707,0,1,0,0
1777306007.751,239.708,707,0,1,1,0
1777306007.847,239.805,706,0,1,0,0
1777306007.959,239.917,711,0,0,0,0
1777306008.070,240.028,713,0,1,0,0
1777306008.166,240.124,716,0,1,1,0
1777306008.278,240.236,718,0,1,0,0
1777306008.374,240.332,719,0,1,1,0
1777306008.487,240.444,714,0,1,0,0
1777306008.582,240.540,711,0,1,1,0
1777306008.694,240.652,713,0,1,0,0
1777306008.790,240.748,718,0,1,0,0
1777306008.902,240.860,719,0,0,0,0
1777306009.014,240.971,717,0,5,0,0
1777306009.110,241.068,716,0,3,3,0
1777306009.222,241.180,714,0,2,0,0
1777306009.317,241.275,715,0,1,1,0
1777306009.429,241.387,714,0,2,0,0
1777306009.541,241.499,714,0,3,3,0
1777306009.637,241.595,715,0,3,0,0
1777306009.748,241.706,715,0,2,2,0
1777306009.845,241.803,715,0,8,0,0
1777306009.959,241.915,714,0,5,5,0
1777306010.054,242.011,713,0,3,0,0
1777306010.165,242.123,714,0,2,2,0
1777306010.277,242.234,713,0,4,0,0
1777306010.372,242.331,714,0,0,0,0
1777306010.485,242.442,714,0,3,0,0
1777306010.581,242.539,714,0,3,3,0
1777306010.692,242.650,715,0,6,0,0
1777306010.789,242.747,714,0,7,7,0
1777306010.900,242.858,714,0,4,0,0
1777306010.996,242.954,712,0,2,0,0
1777306011.107,243.066,712,0,3,3,0
1777306011.220,243.178,712,0,2,0,0
1777306011.316,243.274,712,0,3,3,0
1777306011.427,243.386,711,0,4,0,0
1777306011.526,243.484,710,0,4,4,0
1777306011.635,243.593,711,0,1,0,0
1777306011.747,243.705,709,0,5,5,0
1777306011.843,243.802,707,0,5,0,0
1777306011.956,243.913,706,0,3,3,0
1777306012.051,244.009,706,0,2,0,0
1777306012.163,244.121,704,0,1,1,0
1777306012.259,244.218,704,0,2,0,0
1777306012.371,244.329,704,0,1,1,0
1777306012.482,244.441,703,0,1,0,0
1777306012.579,244.537,703,0,1,1,0
1777306012.691,244.649,702,0,1,0,0
1777306012.788,244.745,703,0,1,1,0
1777306012.899,244.857,702,0,1,0,0
1777306012.995,244.953,703,0,2,2,0
1777306013.107,245.065,702,0,1,0,0
1777306013.218,245.176,703,0,3,0,0
1777306013.315,245.273,702,0,1,1,0
1777306013.426,245.384,702,0,2,0,0
1777306013.523,245.481,702,0,5,5,0
1777306013.634,245.592,703,0,3,0,0
1777306013.731,245.689,702,0,3,3,0
1777306013.843,245.801,703,0,4,0,0
1777306013.954,245.912,702,0,3,3,0
1777306014.050,246.008,702,0,3,0,0
1777306014.162,246.120,704,0,3,3,0
1777306014.258,246.216,703,0,1,0,0
1777306014.369,246.328,702,0,1,1,0
1777306014.466,246.424,702,0,2,0,0
1777306014.577,246.536,703,0,0,0,0
1777306014.688,246.647,702,0,1,0,0
1777306014.785,246.743,705,0,1,1,0
1777306014.898,246.856,705,0,1,0,0
1777306014.994,246.952,705,0,2,2,0
1777306015.106,247.063,706,0,2,0,0
1777306015.203,247.160,704,0,3,3,0
1777306015.313,247.271,706,0,4,0,0
1777306015.425,247.383,705,0,3,0,0
1777306015.521,247.479,705,0,3,3,0
1777306015.634,247.591,706,0,4,0,0
1777306015.729,247.687,707,0,3,3,0
1777306015.841,247.799,708,0,3,0,0
1777306015.937,247.895,708,0,2,2,0
1777306016.049,248.007,711,0,0,0,0
1777306016.162,248.119,709,0,1,1,0
1777306016.257,248.215,708,0,1,0,0
1777306016.368,248.326,709,0,1,1,0
1777306016.464,248.422,708,0,1,0,0
1777306016.577,248.534,709,0,3,3,0
1777306016.675,248.631,706,0,3,0,0
1777306016.784,248.742,709,0,3,3,0
1777306016.896,248.854,708,0,5,0,0
1777306016.993,248.951,708,0,3,3,0
1777306017.105,249.062,708,0,3,0,0
1777306017.201,249.158,709,0,3,3,0
1777306017.312,249.270,707,0,2,0,0
1777306017.425,249.382,707,0,1,1,0
1777306017.522,249.478,706,0,1,0,0
1777306017.633,249.590,706,0,1,0,0
1777306017.727,249.686,706,0,1,1,0
1777306017.841,249.798,706,0,1,0,0
1777306017.935,249.893,705,0,1,1,0
1777306018.048,250.006,707,0,1,0,0
1777306018.144,250.102,706,0,1,1,0
1777306018.258,250.214,704,0,1,0,0
1777306018.367,250.325,704,0,1,1,0
1777306018.463,250.421,704,0,1,0,0
1777306018.575,250.533,703,0,1,1,0
1777306018.672,250.629,705,0,1,0,0
1777306018.783,250.741,704,0,1,1,0
1777306018.881,250.837,704,0,1,0,0
1777306018.991,250.949,704,0,1,1,0
1777306019.102,251.061,705,0,1,0,0
1777306019.200,251.158,704,0,3,3,0
1777306019.311,251.269,704,0,1,0,0
1777306019.411,251.365,699,0,1,1,0
1777306019.519,251.477,681,0,1,0,0
1777306019.615,251.573,502,0,1,1,0
1777306019.727,251.685,435,0,2,0,0
1777306019.839,251.796,376,0,0,0,0
1777306019.935,251.893,377,0,0,0,0
1777306020.046,252.005,401,0,0,0,0
1777306020.142,252.100,415,0,0,0,0
1777306020.255,252.213,410,0,0,0,0
1777306020.351,252.309,450,0,0,0,0
1777306020.463,252.420,502,0,0,0,0
1777306020.559,252.517,486,0,6,6,0
1777306020.671,252.628,510,0,0,0,0
1777306020.782,252.740,519,0,0,0,0
1777306020.878,252.836,510,0,0,0,0
1777306020.991,252.948,386,0,0,0,0
1777306021.086,253.044,495,0,0,0,0
1777306021.197,253.156,462,0,0,0,0
1777306021.293,253.252,477,0,0,0,0
1777306021.406,253.364,505,0,0,0,0
1777306021.517,253.475,453,0,0,0,0
1777306021.613,253.571,465,0,132,132,0
1777306021.746,253.683,502,0,0,0,0
1777306021.820,253.779,454,0,0,0,0
1777306021.933,253.891,430,0,0,0,0
1777306022.045,254.003,434,0,24576,24576,0
1777306022.142,254.099,456,0,0,0,0
1777306022.253,254.211,476,0,2,0,0
1777306022.350,254.307,459,0,200,200,0
1777306022.461,254.419,452,0,6528,0,0
1777306022.573,254.531,455,0,2784,2784,0
1777306022.668,254.627,421,0,304,0,0
1777306022.765,254.723,406,0,7,0,0
1777306022.877,254.835,419,0,0,0,0
1777306022.990,254.947,485,0,224,0,0
1777306023.086,255.044,663,0,2,2,0
1777306023.197,255.155,701,0,0,0,0
1777306023.293,255.251,705,0,1,1,0
1777306023.405,255.363,706,0,0,0,0
1777306023.516,255.474,707,0,1,1,0
1777306023.612,255.570,708,0,1,0,0
1777306023.742,255.682,708,0,1,1,0
1777306023.822,255.778,708,0,0,0,0
1777306023.932,255.890,709,0,0,0,0
1777306024.028,255.986,710,0,0,0,0
1777306024.140,256.098,709,0,0,0,0
1777306024.251,256.210,709,0,0,0,0
1777306024.348,256.306,711,0,0,0,0
1777306024.460,256.418,710,0,1,0,0
1777306024.557,256.514,710,0,1,1,0
1777306024.667,256.625,711,0,4,0,0
1777306024.763,256.721,710,0,5,0,0
1777306024.875,256.833,711,0,0,0,0
1777306024.987,256.945,710,0,0,0,0
1777306025.083,257.041,710,0,0,0,0
1777306025.195,257.153,711,0,1,0,0
1777306025.292,257.250,710,0,1,1,0
1777306025.403,257.361,709,0,2,0,0
1777306025.515,257.473,710,0,0,0,0
1777306025.611,257.569,708,0,0,0,0
1777306025.738,257.682,708,0,0,0,0
1777306025.819,257.777,709,0,1,0,0
1777306025.932,257.889,709,0,1,1,0
1777306026.027,257.985,710,0,1,0,0
1777306026.138,258.097,705,0,1,1,0
1777306026.236,258.193,699,0,1,0,0
1777306026.347,258.304,672,0,0,0,0
1777306026.442,258.400,670,0,1,0,0
1777306026.555,258.513,690,0,0,0,0
1777306026.667,258.625,701,0,0,0,0
1777306026.762,258.721,708,0,0,0,0
1777306026.875,258.832,709,0,0,0,0
1777306026.987,258.944,709,0,0,0,0
1777306027.084,259.040,709,0,0,0,0
1777306027.193,259.152,709,0,0,0,0
1777306027.292,259.250,709,0,0,0,0
1777306027.406,259.360,709,0,0,0,0
1777306027.498,259.456,709,0,0,0,0
1777306027.610,259.568,707,0,0,0,0
1777306027.723,259.680,708,0,0,0,0
1777306027.819,259.777,710,0,0,0,0
1777306027.930,259.888,710,0,0,0,0
1777306028.025,259.984,710,0,0,0,0
1777306028.136,260.095,710,0,0,0,0
1777306028.232,260.191,710,0,0,0,0
1777306028.344,260.303,709,0,1,1,0
1777306028.441,260.399,708,0,0,0,0
1777306028.553,260.511,706,0,0,0,0
1777306028.664,260.623,704,0,1,0,0
1777306028.760,260.719,703,0,1,1,0
1777306028.872,260.831,705,0,0,0,0
1777306028.968,260.927,706,0,0,0,0
1777306029.081,261.039,707,0,0,0,0
1777306029.192,261.151,709,0,0,0,0
1777306029.287,261.246,707,0,0,0,0
1777306029.400,261.358,706,0,0,0,0
1777306029.496,261.455,710,0,9,0,0
1777306029.608,261.566,709,0,0,0,0
1777306029.704,261.662,710,0,0,0,0
1777306029.816,261.774,712,0,0,0,0
1777306029.928,261.886,712,0,0,0,0
1777306030.024,261.982,713,0,0,0,0
1777306030.135,262.094,713,0,0,0,0
1777306030.231,262.190,713,0,0,0,0
1777306030.343,262.302,713,0,0,0,0
1777306030.439,262.398,712,0,0,0,0
1777306030.551,262.510,712,0,0,0,0
1777306030.647,262.606,709,0,0,0,0
1777306030.759,262.718,710,0,0,0,0
1777306030.871,262.829,708,0,0,0,0
1777306030.967,262.926,706,0,0,0,0
1777306031.080,263.038,707,0,0,0,0
1777306031.175,263.134,706,0,0,0,0
1777306031.288,263.246,707,0,0,0,0
1777306031.400,263.357,707,0,0,0,0
1777306031.496,263.454,706,0,0,0,0
1777306031.608,263.566,706,18,0,0,0
1777306032.102,264.061,707,981,1,0,0
1777306032.214,264.173,707,0,0,0,0
1777306032.310,264.269,706,0,0,0,0
1777306032.422,264.380,707,0,0,0,0
1777306032.533,264.492,707,0,0,0,0
1777306032.631,264.589,707,0,0,0,0
1777306032.742,264.701,708,0,0,0,0
1777306032.840,264.797,707,0,0,0,0
1777306032.951,264.909,706,0,0,0,0
1777306033.062,265.020,707,22,0,0,0
1777306033.558,265.516,707,306,0,0,0
1777306034.076,266.033,707,282,0,0,0
1777306034.166,266.124,707,0,0,0,0
1777306034.279,266.236,708,0,0,0,0
1777306034.374,266.332,709,0,0,0,0
1777306034.486,266.444,707,0,0,0,0
1777306034.582,266.540,708,0,0,0,0
1777306034.693,266.651,709,0,0,0,0
1777306034.806,266.763,708,0,0,0,0
1777306034.902,266.860,709,0,0,0,0
1777306035.014,266.971,708,0,0,0,0
1777306035.108,267.067,710,0,0,0,0
1777306035.220,267.179,707,0,0,0,0
1777306035.316,267.275,708,0,0,0,0
1777306035.430,267.387,706,0,1,1,0
1777306035.541,267.499,705,0,0,0,0
1777306035.637,267.595,704,0,0,0,0
1777306035.749,267.707,706,0,0,0,0
1777306035.845,267.803,707,0,0,0,0
1777306035.958,267.915,707,0,0,0,0
1777306036.068,268.026,707,0,0,0,0
1777306036.165,268.123,708,0,0,0,0
1777306036.276,268.234,708,0,1,1,0
1777306036.375,268.330,708,0,0,0,0
1777306036.484,268.442,707,0,0,0,0
1777306036.583,268.541,706,0,1,0,0
1777306036.693,268.650,705,0,1,1,0
1777306036.788,268.746,706,0,1,0,0
1777306036.901,268.858,706,0,1,1,0
1777306037.011,268.970,708,0,0,0,0
1777306037.110,269.067,707,0,0,0,0
1777306037.220,269.178,704,0,1,0,0
1777306037.316,269.274,695,0,1,0,0
1777306037.428,269.386,690,0,0,0,0
1777306037.524,269.482,694,0,1,0,0
1777306037.636,269.594,692,0,1,1,0
1777306037.732,269.690,681,0,0,0,0
1777306037.843,269.801,538,0,0,0,0
1777306037.956,269.913,496,0,1,0,0
1777306038.052,270.010,576,0,0,0,0
1777306038.163,270.121,587,0,3,0,0
1777306038.259,270.217,582,0,0,0,0
1777306038.371,270.329,572,0,1,0,0
1777306038.482,270.441,571,0,0,0,0
1777306038.579,270.537,695,0,0,0,0
1777306038.691,270.649,700,0,1,1,0
1777306038.787,270.745,701,0,0,0,0
1777306038.898,270.857,699,0,3,3,0
1777306039.003,270.953,699,0,0,0,0
1777306039.113,271.065,698,0,0,0,0
1777306039.219,271.176,698,0,0,0,0
1777306039.318,271.272,696,0,0,0,0
1777306039.429,271.386,695,0,0,0,0
1777306039.522,271.481,693,0,1,1,0
1777306039.634,271.592,691,0,0,0,0
1777306039.730,271.688,690,0,0,0,0
1777306039.842,271.800,688,0,1,0,0
1777306039.955,271.912,688,0,0,0,0
1777306040.050,272.008,687,0,0,0,0
1777306040.162,272.120,689,0,1,1,0
1777306040.257,272.216,689,0,0,0,0
1777306040.369,272.328,689,0,5,5,0
1777306040.465,272.424,690,0,1,0,0
1777306040.577,272.536,689,0,0,0,0
1777306040.690,272.647,692,0,0,0,0
1777306040.785,272.744,691,0,0,0,0
1777306040.896,272.855,690,0,0,0,0
1777306040.993,272.951,691,0,1,0,0
1777306041.105,273.063,691,0,1,1,0
1777306041.200,273.159,692,0,1,0,0
1777306041.312,273.271,693,0,0,0,0
1777306041.426,273.383,693,0,0,0,0
1777306041.520,273.479,692,0,1,1,0
1777306041.632,273.591,692,0,0,0,0
1777306041.729,273.687,692,0,1,1,0
1777306041.843,273.800,693,0,0,0,0
1777306041.936,273.895,693,0,1,1,0
1777306042.049,274.007,692,0,0,0,0
1777306042.160,274.118,691,0,1,1,0
1777306042.258,274.215,691,0,0,0,0
1777306042.369,274.326,690,0,0,0,0
1777306042.464,274.422,691,0,0,0,0
1777306042.576,274.534,693,0,0,0,0
1777306042.672,274.630,691,0,0,0,0
1777306042.783,274.742,691,0,0,0,0
1777306042.895,274.854,692,0,0,0,0
1777306042.991,274.950,691,0,0,0,0
1777306043.104,275.062,693,0,0,0,0
1777306043.199,275.158,693,0,0,0,0
1777306043.312,275.270,693,0,0,0,0
1777306043.407,275.366,693,0,0,0,0
1777306043.519,275.478,693,0,1,0,0
1777306043.631,275.589,692,0,1,1,0
1777306043.727,275.686,692,0,1,0,0
1777306043.839,275.797,693,0,1,1,0
1777306043.935,275.894,694,0,1,0,0
1777306044.047,276.005,693,0,2,2,0
1777306044.143,276.101,692,0,1,0,0
1777306044.258,276.213,692,0,1,1,0
1777306044.367,276.325,692,0,1,0,0
1777306044.473,276.421,692,0,0,0,0
1777306044.582,276.533,691,0,1,0,0
1777306044.670,276.629,691,0,1,0,0
1777306044.783,276.741,692,0,1,1,0
1777306044.879,276.837,692,0,1,0,0
1777306044.990,276.949,692,0,1,1,0
1777306045.102,277.061,692,0,1,0,0
1777306045.198,277.157,691,0,1,1,0
1777306045.310,277.269,692,0,0,0,0
1777306045.406,277.365,692,0,1,1,0
1777306045.518,277.476,691,0,0,0,0
1777306045.614,277.573,692,0,1,1,0
1777306045.726,277.684,693,0,1,0,0
1777306045.839,277.796,693,0,1,1,0
1777306045.934,277.892,693,0,2,0,0
1777306046.046,278.004,694,0,1,1,0
1777306046.142,278.100,694,0,1,0,0
1777306046.254,278.212,693,0,1,1,0
1777306046.350,278.308,694,0,1,0,0
1777306046.462,278.420,694,0,1,1,0
1777306046.573,278.532,694,0,1,0,0
1777306046.669,278.628,694,0,0,0,0
1777306046.782,278.740,694,0,0,0,0
1777306046.877,278.836,693,0,1,1,0
1777306046.989,278.948,693,0,0,0,0
1777306047.096,279.044,693,0,1,1,0
1777306047.206,279.155,694,0,0,0,0
1777306047.312,279.267,693,0,0,0,0
1777306047.405,279.363,694,0,0,0,0
1777306047.517,279.475,694,0,0,0,0
1777306047.613,279.571,694,0,0,0,0
1777306047.725,279.683,693,0,0,0,0
1777306047.821,279.779,693,0,0,0,0
1777306047.932,279.891,693,0,0,0,0
1777306048.045,280.003,693,0,0,0,0
1777306048.140,280.099,693,0,1,0,0
1777306048.252,280.211,694,0,1,1,0
1777306048.348,280.307,694,0,1,0,0
1777306048.460,280.419,693,0,1,1,0
1777306048.557,280.515,693,0,1,0,0
1777306048.668,280.627,693,0,0,0,0
1777306048.780,280.738,693,0,0,0,0
1777306048.876,280.834,692,0,0,0,0
1777306048.988,280.946,693,0,0,0,0
1777306049.084,281.042,693,0,1,1,0
1777306049.196,281.154,693,0,0,0,0
1777306049.295,281.250,692,0,1,1,0
1777306049.403,281.362,693,0,1,0,0
1777306049.515,281.474,693,0,1,1,0
1777306049.615,281.570,692,0,1,0,0
1777306049.726,281.682,691,0,1,1,0
1777306049.820,281.778,691,0,1,0,0
1777306049.943,281.890,689,0,0,0,0
1777306050.027,281.986,689,0,0,0,0
1777306050.139,282.098,689,0,0,0,0
1777306050.251,282.210,690,0,0,0,0
1777306050.348,282.306,690,0,0,0,0
1777306050.459,282.417,691,0,0,0,0
1777306050.558,282.515,690,0,0,0,0
1777306050.668,282.626,689,0,1,0,0
1777306050.779,282.737,690,0,0,0,0
1777306050.876,282.834,690,0,0,0,0
1777306050.989,282.946,688,0,0,0,0
1777306051.083,283.041,689,0,0,0,0
1777306051.195,283.153,688,0,0,0,0
1777306051.292,283.250,688,0,0,0,0
1777306051.403,283.361,689,0,1,1,0
1777306051.501,283.458,689,0,0,0,0
1777306051.612,283.569,688,0,1,1,0
1777306051.726,283.681,689,0,0,0,0
1777306051.819,283.777,688,0,0,0,0
1777306051.931,283.889,690,0,1,1,0
1777306052.027,283.985,688,0,0,0,0
1777306052.138,284.097,688,0,1,1,0
1777306052.247,284.193,690,0,1,0,0
1777306052.360,284.305,689,0,1,1,0
1777306052.467,284.416,688,0,1,0,0
1777306052.563,284.518,689,0,1,1,0
1777306052.678,284.624,689,0,1,0,0
1777306052.763,284.721,689,0,1,1,0
1777306052.875,284.833,690,0,1,0,0
1777306052.970,284.928,689,0,0,0,0
1777306053.083,285.041,689,0,0,0,0
1777306053.195,285.152,689,0,0,0,0
1777306053.292,285.249,689,0,0,0,0
1777306053.402,285.360,689,0,0,0,0
1777306053.499,285.456,689,0,0,0,0
1777306053.611,285.568,688,0,0,0,0
1777306053.708,285.665,689,0,0,0,0
1777306053.817,285.776,689,0,1,1,0
1777306053.929,285.887,689,0,1,0,0
1777306054.026,285.984,689,0,1,1,0
1777306054.138,286.096,690,0,1,0,0
1777306054.234,286.192,690,0,1,1,0
1777306054.345,286.303,690,0,1,0,0
1777306054.457,286.415,690,0,1,1,0
1777306054.554,286.512,690,0,1,0,0
1777306054.665,286.623,690,0,1,1,0
1777306054.761,286.719,690,0,1,0,0
1777306054.873,286.831,689,0,1,1,0
1777306054.978,286.927,688,0,1,0,0
1777306055.090,287.039,689,0,1,0,0
1777306055.181,287.136,689,0,1,1,0
1777306055.291,287.248,689,0,0,0,0
1777306055.400,287.358,689,0,0,0,0
1777306055.497,287.455,689,0,1,0,0
1777306055.608,287.566,689,0,1,1,0
1777306055.704,287.662,690,0,1,0,0
1777306055.816,287.774,692,0,0,0,0
1777306055.912,287.870,694,0,1,0,0
1777306056.024,287.982,696,0,0,0,0
1777306056.137,288.094,697,0,0,0,0
1777306056.233,288.191,697,0,0,0,0
1777306056.344,288.302,697,0,1,0,0
1777306056.441,288.399,696,0,1,1,0
1777306056.555,288.510,695,0,1,0,0
1777306056.664,288.622,696,0,1,1,0
1777306056.759,288.718,695,0,1,0,0
1777306056.872,288.830,695,0,1,1,0
1777306056.968,288.926,695,0,1,0,0
1777306057.080,289.038,695,0,1,1,0
1777306057.175,289.134,695,0,1,0,0
1777306057.287,289.245,695,0,1,1,0
1777306057.383,289.341,694,0,0,0,0
1777306057.495,289.453,695,0,0,0,0
1777306057.607,289.565,695,0,0,0,0
1777306057.704,289.661,694,0,1,1,0
1777306057.819,289.773,694,0,0,0,0
1777306057.915,289.871,694,0,1,1,0
1777306058.030,289.981,694,0,0,0,0
1777306058.145,290.092,693,0,0,0,0
1777306058.231,290.189,694,0,0,0,0
1777306058.342,290.300,693,0,0,0,0
1777306058.438,290.397,694,0,0,0,0
1777306058.550,290.508,693,0,0,0,0
1777306058.646,290.604,692,0,1,0,0
1777306058.757,290.716,693,0,1,0,0
1777306058.870,290.828,693,0,1,1,0
1777306058.966,290.925,694,0,3,0,0
1777306059.078,291.036,694,0,0,0,0
1777306059.174,291.133,693,0,0,0,0
1777306059.285,291.244,694,0,0,0,0
1777306059.382,291.340,693,0,0,0,0
1777306059.494,291.452,693,0,1,1,0
1777306059.591,291.548,694,0,0,0,0
1777306059.702,291.660,694,0,1,1,0
1777306059.813,291.772,694,0,1,0,0
1777306059.909,291.868,694,0,0,0,0
1777306060.022,291.980,694,0,0,0,0
1777306060.117,292.075,694,0,0,0,0
1777306060.229,292.187,694,0,0,0,0
1777306060.424,292.299,693,0,1,1,0
1777306060.565,292.395,695,0,0,0,0
1777306153.959,2.590,0,0,0,0,0
1777306153.975,2.606,0,0,0,0,0
1777306155.943,4.573,702,0,2,1,0
1777306156.056,4.685,702,0,1,1,0
1777306156.152,4.782,704,0,1,0,0
1777306156.262,4.893,705,0,1,1,0
1777306156.374,5.004,705,0,0,0,0
1777306156.473,5.102,707,0,1,1,0
1777306156.583,5.213,708,0,1,0,0
1777306156.678,5.309,710,0,0,0,0
1777306156.790,5.421,710,0,98,0,0
1777306156.948,5.517,712,0,0,0,0
1777306156.998,5.628,713,0,1,0,0
1777306157.110,5.740,714,0,1,1,0
1777306157.207,5.837,714,0,0,0,0
1777306157.317,5.948,714,0,1,1,0
1777306157.414,6.044,714,0,2,0,0
1777306157.525,6.156,714,0,0,0,0
1777306157.621,6.252,714,0,1,0,0
1777306157.732,6.364,713,0,0,0,0
1777306157.845,6.476,714,1,1,0,0
1777306157.941,6.572,714,0,1,1,0
1777306158.052,6.684,713,0,1,0,0
1777306158.148,6.779,713,0,1,0,0
1777306158.260,6.891,713,0,1,1,0
1777306158.356,6.988,714,0,1,0,0
1777306158.468,7.099,713,0,1,1,0
1777306158.581,7.211,713,0,1,0,0
1777306158.677,7.307,710,0,1,1,0
1777306158.788,7.419,697,0,2,0,0
1777306158.885,7.515,694,0,2,2,0
1777306158.996,7.627,703,0,12,0,0
1777306159.092,7.723,708,0,1,1,0
1777306159.206,7.835,711,0,2,0,0
1777306159.316,7.947,711,0,2,2,0
1777306159.412,8.043,712,0,2,0,0
1777306159.524,8.155,712,0,2,2,0
1777306159.619,8.251,713,0,3,0,0
1777306159.731,8.362,713,0,2,2,0
1777306159.827,8.459,713,0,2,0,0
1777306159.939,8.570,712,0,2,2,0
1777306160.051,8.682,714,0,2,0,0
1777306160.147,8.778,713,0,2,2,0
1777306160.259,8.890,714,0,1,0,0
1777306160.355,8.986,713,0,1,0,0
1777306160.468,9.098,713,0,2,2,0
1777306160.563,9.194,713,0,1,0,0
1777306160.675,9.306,714,0,3,3,0
1777306160.787,9.418,713,0,1,0,0
1777306160.883,9.514,714,0,2,2,0
1777306160.995,9.626,715,0,1,0,0
1777306161.091,9.722,714,0,2,2,0
1777306161.204,9.834,714,0,2,0,0
1777306161.315,9.946,715,1,2,2,0
1777306161.411,10.042,714,0,2,0,0
1777306161.523,10.154,714,0,2,2,0
1777306161.619,10.250,713,0,3,0,0
1777306161.731,10.362,713,0,3,3,0
1777306161.829,10.458,713,0,0,0,0
1777306161.939,10.569,714,0,1,1,0
1777306162.034,10.665,714,0,4,0,0
1777306162.147,10.777,713,0,2,2,0
1777306162.259,10.890,713,0,2,0,0
1777306162.356,10.986,714,0,8,8,0
1777306162.466,11.097,713,0,1,0,0
1777306162.563,11.193,714,0,1,0,0
1777306162.675,11.305,712,0,1,1,0
1777306162.770,11.401,712,0,1,0,0
1777306162.882,11.513,712,0,1,1,0
1777306162.994,11.625,712,0,1,0,0
1777306163.090,11.721,712,0,1,1,0
1777306163.202,11.832,711,0,1,0,0
1777306163.298,11.929,712,0,5,5,0
1777306163.409,12.040,712,0,0,0,0
1777306163.521,12.152,711,0,0,0,0
1777306163.617,12.248,709,0,2,0,0
1777306163.729,12.360,710,0,1,1,0
1777306163.825,12.456,711,0,1,0,0
1777306163.939,12.568,712,0,1,1,0
1777306164.034,12.664,712,0,1,0,0
1777306164.146,12.776,713,0,1,1,0
1777306164.242,12.872,713,0,1,0,0
1777306164.353,12.984,714,0,2,2,0
1777306164.468,13.096,713,0,3,0,0
1777306164.562,13.192,714,0,2,2,0
1777306164.675,13.304,713,0,2,0,0
1777306164.770,13.400,713,0,1,0,0
1777306164.884,13.512,714,0,2,2,0
1777306164.977,13.608,713,0,1,0,0
1777306165.090,13.720,713,0,1,1,0
1777306165.201,13.831,712,0,1,0,0
1777306165.297,13.928,714,0,2,2,0
1777306165.408,14.039,714,0,3,0,0
1777306165.507,14.136,714,0,2,2,0
1777306165.618,14.247,714,0,1,0,0
1777306165.729,14.359,714,0,3,3,0
1777306165.824,14.455,715,0,2,0,0
1777306165.935,14.567,712,0,2,2,0
1777306166.032,14.663,713,0,1,0,0
1777306166.145,14.775,713,0,2,2,0
1777306166.243,14.872,714,0,2,0,0
1777306166.354,14.983,714,0,1,1,0
1777306166.448,15.079,714,0,2,0,0
1777306166.560,15.190,715,0,2,2,0
1777306166.673,15.302,714,0,2,0,0
1777306166.771,15.399,714,0,2,2,0
1777306166.880,15.510,714,0,1,0,0
1777306166.976,15.606,713,0,1,0,0
1777306167.089,15.719,713,0,1,1,0
1777306167.184,15.814,714,0,1,0,0
1777306167.296,15.926,713,0,1,1,0
1777306167.408,16.038,713,0,1,0,0
1777306167.504,16.134,714,0,1,1,0
1777306167.617,16.246,712,0,1,0,0
1777306167.714,16.342,713,0,1,1,0
1777306167.823,16.453,712,0,1,0,0
1777306167.935,16.566,712,0,1,1,0
1777306168.031,16.661,712,0,1,0,0
1777306168.143,16.773,713,0,1,1,0
1777306168.240,16.870,713,0,1,0,0
1777306168.351,16.981,712,0,2,2,0
1777306168.446,17.077,712,0,4,0,0
1777306168.557,17.189,711,0,1,1,0
1777306168.670,17.301,711,0,1,0,0
1777306168.767,17.397,713,0,0,0,0
1777306168.878,17.509,713,0,0,0,0
1777306168.975,17.605,713,0,2,2,0
1777306169.086,17.717,713,0,1,0,0
1777306169.183,17.813,714,0,2,0,0
1777306169.295,17.925,713,0,1,1,0
1777306169.390,18.021,713,0,1,0,0
1777306169.503,18.133,713,0,3,3,0
1777306169.614,18.245,714,0,2,0,0
1777306169.710,18.341,715,0,2,2,0
1777306169.823,18.453,713,0,2,0,0
1777306169.918,18.549,714,0,1,1,0
1777306170.030,18.660,712,0,1,0,0
1777306170.141,18.772,712,0,1,1,0
1777306170.238,18.868,713,0,1,0,0
1777306170.350,18.980,713,0,1,1,0
1777306170.445,19.076,714,0,1,0,0
1777306170.557,19.188,713,0,1,1,0
1777306170.655,19.284,713,0,1,0,0
1777306170.765,19.396,714,0,2,2,0
1777306170.877,19.508,714,0,3,0,0
1777306170.974,19.604,713,0,2,2,0
1777306171.085,19.716,714,0,2,0,0
1777306171.182,19.812,714,0,2,2,0
1777306171.293,19.923,714,0,2,0,0
1777306171.389,20.020,714,0,1,0,0
1777306171.501,20.132,715,0,2,2,0
1777306171.598,20.228,714,0,2,0,0
1777306171.708,20.339,716,0,1,1,0
1777306171.822,20.452,715,0,2,0,0
1777306171.916,20.547,716,0,1,1,0
1777306172.028,20.659,717,0,1,0,0
1777306172.125,20.755,715,0,1,1,0
1777306172.235,20.867,716,0,1,0,0
1777306172.347,20.979,716,0,1,1,0
1777306172.445,21.075,716,0,2,0,0
1777306172.555,21.186,716,0,3,3,0
1777306172.652,21.283,715,0,3,0,0
1777306172.764,21.395,716,0,1,1,0
1777306172.859,21.490,715,0,1,0,0
1777306172.972,21.602,714,0,3,3,0
1777306173.084,21.715,716,0,2,0,0
1777306173.180,21.810,715,0,1,1,0
1777306173.291,21.922,715,0,1,0,0
1777306173.387,22.018,715,0,1,1,0
1777306173.500,22.130,714,0,1,0,0
1777306173.596,22.226,715,0,1,0,0
1777306173.707,22.338,714,0,1,1,0
1777306173.820,22.450,714,0,1,0,0
1777306173.915,22.546,714,0,1,1,0
1777306174.026,22.657,715,0,2,0,0
1777306174.123,22.754,715,0,1,1,0
1777306174.234,22.865,714,0,3,0,0
1777306174.331,22.962,714,0,1,1,0
1777306174.442,23.073,714,0,2,0,0
1777306174.554,23.185,714,0,2,2,0
1777306174.650,23.281,713,0,1,0,0
1777306174.762,23.393,714,0,3,3,0
1777306174.860,23.489,713,0,2,0,0
1777306174.972,23.602,713,0,1,1,0
1777306175.067,23.697,714,0,1,0,0
1777306175.178,23.809,714,0,1,1,0
1777306175.289,23.921,714,0,1,0,0
1777306175.387,24.017,714,0,2,2,0
1777306175.497,24.129,715,0,1,0,0
1777306175.594,24.225,715,0,1,1,0
1777306175.707,24.338,714,0,2,0,0
1777306175.801,24.432,714,0,2,0,0
1777306175.914,24.544,715,0,2,2,0
1777306176.025,24.656,713,0,2,0,0
1777306176.122,24.752,713,0,3,3,0
1777306176.234,24.864,714,0,1,0,0
1777306176.332,24.961,714,0,2,2,0
1777306176.441,25.072,715,0,2,0,0
1777306176.538,25.169,715,0,1,1,0
1777306176.649,25.280,715,0,1,0,0
1777306176.762,25.392,714,0,2,2,0
1777306176.858,25.488,715,0,0,0,0
1777306176.969,25.600,715,0,7,7,0
1777306177.066,25.696,715,0,1,0,0
1777306177.177,25.808,714,0,2,2,0
1777306177.273,25.904,715,0,2,0,0
1777306177.386,26.016,716,0,3,3,0
1777306177.498,26.128,715,0,3,0,0
1777306177.593,26.224,715,0,3,3,0
1777306177.706,26.336,715,0,2,0,0
1777306177.801,26.432,715,0,2,2,0
1777306177.913,26.543,715,0,1,0,0
1777306178.009,26.640,714,0,2,0,0
1777306178.121,26.751,715,0,1,1,0
1777306178.232,26.863,715,0,1,0,0
1777306178.329,26.959,715,0,1,1,0
1777306178.441,27.071,715,0,1,0,0
1777306178.537,27.168,716,0,1,1,0
1777306178.648,27.279,716,0,1,0,0
1777306178.744,27.375,715,0,1,1,0
1777306178.855,27.487,715,0,1,0,0
1777306178.967,27.598,715,0,3,3,0
1777306179.064,27.695,715,0,2,0,0
1777306179.177,27.807,715,0,2,2,0
1777306179.272,27.903,714,2,2,0,0
1777306179.385,28.015,714,0,3,3,0
1777306179.481,28.111,714,0,2,0,0
1777306179.592,28.223,715,0,4,4,0
1777306179.703,28.334,714,0,2,0,0
1777306179.801,28.431,714,0,3,3,0
1777306179.911,28.542,714,0,2,0,0
1777306180.007,28.638,715,0,1,1,0
1777306180.120,28.750,715,0,2,0,0
1777306180.215,28.846,714,0,2,0,0
1777306180.328,28.958,714,0,2,2,0
1777306180.439,29.070,715,0,1,0,0
1777306180.536,29.166,714,0,1,1,0
1777306180.647,29.278,713,0,1,0,0
1777306180.744,29.374,712,0,1,1,0
1777306180.855,29.486,712,0,1,0,0
1777306180.951,29.582,713,0,1,1,0
1777306181.063,29.693,712,0,2,0,0
1777306181.175,29.806,713,0,1,1,0
1777306181.271,29.901,713,0,1,0,0
1777306181.384,30.014,713,0,1,1,0
1777306181.479,30.110,712,0,2,0,0
1777306181.590,30.221,714,0,1,1,0
1777306181.686,30.317,714,0,1,0,0
1777306181.799,30.429,713,0,2,2,0
1777306181.910,30.541,713,0,1,0,0
1777306182.007,30.637,714,0,2,2,0
1777306182.119,30.749,713,0,1,0,0
1777306182.216,30.846,714,0,3,3,0
1777306182.327,30.958,712,0,1,0,0
1777306182.423,31.053,714,0,2,0,0
1777306182.535,31.165,714,0,1,1,0
1777306182.650,31.280,714,0,2,0,0
1777306182.742,31.373,713,0,1,1,0
1777306182.854,31.484,714,0,2,0,0
1777306182.950,31.581,713,0,0,0,0
1777306183.062,31.693,714,0,1,0,0
1777306183.158,31.789,714,0,1,1,0
1777306183.270,31.900,714,0,1,0,0
1777306183.381,32.012,712,0,2,2,0
1777306183.478,32.109,713,0,1,0,0
1777306183.589,32.220,712,0,1,1,0
1777306183.687,32.317,707,0,2,0,0
1777306183.799,32.428,686,0,2,2,0
1777306183.894,32.524,693,0,2,0,0
1777306184.006,32.637,710,0,1,1,0
1777306184.118,32.748,713,0,1,0,0
1777306184.215,32.845,712,0,1,1,0
1777306184.325,32.956,711,0,1,0,0
1777306184.422,33.053,709,0,1,1,0
1777306184.534,33.164,709,0,1,0,0
1777306184.629,33.260,708,0,1,0,0
1777306184.740,33.371,707,0,0,0,0
1777306184.852,33.483,705,0,9,0,0
1777306184.950,33.580,705,0,1,1,0
1777306185.062,33.692,703,0,1,0,0
1777306185.158,33.788,703,0,1,1,0
1777306185.271,33.900,703,2,2,0,0
1777306185.365,33.996,703,0,1,1,0
1777306185.477,34.108,704,0,1,0,0
1777306185.589,34.219,704,0,1,1,0
1777306185.685,34.315,704,0,1,0,0
1777306185.797,34.427,703,0,1,1,0
1777306185.893,34.523,704,0,1,0,0
1777306186.004,34.635,704,0,1,1,0
1777306186.099,34.731,704,0,1,0,0
1777306186.211,34.843,704,0,3,3,0
1777306186.324,34.955,704,0,1,0,0
1777306186.420,35.051,704,0,2,2,0
1777306186.533,35.163,704,0,1,0,0
1777306186.628,35.259,704,0,1,1,0
1777306186.740,35.370,704,0,2,0,0
1777306186.835,35.466,704,0,1,0,0
1777306186.947,35.578,704,0,1,1,0
1777306187.059,35.690,703,0,2,0,0
1777306187.156,35.786,704,0,3,3,0
1777306187.267,35.898,704,0,1,0,0
1777306187.363,35.994,704,0,1,1,0
1777306187.475,36.106,705,0,3,0,0
1777306187.572,36.202,704,0,1,1,0
1777306187.683,36.314,703,0,2,0,0
1777306187.795,36.426,703,0,1,1,0
1777306187.891,36.522,702,0,2,0,0
1777306188.003,36.634,703,0,1,1,0
1777306188.099,36.730,703,0,1,0,0
1777306188.211,36.842,703,0,1,1,0
1777306188.307,36.938,703,0,2,0,0
1777306188.419,37.050,703,0,1,1,0
1777306188.531,37.161,704,0,2,0,0
1777306188.627,37.257,704,0,1,1,0
1777306188.738,37.369,704,0,1,0,0
1777306188.835,37.466,705,0,1,1,0
1777306188.947,37.578,705,0,1,0,0
1777306189.057,37.689,705,0,2,2,0
1777306189.153,37.785,705,0,1,0,0
1777306189.265,37.897,704,0,1,0,0
1777306189.362,37.993,705,0,1,1,0
1777306189.474,38.105,705,0,1,0,0
1777306189.576,38.201,705,0,2,2,0
1777306189.682,38.312,704,0,2,0,0
1777306189.778,38.409,704,0,2,2,0
1777306189.890,38.521,704,0,1,0,0
1777306190.004,38.634,704,0,1,1,0
1777306190.098,38.728,703,0,1,0,0
1777306190.210,38.840,703,0,2,2,0
1777306190.306,38.936,703,0,1,0,0
1777306190.418,39.048,704,0,2,2,0
1777306190.514,39.144,703,0,1,0,0
1777306190.626,39.256,703,0,1,1,0
1777306190.737,39.368,705,0,1,0,0
1777306190.833,39.464,703,0,1,1,0
1777306190.946,39.576,704,0,1,0,0
1777306191.041,39.672,703,0,1,1,0
1777306191.154,39.784,703,0,1,0,0
1777306191.265,39.896,704,0,1,1,0
1777306191.361,39.992,704,0,2,0,0
1777306191.473,40.104,703,0,1,0,0
1777306191.568,40.199,703,0,2,2,0
1777306191.681,40.311,703,0,2,0,0
1777306191.776,40.407,703,0,1,1,0
1777306191.889,40.519,703,0,3,0,0
1777306192.001,40.631,703,0,1,1,0
1777306192.095,40.727,703,0,1,0,0
1777306192.209,40.839,703,0,1,1,0
1777306192.310,40.939,703,0,2,0,0
1777306192.421,41.047,703,0,1,1,0
1777306192.513,41.143,703,0,2,0,0
1777306192.624,41.255,703,0,2,2,0
1777306192.721,41.351,702,0,1,0,0
1777306192.832,41.463,703,0,1,1,0
1777306192.947,41.575,703,0,2,0,0
1777306193.040,41.671,703,0,2,2,0
1777306193.153,41.782,703,0,1,0,0
1777306193.248,41.879,703,0,1,1,0
1777306193.360,41.991,703,0,1,0,0
1777306193.473,42.102,703,0,1,1,0
1777306193.568,42.198,702,0,1,0,0
1777306193.679,42.310,702,0,1,0,0
1777306193.776,42.407,703,0,1,1,0
1777306193.887,42.518,703,0,1,0,0
1777306193.984,42.615,703,0,1,1,0
1777306194.095,42.726,703,0,2,0,0
1777306194.207,42.838,703,0,1,1,0
1777306194.303,42.934,703,0,1,0,0
1777306194.416,43.046,703,0,1,1,0
1777306194.510,43.141,704,0,1,0,0
1777306194.623,43.253,702,0,1,1,0
1777306194.719,43.350,702,0,2,0,0
1777306194.831,43.461,702,0,2,2,0
1777306194.927,43.558,702,0,1,0,0
1777306195.040,43.670,703,0,2,2,0
1777306195.152,43.782,702,0,1,0,0
1777306195.247,43.877,703,0,2,2,0
1777306195.359,43.989,704,0,2,0,0
1777306195.456,44.086,704,0,1,1,0
1777306195.567,44.197,704,0,1,0,0
1777306195.679,44.309,704,0,2,2,0
1777306195.774,44.405,705,0,1,0,0
1777306195.886,44.517,706,0,1,0,0
1777306195.983,44.613,706,0,2,2,0
1777306196.095,44.725,707,0,12,0,0
1777306196.191,44.821,706,0,2,2,0
1777306196.302,44.933,706,0,1,0,0
1777306196.414,45.044,706,0,1,1,0
1777306196.510,45.140,706,0,2,0,0
1777306196.623,45.253,706,0,1,1,0
1777306196.719,45.349,706,0,2,0,0
1777306196.830,45.460,703,0,2,2,0
1777306196.926,45.556,677,0,1,0,0
1777306197.038,45.668,616,0,2,2,0
1777306197.133,45.764,583,0,1,0,0
1777306197.245,45.876,581,0,2,2,0
1777306197.357,45.988,565,0,1,0,0
1777306197.453,46.084,557,14,1,1,0
1777306197.565,46.196,569,52,2,0,0
1777306197.667,46.295,581,83,1,1,0
1777306197.777,46.405,584,104,1,0,0
1777306197.869,46.500,585,137,1,0,0
1777306197.980,46.611,600,104,1,1,0
1777306198.092,46.723,603,83,1,0,0
1777306198.188,46.819,599,87,1,1,0
1777306198.300,46.931,592,85,1,0,0
1777306198.397,47.027,591,108,2,2,0
1777306198.508,47.139,582,118,1,0,0
1777306198.621,47.251,578,118,1,1,0
1777306198.717,47.347,583,154,1,0,0
1777306198.829,47.459,584,168,2,0,0
1777306198.926,47.555,587,203,1,1,0
1777306199.037,47.667,578,228,1,0,0
1777306199.133,47.763,572,0,2,2,0
1777306199.244,47.875,590,0,1,0,0
1777306199.339,47.970,603,0,2,2,0
1777306199.452,48.083,634,0,1,0,0
1777306199.564,48.195,660,0,1,1,0
1777306199.661,48.291,663,196,2,0,0
1777306199.772,48.403,661,189,1,1,0
1777306199.868,48.499,675,249,2,0,0
1777306200.379,49.010,683,533,1,0,0
1777306200.475,49.106,591,0,1,1,0
1777306200.587,49.218,598,0,1,1,0
1777306200.698,49.329,638,0,1,0,0
1777306200.794,49.426,663,0,1,1,0
1777306200.907,49.538,686,0,1,0,0
1777306201.003,49.634,694,0,1,1,0
1777306201.116,49.746,695,1,2,0,0
1777306201.211,49.842,697,0,2,0,0
1777306201.723,50.354,697,994,1,1,0
1777306202.235,50.865,691,597,2,2,0
1777306202.731,51.361,684,518,1,0,0
1777306203.246,51.872,674,778,1,1,0
1777306203.357,51.984,656,170,1,0,0
1777306203.450,52.081,654,133,1,1,0
1777306203.562,52.193,650,142,2,0,0
1777306203.658,52.289,655,226,1,1,0
1777306204.170,52.800,652,273,1,0,0
1777306204.268,52.896,644,222,1,1,0
1777306204.376,53.007,639,238,3,0,0
1777306204.489,53.120,633,237,2,2,0
1777306204.586,53.216,632,0,2,0,0
1777306204.697,53.328,603,0,1,1,0
1777306204.793,53.424,597,0,1,0,0
1777306204.905,53.535,615,0,1,0,0
1777306205.000,53.631,636,0,1,1,0
1777306205.117,53.743,639,0,2,0,0
1777306205.229,53.855,631,173,1,1,0
1777306205.325,53.951,625,185,1,0,0
1777306205.435,54.063,639,195,1,1,0
1777306205.528,54.159,637,248,1,0,0
1777306205.640,54.271,614,221,1,1,0
1777306206.153,54.783,614,285,1,0,0
1777306206.648,55.278,696,998,2,2,0
1777306206.759,55.390,329,0,1,0,0
1777306206.862,55.486,165,0,210,210,0
1777306206.986,55.598,118,0,12,0,0
1777306207.063,55.694,103,0,3,3,0
1777306207.176,55.806,93,0,17,0,0
1777306207.271,55.902,85,0,8,8,0
1777306207.384,56.014,79,0,11,0,0
1777306207.495,56.126,74,0,9,9,0
1777306207.591,56.222,71,0,14,0,0
1777306207.702,56.333,70,0,0,0,0
1777306207.800,56.430,333,0,0,0,0
1777306207.910,56.541,632,0,2,2,0
1777306208.007,56.638,689,0,2,0,0
1777306208.119,56.750,700,0,1,1,0
1777306208.230,56.862,703,0,2,0,0
1777306208.328,56.958,703,0,3,3,0
1777306208.438,57.069,705,0,2,0,0
1777306208.535,57.165,704,0,2,0,0
1777306208.647,57.277,703,0,2,2,0
1777306208.758,57.389,703,0,2,0,0
1777306208.855,57.485,703,0,2,2,0
1777306208.967,57.597,704,0,3,0,0
1777306209.063,57.693,703,0,2,2,0
1777306209.174,57.805,703,0,2,0,0
1777306209.271,57.901,704,0,2,2,0
1777306209.382,58.013,703,0,1,0,0
1777306209.494,58.125,703,0,3,3,0
1777306209.589,58.220,704,0,2,0,0
1777306209.701,58.332,705,0,2,2,0
1777306209.797,58.428,705,0,2,0,0
1777306209.910,58.541,706,0,2,2,0
1777306210.006,58.636,706,0,2,0,0
1777306210.118,58.748,705,0,2,2,0
1777306210.229,58.860,706,0,2,0,0
1777306210.325,58.956,705,0,2,2,0
1777306210.437,59.068,705,0,2,0,0
1777306210.533,59.164,705,0,1,1,0
1777306210.645,59.276,705,0,2,0,0
1777306210.742,59.372,706,0,2,2,0
1777306210.853,59.484,706,0,2,0,0
1777306210.965,59.596,706,0,2,0,0
1777306211.062,59.692,707,0,2,2,0
1777306211.173,59.804,707,0,2,0,0
1777306211.270,59.900,707,0,2,2,0
1777306211.380,60.011,708,0,1,0,0
1777306211.477,60.108,708,0,2,2,0
1777306211.589,60.220,708,0,2,0,0
1777306211.701,60.331,708,0,2,2,0
1777306211.797,60.427,708,0,3,0,0
1777306211.908,60.539,709,0,1,1,0
1777306212.004,60.635,709,0,2,0,0
1777306212.117,60.748,710,0,2,2,0
1777306212.213,60.843,710,0,2,0,0
1777306212.324,60.955,711,0,1,1,0
1777306212.437,61.067,710,0,2,0,0
1777306212.533,61.163,708,0,2,2,0
1777306212.644,61.275,704,0,1,0,0
1777306212.740,61.371,694,0,2,2,0
1777306212.852,61.483,623,0,1,0,0
1777306212.948,61.578,535,0,1,1,0
1777306213.059,61.690,454,0,3,0,0
1777306213.155,61.786,444,0,8,0,0
1777306213.267,61.898,426,0,250,250,0
1777306213.379,62.010,414,0,3,0,0
1777306213.475,62.106,371,0,0,0,0
1777306213.587,62.218,354,0,344,0,0
1777306213.700,62.330,351,0,134,134,0
1777306213.796,62.426,316,0,752,0,0
1777306213.907,62.538,322,0,272,272,0
1777306214.003,62.634,323,0,174,0,0
1777306214.115,62.746,324,0,424,0,0
1777306214.211,62.842,394,0,73,73,0
1777306214.323,62.954,459,0,74,0,0
1777306214.419,63.050,506,0,10,10,0
1777306214.532,63.162,534,0,10,0,0
1777306214.626,63.257,543,0,2,2,0
1777306214.739,63.369,545,0,14,0,0
1777306214.850,63.481,549,0,2,2,0
1777306214.946,63.577,551,0,1,0,0
1777306215.064,63.689,548,0,0,0,0
1777306215.155,63.785,523,0,0,0,0
1777306215.267,63.897,506,0,1,1,0
1777306215.362,63.993,558,0,0,0,0
1777306215.474,64.105,566,0,1,1,0
1777306215.585,64.216,559,0,63,0,0
1777306215.683,64.314,523,0,27,0,0
1777306215.795,64.425,481,0,101,101,0
1777306215.891,64.521,442,0,13,0,0
1777306216.003,64.633,383,0,55,55,0
1777306216.113,64.744,398,0,14,0,0
1777306216.211,64.841,421,0,21,21,0
1777306216.322,64.952,441,0,123,0,0
1777306216.417,65.048,439,0,416,416,0
1777306216.530,65.160,446,0,648,0,0
1777306216.626,65.256,451,0,1296,0,0
1777306216.737,65.368,455,0,872,872,0
1777306216.849,65.480,456,0,1264,0,0
1777306216.945,65.576,457,0,1456,1456,0
1777306217.057,65.688,458,0,1296,0,0
1777306217.153,65.784,460,0,928,0,0
1777306217.265,65.896,463,0,952,952,0
1777306217.376,66.007,466,0,1120,0,0
1777306217.473,66.104,468,0,1152,1152,0
1777306217.584,66.215,469,0,960,0,0
1777306217.688,66.312,469,0,1264,0,0
1777306217.793,66.423,470,0,872,872,0
1777306217.889,66.519,469,0,1248,0,0
1777306218.004,66.634,470,0,904,904,0
1777306218.114,66.743,471,0,1056,0,0
1777306218.208,66.839,471,0,824,0,0
1777306218.322,66.952,472,0,952,952,0
1777306218.416,67.047,473,0,1168,0,0
1777306218.528,67.159,474,0,1312,1312,0
1777306218.626,67.255,473,0,728,0,0
1777306218.737,67.367,469,0,704,0,0
1777306218.850,67.479,458,0,1472,1472,0
1777306218.945,67.575,452,0,1456,0,0
1777306219.056,67.686,445,0,448,448,0
1777306219.152,67.783,385,0,1488,0,0
1777306219.264,67.894,348,0,1680,0,0
1777306219.361,67.991,377,0,260,260,0
1777306219.471,68.102,400,0,204,0,0
1777306219.588,68.215,409,0,632,632,0
1777306219.681,68.311,405,0,3712,0,0
1777306219.791,68.422,386,0,1024,0,0
1777306219.887,68.518,366,0,47,47,0
1777306219.999,68.630,350,0,15616,0,0
1777306220.112,68.743,375,0,7872,7872,0
1777306220.207,68.838,376,0,12,0,0
1777306220.319,68.950,375,0,72,72,0
1777306220.416,69.046,377,0,80,0,0
1777306220.512,69.142,379,0,0,0,0
1777306220.639,69.270,375,0,-20480,-20480,0
1777306220.735,69.366,373,0,11008,0,0
1777306220.832,69.462,366,0,6,6,0
1777306220.943,69.573,363,1,3,0,0
1777306221.055,69.686,370,0,-24576,-24576,0
1777306221.152,69.782,362,0,1,0,0
1777306221.248,69.878,347,0,0,0,0
1777306221.360,69.990,317,0,0,0,0
1777306221.472,70.101,319,0,284,0,0
1777306221.567,70.197,305,0,140,140,0
1777306221.679,70.309,304,0,8,0,0
1777306221.775,70.406,307,0,0,0,0
1777306221.886,70.517,307,0,3,0,0
1777306221.999,70.629,300,0,17,17,0
1777306222.094,70.725,302,0,0,0,0
1777306222.206,70.837,286,0,0,0,0
1777306222.302,70.933,269,0,1,0,0
1777306222.414,71.045,281,0,0,0,0
1777306222.510,71.141,288,0,1,0,0
1777306222.622,71.252,298,0,0,0,0
1777306222.734,71.364,301,0,1,1,0
1777306222.830,71.460,296,0,0,0,0
1777306222.941,71.572,299,0,0,0,0
1777306223.038,71.668,299,0,74,0,0
1777306223.153,71.783,299,0,1,1,0
1777306223.245,71.876,298,0,1,0,0
1777306223.358,71.988,339,0,0,0,0
1777306223.454,72.084,388,0,0,0,0
1777306223.565,72.196,404,0,0,0,0
1777306223.678,72.308,402,0,0,0,0
1777306223.789,72.420,365,0,584,584,0
1777306223.885,72.516,339,0,616,0,0
1777306223.997,72.628,313,0,37,37,0
1777306224.094,72.724,324,0,25,0,0
1777306224.206,72.836,374,0,37,37,0
1777306224.301,72.932,393,0,47,0,0
1777306224.414,73.044,405,0,20,0,0
1777306224.509,73.140,416,0,7,7,0
1777306224.622,73.251,373,0,46,0,0
1777306224.717,73.348,366,0,6,6,0
1777306224.829,73.459,521,0,5,0,0
1777306224.940,73.571,684,0,4,4,0
1777306225.037,73.668,704,0,3,0,0
1777306225.148,73.779,706,0,3,3,0
1777306225.244,73.875,709,0,3,0,0
1777306225.356,73.987,709,0,3,3,0
1777306225.452,74.083,711,0,3,0,0
1777306225.564,74.195,709,0,3,3,0
1777306225.675,74.306,710,0,3,0,0
1777306225.780,74.403,708,0,4,4,0
1777306225.885,74.514,706,0,3,0,0
1777306225.981,74.611,707,0,2,2,0
1777306226.092,74.722,706,0,3,0,0
1777306226.204,74.834,705,0,2,2,0
1777306226.300,74.930,705,0,3,0,0
1777306226.411,75.042,706,0,3,3,0
1777306226.507,75.138,707,0,3,0,0
1777306226.618,75.250,706,0,3,0,0
1777306226.717,75.347,706,0,3,3,0
1777306226.827,75.458,707,0,2,0,0
1777306226.939,75.570,707,0,3,3,0
1777306227.035,75.666,708,0,2,0,0
1777306227.147,75.778,708,0,2,2,0
1777306227.243,75.874,708,0,2,0,0
1777306227.355,75.986,709,0,3,3,0
1777306227.452,76.082,708,0,1,0,0
1777306227.563,76.194,708,0,1,1,0
1777306227.659,76.290,708,0,1,0,0
1777306227.771,76.401,708,0,2,2,0
1777306227.883,76.514,709,0,1,0,0
1777306227.982,76.609,709,0,1,1,0
1777306228.091,76.722,709,0,2,0,0
1777306228.186,76.817,709,0,1,1,0
1777306228.298,76.929,710,0,2,0,0
1777306228.414,77.041,709,0,2,2,0
1777306228.506,77.137,710,0,2,0,0
1777306228.620,77.249,710,0,2,0,0
1777306228.714,77.345,709,0,1,1,0
1777306228.826,77.456,710,0,1,0,0
1777306228.922,77.553,709,0,1,1,0
1777306229.035,77.665,709,0,2,0,0
1777306229.146,77.776,710,0,2,2,0
1777306229.243,77.873,710,0,0,0,0
1777306229.354,77.985,710,0,1,1,0
1777306229.451,78.081,708,0,27,0,0
1777306229.563,78.193,710,0,2,2,0
1777306229.658,78.288,709,0,1,0,0
1777306229.769,78.400,710,0,2,2,0
1777306229.866,78.496,709,0,2,0,0
1777306229.977,78.608,709,0,1,1,0
1777306230.089,78.720,708,0,1,0,0
1777306230.184,78.816,708,0,1,1,0
1777306230.297,78.928,709,0,1,0,0
1777306230.394,79.024,709,0,1,1,0
1777306230.506,79.136,708,0,1,0,0
1777306230.618,79.248,709,0,1,1,0
1777306230.713,79.344,709,0,1,0,0
1777306230.825,79.456,708,0,2,2,0
1777306230.922,79.552,709,0,1,0,0
1777306231.033,79.663,709,0,2,0,0
1777306231.130,79.760,709,0,1,1,0
1777306231.245,79.871,709,0,2,0,0
1777306231.357,79.983,708,0,1,1,0
1777306231.449,80.079,709,0,2,0,0
1777306231.561,80.191,708,0,2,2,0
1777306231.657,80.288,708,0,2,0,0
1777306231.769,80.399,707,0,2,2,0
1777306231.865,80.495,708,0,2,0,0
1777306231.977,80.607,707,0,1,1,0
1777306232.089,80.719,705,0,2,0,0
1777306232.185,80.815,663,0,1,1,0
1777306232.296,80.927,561,0,1,0,0
1777306232.393,81.023,497,0,1,1,0
1777306232.505,81.135,539,0,2,0,0
1777306232.600,81.231,671,0,1,1,0
1777306232.712,81.343,700,0,1,0,0
1777306232.824,81.454,705,0,1,1,0
1777306232.921,81.551,705,0,1,0,0
1777306233.032,81.662,706,0,1,1,0
1777306233.527,82.158,708,280,1,0,0
1777306234.040,82.670,707,354,1,1,0
1777306234.135,82.766,707,0,1,0,0
1777306234.247,82.878,705,0,2,2,0
1777306234.359,82.990,709,0,1,0,0
1777306234.455,83.086,709,0,2,2,0
1777306234.567,83.197,709,0,1,0,0
1777306234.662,83.293,710,0,1,1,0
1777306234.774,83.405,710,0,1,0,0
1777306234.887,83.517,709,0,1,1,0
1777306234.983,83.613,710,0,1,0,0
1777306235.095,83.725,710,0,1,0,0
1777306235.190,83.821,711,1,1,1,0
1777306235.302,83.933,708,0,1,0,0
1777306235.406,84.029,710,0,1,1,0
1777306235.516,84.141,709,0,1,0,0
1777306235.605,84.237,709,0,2,2,0
1777306235.717,84.348,708,0,2,0,0
1777306235.829,84.460,710,0,2,2,0
1777306235.925,84.556,708,0,1,0,0
1777306236.037,84.668,709,0,2,2,0
1777306236.133,84.764,709,0,3,0,0
1777306236.245,84.876,709,0,1,1,0
1777306236.341,84.972,709,0,1,0,0
1777306236.453,85.084,712,0,1,1,0
1777306236.565,85.196,713,0,1,0,0
1777306236.661,85.292,714,0,2,2,0
1777306236.773,85.404,714,0,1,0,0
1777306236.869,85.500,709,0,1,1,0
1777306236.982,85.612,687,0,1,0,0
1777306237.076,85.707,671,0,1,1,0
1777306237.190,85.820,680,0,1,0,0
1777306237.302,85.932,688,0,1,1,0
1777306237.397,86.028,698,0,2,0,0
1777306237.509,86.139,689,0,3,0,0
1777306237.605,86.236,683,0,2,2,0
1777306237.717,86.347,529,0,3,0,0
1777306237.815,86.443,391,0,1,1,0
1777306237.925,86.555,243,0,1,0,0
1777306238.036,86.667,208,0,2,2,0
1777306238.134,86.763,166,0,3,0,0
1777306238.246,86.875,131,0,18,18,0
1777306238.342,86.971,115,0,6,0,0
1777306238.456,87.083,114,0,10,10,0
1777306238.549,87.179,106,0,15,0,0
1777306238.660,87.291,105,0,54,54,0
1777306238.756,87.387,98,0,24,0,0
1777306238.868,87.499,96,0,13,13,0
1777306238.979,87.610,94,0,14,0,0
1777306239.076,87.707,91,0,20,20,0
1777306239.188,87.819,90,0,17,0,0
1777306239.284,87.915,94,0,23,23,0
1777306239.395,88.026,100,0,13,0,0
1777306239.508,88.138,117,0,10,0,0
1777306239.603,88.234,116,0,15,15,0
1777306239.716,88.346,114,0,10,0,0
1777306239.811,88.442,111,0,13,13,0
1777306239.923,88.554,111,0,14,0,0
1777306240.019,88.650,107,0,3,3,0
1777306240.131,88.762,107,0,7,0,0
1777306240.243,88.874,138,0,3,3,0
1777306240.339,88.970,304,0,0,0,0
1777306240.450,89.081,417,0,1,1,0
1777306240.547,89.177,597,0,1,0,0
1777306240.659,89.289,671,0,0,0,0
1777306240.755,89.385,654,0,1,0,0
1777306240.866,89.497,664,0,1,1,0
1777306240.981,89.609,701,0,0,0,0
1777306241.075,89.705,711,0,1,1,0
1777306241.187,89.818,717,0,0,0,0
1777306241.283,89.914,720,0,0,0,0
1777306241.395,90.026,721,0,1,0,0
1777306241.491,90.121,721,0,0,0,0
1777306241.602,90.233,721,0,1,1,0
1777306241.714,90.345,721,0,0,0,0
1777306241.810,90.441,720,0,1,1,0
1777306241.922,90.553,721,0,0,0,0
1777306242.018,90.649,722,0,4,4,0
1777306242.130,90.761,722,0,1,0,0
1777306242.241,90.872,722,0,0,0,0
1777306242.337,90.968,722,0,0,0,0
1777306242.450,91.080,721,0,1,1,0
1777306242.545,91.176,722,0,1,0,0
1777306242.657,91.288,722,0,0,0,0
1777306242.753,91.384,721,0,0,0,0
1777306242.865,91.496,720,0,1,1,0
1777306242.977,91.608,720,0,0,0,0
1777306243.077,91.704,720,0,1,1,0
1777306243.186,91.816,719,0,0,0,0
1777306243.288,91.916,720,0,0,0,0
1777306243.396,92.026,720,0,0,0,0
1777306243.489,92.120,720,0,0,0,0
1777306243.601,92.232,719,0,1,0,0
1777306243.697,92.328,718,0,1,0,0
1777306243.809,92.440,719,0,0,0,0
1777306243.921,92.551,718,0,0,0,0
1777306244.017,92.647,719,0,0,0,0
1777306244.129,92.759,718,0,1,0,0
1777306244.225,92.856,718,0,1,1,0
1777306244.336,92.967,717,0,0,0,0
1777306244.450,93.079,718,0,1,1,0
1777306244.545,93.175,718,0,1,0,0
1777306244.657,93.288,717,0,1,1,0
1777306244.753,93.383,718,0,1,0,0
1777306244.864,93.495,717,0,1,1,0
1777306244.961,93.591,718,0,0,0,0
1777306245.072,93.703,719,0,0,0,0
1777306245.184,93.815,717,0,1,0,0
1777306245.281,93.911,717,0,1,1,0
1777306245.393,94.023,718,0,0,0,0
1777306245.488,94.119,716,0,0,0,0
1777306245.599,94.230,716,0,0,0,0
1777306245.699,94.330,717,0,0,0,0
1777306245.811,94.438,716,0,1,0,0
1777306245.922,94.550,716,0,0,0,0
1777306246.017,94.646,716,0,0,0,0
1777306246.131,94.759,717,0,1,0,0
1777306246.224,94.855,718,0,0,0,0
1777306246.335,94.966,717,0,0,0,0
1777306246.432,95.062,718,0,0,0,0
1777306246.544,95.175,718,0,0,0,0
1777306246.655,95.286,717,0,0,0,0
1777306246.751,95.382,718,0,1,0,0
1777306246.862,95.493,718,0,1,1,0
1777306246.962,95.590,718,0,0,0,0
1777306247.070,95.701,719,0,0,0,0
1777306247.169,95.798,718,0,0,0,0
1777306247.279,95.910,719,0,1,1,0
1777306247.391,96.021,718,0,0,0,0
1777306247.488,96.118,717,0,0,0,0
1777306247.599,96.229,718,0,1,0,0
1777306247.695,96.326,718,0,0,0,0
1777306247.807,96.437,719,0,1,0,0
1777306247.902,96.533,719,0,1,1,0
1777306248.015,96.645,718,0,1,0,0
1777306248.127,96.757,717,0,1,1,0
1777306248.222,96.853,719,0,1,0,0
1777306248.333,96.965,719,0,0,0,0
1777306248.432,97.061,717,0,0,0,0
1777306248.542,97.172,718,0,0,0,0
1777306248.638,97.269,718,0,1,1,0
1777306248.750,97.381,718,0,0,0,0
1777306248.862,97.493,718,0,1,1,0
1777306248.959,97.589,717,0,1,0,0
1777306249.072,97.703,716,0,0,0,0
1777306249.166,97.797,718,0,0,0,0
1777306249.278,97.908,717,0,1,1,0
1777306249.374,98.005,716,0,1,0,0
1777306249.486,98.116,716,0,0,0,0
1777306249.598,98.228,716,0,1,0,0
1777306249.694,98.324,715,0,1,1,0
1777306249.806,98.436,716,0,0,0,0
1777306249.902,98.532,717,0,1,1,0
1777306250.013,98.644,715,0,0,0,0
1777306250.109,98.740,716,0,1,1,0
1777306250.221,98.852,716,0,0,0,0
1777306250.334,98.964,717,0,1,1,0
1777306250.430,99.060,716,0,1,0,0
1777306250.541,99.171,716,0,1,1,0
1777306250.636,99.267,715,0,0,0,0
1777306250.748,99.379,716,0,0,0,0
1777306250.844,99.475,715,0,1,1,0
1777306250.958,99.587,715,0,1,0,0
1777306251.068,99.699,715,0,0,0,0
1777306251.165,99.796,716,0,0,0,0
1777306251.279,99.907,717,0,0,0,0
1777306251.371,100.003,716,0,1,0,0
1777306251.485,100.115,717,0,1,1,0
1777306251.580,100.211,717,0,0,0,0
1777306251.692,100.323,717,0,0,0,0
1777306251.805,100.435,716,0,0,0,0
1777306251.900,100.531,717,0,0,0,0
1777306252.012,100.643,718,0,0,0,0
1777306252.108,100.739,719,0,1,1,0
1777306252.221,100.851,718,0,1,0,0
1777306252.317,100.947,718,0,0,0,0
1777306252.429,101.059,718,0,0,0,0
1777306252.540,101.170,719,0,1,1,0
1777306252.636,101.266,719,0,1,0,0
1777306252.747,101.378,717,0,1,1,0
1777306252.843,101.474,718,0,1,0,0
1777306252.955,101.586,718,0,1,0,0
1777306253.051,101.682,718,0,1,1,0
1777306253.164,101.794,718,0,0,0,0
1777306253.275,101.906,718,0,0,0,0
1777306253.371,102.002,719,0,1,0,0
1777306253.483,102.114,718,0,1,1,0
1777306253.579,102.210,717,0,0,0,0
1777306253.690,102.321,716,0,0,0,0
1777306253.787,102.418,717,0,1,0,0
1777306253.903,102.531,716,0,1,1,0
1777306254.011,102.641,716,0,1,0,0
1777306254.107,102.738,716,0,1,1,0
1777306254.220,102.850,716,0,1,0,0
1777306254.316,102.946,716,0,1,1,0
1777306254.426,103.057,715,0,1,0,0
1777306254.524,103.154,715,0,0,0,0
1777306254.635,103.265,714,0,0,0,0
1777306254.747,103.377,715,0,1,1,0
1777306254.856,103.473,714,0,0,0,0
1777306254.953,103.585,714,0,1,1,0
1777306255.049,103.681,714,1,1,0,0
1777306255.161,103.792,713,0,0,0,0
1777306255.257,103.888,715,0,1,1,0
1777306255.369,104.000,712,0,1,0,0
1777306255.481,104.112,714,0,0,0,0
1777306255.585,104.208,713,0,0,0,0
1777306255.689,104.320,714,0,0,0,0
1777306255.832,104.430,713,0,0,0,0
1777306255.915,104.533,713,0,1,1,0
1777306256.022,104.629,713,0,1,0,0
1777306256.128,104.736,712,0,1,1,0
1777306256.237,104.849,714,0,1,0,0
1777306256.341,104.946,713,0,0,0,0
1777306256.458,105.064,713,0,0,0,0
1777306256.522,105.152,713,0,0,0,0
1777306256.641,105.270,713,0,0,0,0
1777306256.730,105.360,713,0,1,1,0
1777306256.841,105.472,713,1,1,0,0
1777306256.953,105.584,714,0,0,0,0
1777306257.050,105.680,714,0,0,0,0
1777306257.162,105.792,714,0,1,1,0
1777306257.257,105.887,713,0,0,0,0
1777306257.370,106.000,713,0,1,1,0
1777306257.465,106.096,714,0,1,0,0
1777306257.577,106.207,714,0,1,0,0
1777306257.690,106.319,715,0,0,0,0
1777306257.786,106.415,714,0,1,0,0
1777306257.897,106.527,715,0,0,0,0
1777306257.992,106.623,715,0,5,0,0
1777306258.105,106.736,715,0,1,1,0
1777306258.200,106.831,715,0,0,0,0
1777306258.312,106.943,716,0,0,0,0
1777306258.425,107.054,714,0,0,0,0
1777306258.520,107.151,715,0,0,0,0
1777306258.632,107.263,715,0,1,0,0
1777306258.728,107.359,715,0,0,0,0
1777306258.840,107.470,715,0,0,0,0
1777306258.942,107.567,718,0,0,0,0
1777306259.054,107.678,715,0,1,0,0
1777306259.166,107.790,716,0,1,1,0
1777306259.257,107.886,715,0,1,0,0
1777306259.372,107.998,716,0,0,0,0
1777306259.464,108.094,714,0,1,0,0
1777306259.575,108.206,715,0,1,1,0
1777306259.672,108.302,716,0,1,0,0
1777306259.783,108.414,715,0,0,0,0
1777306259.895,108.526,716,0,0,0,0
1777306259.992,108.622,715,0,2,0,0
1777306260.104,108.734,715,0,1,1,0
1777306260.198,108.830,715,0,0,0,0
1777306260.310,108.941,715,0,1,1,0
1777306260.406,109.038,715,0,1,0,0
1777306260.519,109.150,715,0,0,0,0
1777306260.631,109.261,714,0,0,0,0
1777306260.726,109.357,714,0,1,1,0
1777306260.838,109.469,714,0,0,0,0
1777306260.934,109.566,714,0,1,1,0
1777306261.046,109.677,715,0,1,0,0
1777306261.143,109.773,714,0,0,0,0
1777306261.255,109.885,714,0,0,0,0
1777306261.366,109.997,714,0,0,0,0
1777306261.463,110.093,713,0,0,0,0
1777306261.574,110.205,715,0,1,1,0
1777306261.675,110.301,713,0,1,0,0
1777306261.782,110.413,712,0,0,0,0
1777306261.879,110.509,714,0,1,0,0
1777306261.999,110.621,711,0,1,1,0
1777306262.109,110.732,707,0,1,0,0
1777306262.200,110.830,668,0,2,0,0
1777306262.310,110.940,641,0,1,1,0
1777306262.406,111.037,691,0,0,0,0
1777306262.518,111.148,695,0,0,0,0
1777306262.615,111.245,698,0,0,0,0
1777306262.726,111.356,699,0,1,1,0
1777306262.823,111.453,698,0,1,0,0
1777306262.935,111.564,699,0,1,1,0
1777306263.046,111.676,698,0,1,0,0
1777306263.142,111.772,700,0,1,1,0
1777306263.255,111.884,700,0,1,0,0
1777306263.351,111.981,700,0,0,0,0
1777306263.462,112.092,702,0,0,0,0
1777306263.573,112.204,702,0,1,1,0
1777306263.670,112.300,699,0,1,0,0
1777306263.782,112.412,694,0,1,1,0
1777306263.877,112.508,588,0,0,0,0
1777306263.989,112.620,510,0,0,0,0
1777306264.085,112.716,491,0,0,0,0
1777306264.197,112.828,512,0,1,1,0
1777306264.297,112.924,568,0,0,0,0
1777306264.410,113.036,596,0,0,0,0
1777306264.529,113.147,598,0,1,0,0
1777306264.612,113.243,584,0,1,1,0
1777306264.725,113.355,582,0,0,0,0
1777306264.821,113.451,584,0,1,1,0
1777306264.933,113.563,594,0,0,0,0
1777306265.044,113.675,600,0,0,0,0
1777306265.141,113.771,599,0,0,0,0
1777306265.252,113.883,605,0,0,0,0
1777306265.349,113.979,598,0,1,1,0
1777306265.461,114.091,596,0,0,0,0
1777306265.556,114.187,593,0,0,0,0
1777306265.668,114.299,596,0,1,0,0
1777306265.781,114.411,596,0,1,1,0
1777306265.876,114.506,597,0,1,0,0
1777306265.987,114.618,599,0,1,1,0
1777306266.084,114.715,599,0,1,0,0
1777306266.195,114.826,598,0,1,1,0
1777306266.292,114.923,602,0,1,0,0
1777306266.403,115.034,601,0,1,1,0
1777306266.500,115.130,600,0,0,0,0
1777306266.612,115.242,593,0,1,1,0
1777306266.723,115.353,591,0,0,0,0
1777306266.820,115.450,606,0,0,0,0
1777306266.933,115.562,653,0,1,0,0
1777306267.038,115.659,685,0,1,1,0
1777306267.144,115.771,691,0,1,0,0
1777306267.252,115.881,691,0,1,1,0
1777306267.351,115.979,691,0,1,0,0
1777306267.462,116.091,695,0,1,1,0
1777306267.555,116.186,698,0,1,0,0
1777306267.667,116.297,701,0,1,1,0
1777306267.764,116.394,703,0,0,0,0
1777306267.875,116.506,705,0,0,0,0
1777306267.988,116.618,707,0,1,0,0
1777306268.083,116.714,709,0,1,1,0
1777306268.195,116.825,710,0,0,0,0
1777306268.291,116.921,711,0,0,0,0
1777306268.404,117.033,710,0,0,0,0
1777306268.499,117.129,708,0,1,0,0
1777306268.610,117.241,704,0,1,1,0
1777306268.707,117.337,699,0,1,0,0
1777306268.818,117.449,700,0,1,1,0
1777306268.930,117.561,703,0,1,0,0
1777306269.027,117.657,705,0,0,0,0
1777306269.139,117.769,704,0,1,0,0
1777306269.250,117.880,703,0,0,0,0
1777306269.346,117.976,703,0,1,0,0
1777306269.458,118.088,703,0,1,1,0
1777306269.555,118.184,702,0,1,0,0
1777306269.665,118.296,703,0,0,0,0
1777306269.764,118.392,704,0,0,0,0
1777306269.875,118.504,702,0,0,0,0
1777306269.978,118.606,701,0,0,0,0
1777306270.087,118.714,703,0,1,1,0
1777306270.197,118.824,702,0,1,0,0
1777306270.289,118.920,701,0,1,1,0
1777306270.402,119.032,701,0,0,0,0
1777306270.497,119.128,702,0,1,1,0
1777306270.610,119.240,699,0,1,0,0
1777306270.705,119.336,701,0,0,0,0
1777306270.820,119.448,699,0,0,0,0
1777306270.929,119.559,700,0,1,0,0
1777306271.027,119.656,702,0,0,0,0
1777306271.137,119.767,702,0,0,0,0
1777306271.232,119.863,701,0,0,0,0
1777306271.345,119.975,702,0,0,0,0
1777306271.456,120.087,702,0,1,1,0
1777306271.553,120.183,690,0,1,0,0
1777306271.665,120.295,618,0,1,1,0
1777306271.761,120.392,605,0,1,0,0
1777306271.872,120.503,657,0,1,1,0
1777306271.970,120.599,671,0,0,0,0
1777306272.083,120.711,622,0,1,1,0
1777306272.181,120.807,552,0,1,0,0
1777306272.291,120.918,525,0,0,0,0
1777306272.401,121.030,531,0,1,0,0
1777306272.506,121.130,552,0,0,0,0
1777306272.615,121.241,585,0,0,0,0
1777306272.710,121.335,583,0,0,0,0
1777306272.816,121.446,584,0,1,0,0
1777306272.914,121.543,579,0,0,0,0
1777306273.023,121.654,575,0,0,0,0
1777306273.137,121.766,578,0,1,1,0
1777306273.233,121.862,588,0,1,0,0
1777306273.343,121.974,598,0,1,1,0
1777306273.439,122.070,597,0,1,0,0
1777306273.552,122.182,603,0,1,1,0
1777306273.649,122.278,614,0,1,0,0
1777306273.760,122.390,617,0,0,0,0
1777306273.874,122.501,617,0,0,0,0
1777306273.967,122.598,612,0,0,0,0
1777306274.078,122.709,623,0,0,0,0
1777306274.175,122.805,681,0,0,0,0
1777306274.287,122.917,698,0,0,0,0
1777306274.383,123.013,703,0,0,0,0
1777306274.496,123.126,706,0,0,0,0
1777306274.606,123.237,708,0,0,0,0
1777306274.705,123.334,708,0,1,1,0
1777306274.816,123.445,708,0,3,0,0
1777306274.916,123.541,708,0,0,0,0
1777306275.029,123.653,709,0,0,0,0
1777306275.138,123.765,707,0,1,1,0
1777306275.240,123.866,705,0,0,0,0
1777306275.347,123.973,705,0,1,1,0
1777306275.438,124.069,704,0,1,0,0
1777306275.551,124.181,705,0,0,0,0
1777306275.648,124.278,703,0,0,0,0
1777306275.758,124.389,698,0,0,0,0
1777306275.854,124.485,689,0,1,0,0
1777306275.966,124.596,686,0,0,0,0
1777306276.077,124.708,671,0,1,0,0
1777306276.175,124.805,638,0,1,1,0
1777306276.290,124.916,632,0,1,0,0
1777306276.383,125.013,632,0,0,0,0
1777306276.495,125.124,633,0,1,0,0
1777306276.590,125.220,633,0,1,1,0
1777306276.703,125.332,624,0,0,0,0
1777306276.816,125.444,615,0,0,0,0
1777306276.910,125.540,600,0,0,0,0
1777306277.022,125.651,601,0,1,0,0
1777306277.117,125.748,588,0,0,0,0
1777306277.232,125.860,588,0,1,0,0
1777306277.331,125.955,588,0,1,1,0
1777306277.436,126.067,553,0,1,0,0
1777306277.548,126.179,512,0,1,1,0
1777306277.656,126.275,539,0,0,0,0
1777306277.764,126.387,566,0,1,1,0
1777306277.853,126.484,588,0,0,0,0
1777306277.965,126.595,602,0,1,1,0
1777306278.061,126.691,607,0,1,0,0
1777306278.173,126.803,596,0,0,0,0
1777306278.284,126.915,590,0,0,0,0
1777306278.381,127.011,623,0,0,0,0
1777306278.492,127.123,633,0,1,0,0
1777306278.595,127.220,625,0,0,0,0
1777306278.700,127.331,606,0,1,0,0
1777306278.796,127.427,613,0,0,0,0
1777306278.908,127.539,619,0,1,0,0
1777306279.021,127.650,621,0,0,0,0
1777306279.116,127.747,620,0,1,0,0
1777306279.228,127.858,621,0,1,1,0
1777306279.323,127.954,622,0,0,0,0
1777306279.437,128.066,616,0,1,1,0
1777306279.533,128.163,618,0,1,0,0
1777306279.644,128.274,635,0,0,0,0
1777306279.756,128.386,680,0,1,0,0
1777306279.852,128.482,688,0,1,1,0
1777306279.964,128.594,675,0,0,0,0
1777306280.059,128.690,643,0,0,0,0
1777306280.183,128.802,625,0,0,0,0
1777306280.275,128.898,620,0,0,0,0
1777306280.395,129.009,620,0,2,0,0
1777306280.490,129.121,614,0,0,0,0
1777306280.594,129.221,610,0,1,0,0
1777306280.702,129.329,618,0,0,0,0
1777306280.796,129.426,620,0,1,1,0
1777306280.907,129.538,622,0,0,0,0
1777306281.003,129.633,625,0,1,1,0
1777306281.116,129.746,625,0,1,0,0
1777306281.226,129.857,625,0,1,1,0
1777306281.322,129.953,626,0,0,0,0
1777306281.434,130.065,624,0,1,1,0
1777306281.529,130.161,620,0,1,0,0
1777306281.642,130.273,621,0,0,0,0
1777306281.738,130.369,621,0,1,0,0
1777306281.851,130.481,625,0,1,1,0
1777306281.962,130.592,626,0,1,0,0
1777306282.058,130.689,623,0,0,0,0
1777306282.170,130.801,623,0,1,0,0
1777306282.266,130.897,622,0,0,0,0
1777306282.377,131.008,622,0,0,0,0
1777306282.474,131.105,621,0,0,0,0
1777306282.586,131.217,621,0,0,0,0
1777306282.698,131.328,621,0,1,1,0
1777306282.793,131.424,620,0,1,0,0
1777306282.905,131.536,621,0,0,0,0
1777306283.000,131.632,620,0,1,0,0
1777306283.119,131.744,617,0,0,0,0
1777306283.209,131.840,606,0,1,0,0
1777306283.332,131.952,613,0,0,0,0
1777306283.434,132.065,642,0,0,0,0
1777306283.530,132.160,663,0,1,1,0
1777306283.641,132.272,670,0,0,0,0
1777306283.737,132.367,673,0,1,1,0
1777306283.850,132.480,686,0,0,0,0
1777306283.962,132.591,685,0,0,0,0
1777306284.057,132.688,690,0,7,0,0
1777306284.170,132.799,691,0,1,1,0
1777306284.266,132.896,694,0,1,0,0
1777306284.376,133.007,694,0,0,0,0
1777306284.472,133.103,696,0,1,1,0
1777306284.586,133.215,695,0,1,0,0
1777306284.682,133.312,697,0,1,1,0
1777306284.792,133.423,697,0,0,0,0
1777306284.904,133.534,697,0,1,1,0
1777306285.001,133.631,698,0,1,0,0
1777306285.113,133.743,696,0,0,0,0
1777306285.209,133.839,698,0,1,0,0
1777306285.320,133.951,700,1,1,1,0
1777306285.432,134.062,703,0,0,0,0
1777306285.528,134.159,702,0,1,1,0
1777306285.640,134.270,704,0,0,0,0
1777306285.743,134.366,704,0,0,0,0
1777306285.850,134.478,705,0,1,0,0
1777306285.949,134.576,707,0,1,1,0
1777306286.059,134.686,706,0,1,0,0
1777306286.167,134.798,707,0,1,1,0
1777306286.265,134.895,705,0,0,0,0
1777306286.376,135.006,706,0,0,0,0
1777306286.471,135.102,705,0,0,0,0
1777306286.584,135.214,705,0,1,1,0
1777306286.681,135.310,705,0,3,0,0
1777306286.791,135.422,705,0,1,0,0
1777306286.904,135.534,703,0,0,0,0
1777306287.001,135.630,703,0,0,0,0
1777306287.111,135.741,703,0,2,2,0
1777306287.208,135.838,702,0,0,0,0
1777306287.319,135.949,702,0,1,1,0
1777306287.416,136.046,702,0,1,0,0
1777306287.527,136.157,701,0,1,1,0
1777306287.638,136.269,700,0,0,0,0
1777306287.735,136.365,703,0,0,0,0
1777306287.847,136.477,701,0,0,0,0
1777306287.942,136.573,699,0,0,0,0
1777306288.055,136.685,703,0,0,0,0
1777306288.150,136.781,705,0,0,0,0
1777306288.262,136.893,706,0,1,0,0
1777306288.375,137.005,706,0,2,2,0
1777306288.476,137.100,703,0,0,0,0
1777306288.583,137.212,703,0,0,0,0
1777306288.687,137.309,703,0,1,0,0
1777306288.791,137.420,704,0,0,0,0
1777306288.887,137.517,703,0,1,0,0
1777306288.999,137.629,704,0,0,0,0
1777306289.109,137.740,706,0,0,0,0
1777306289.206,137.837,705,0,0,0,0
1777306289.317,137.948,706,0,0,0,0
1777306289.414,138.044,706,0,1,0,0
1777306289.525,138.156,704,0,0,0,0
1777306289.622,138.252,704,0,1,0,0
1777306289.734,138.364,706,0,1,1,0
1777306289.846,138.476,704,0,1,0,0
1777306289.942,138.572,707,0,0,0,0
1777306290.053,138.684,706,0,0,0,0
1777306290.149,138.780,706,0,0,0,0
1777306290.261,138.892,707,0,0,0,0
1777306290.358,138.988,707,0,1,1,0
1777306290.469,139.099,708,0,1,0,0
1777306290.580,139.211,706,0,1,1,0
1777306290.677,139.307,706,0,0,0,0
1777306290.789,139.419,709,0,0,0,0
1777306290.885,139.515,709,0,0,0,0
1777306290.997,139.627,710,0,1,1,0
1777306291.097,139.723,709,0,2,0,0
1777306291.207,139.835,710,0,0,0,0
1777306291.321,139.947,710,0,0,0,0
1777306291.415,140.044,710,0,1,1,0
1777306291.526,140.155,710,0,0,0,0
1777306291.621,140.251,710,0,0,0,0
1777306291.731,140.362,710,0,0,0,0
1777306291.827,140.458,710,0,1,0,0
1777306291.940,140.571,711,0,1,1,0
1777306292.052,140.682,712,0,1,0,0
1777306292.148,140.779,708,0,0,0,0
1777306292.260,140.890,697,0,1,0,0
1777306292.356,140.986,638,0,1,1,0
1777306292.468,141.098,627,0,0,0,0
1777306292.565,141.195,629,0,0,0,0
1777306292.676,141.306,629,0,0,0,0
1777306292.787,141.417,627,0,0,0,0
1777306292.885,141.514,627,0,1,0,0
1777306292.996,141.626,631,0,0,0,0
1777306293.093,141.723,634,0,0,0,0
1777306293.203,141.833,636,0,0,0,0
1777306293.300,141.931,666,0,0,0,0
1777306293.412,142.042,671,0,1,1,0
1777306293.507,142.138,678,0,1,0,0
1777306293.623,142.249,677,0,1,1,0
1777306293.731,142.362,676,0,1,0,0
1777306293.835,142.457,679,0,0,0,0
1777306293.947,142.569,680,0,1,0,0
1777306294.044,142.670,680,0,0,0,0
1777306294.153,142.779,681,0,1,0,0
1777306294.263,142.891,680,0,0,0,0
1777306294.355,142.985,679,0,1,0,0
1777306294.467,143.097,680,0,2,2,0
1777306294.564,143.194,679,0,1,0,0
1777306294.674,143.305,677,0,0,0,0
1777306294.771,143.401,670,0,0,0,0
1777306294.884,143.514,598,0,0,0,0
1777306294.994,143.624,504,0,0,0,0
1777306295.091,143.721,485,0,1,0,0
1777306295.203,143.833,500,0,1,1,0
1777306295.299,143.929,543,0,1,0,0
1777306295.410,144.040,572,0,1,1,0
1777306295.507,144.138,582,0,0,0,0
1777306295.618,144.248,581,0,0,0,0
1777306295.714,144.344,573,0,0,0,0
1777306295.826,144.456,562,0,0,0,0
1777306295.938,144.568,572,0,1,0,0
1777306296.035,144.664,580,0,0,0,0
1777306296.145,144.776,587,0,0,0,0
1777306296.242,144.872,587,0,0,0,0
1777306296.354,144.984,588,0,0,0,0
1777306296.464,145.095,590,0,1,1,0
1777306296.560,145.191,594,0,0,0,0
1777306296.672,145.303,594,0,1,1,0
1777306296.772,145.401,598,0,1,0,0
1777306296.881,145.512,598,0,1,1,0
1777306296.976,145.607,600,0,1,0,0
1777306297.089,145.719,602,0,0,0,0
1777306297.185,145.816,602,0,1,0,0
1777306297.296,145.927,600,0,1,1,0
1777306297.408,146.039,603,0,1,0,0
1777306297.507,146.135,603,0,0,0,0
1777306297.617,146.247,590,1,0,0,0
1777306297.713,146.343,584,0,0,0,0
1777306297.828,146.455,582,0,0,0,0
1777306297.936,146.566,580,0,1,1,0
1777306298.031,146.662,584,0,0,0,0
1777306298.146,146.775,615,0,0,0,0
1777306298.241,146.871,657,0,1,0,0
1777306298.352,146.983,687,0,1,1,0
1777306298.449,147.079,697,2,0,0,0
1777306298.560,147.190,702,0,0,0,0
1777306298.671,147.302,703,0,1,0,0
1777306298.769,147.399,705,0,1,0,0
1777306298.879,147.510,705,0,1,1,0
1777306298.980,147.606,706,0,0,0,0
1777306299.088,147.718,705,0,0,0,0
1777306299.195,147.815,706,0,0,0,0
1777306299.303,147.926,706,0,0,0,0
1777306299.408,148.038,706,0,1,0,0
1777306299.507,148.134,704,0,1,1,0
1777306299.620,148.248,706,0,0,0,0
1777306299.713,148.342,707,0,0,0,0
1777306299.823,148.454,704,0,0,0,0
1777306299.935,148.566,705,0,0,0,0
1777306300.031,148.662,705,0,1,0,0
1777306300.143,148.773,705,0,1,1,0
1777306300.241,148.870,704,0,1,0,0
1777306300.352,148.982,704,0,0,0,0
1777306300.448,149.079,703,0,0,0,0
1777306300.559,149.190,703,0,0,0,0
1777306300.670,149.301,703,0,0,0,0
1777306300.768,149.398,703,0,1,1,0
1777306300.878,149.509,703,1,1,0,0
1777306300.975,149.605,703,0,1,1,0
1777306301.087,149.717,703,1,0,0,0
1777306301.183,149.814,703,0,1,0,0
1777306301.295,149.925,705,0,1,1,0
1777306301.390,150.021,703,0,1,0,0
1777306301.503,150.133,706,0,0,0,0
1777306301.614,150.245,706,0,1,0,0
1777306301.709,150.340,707,0,0,0,0
1777306301.832,150.452,708,0,1,0,0
1777306301.926,150.553,705,0,1,1,0
1777306302.032,150.660,699,0,0,0,0
1777306302.150,150.772,702,0,5,5,0
1777306302.238,150.868,700,0,2,0,0
1777306302.350,150.980,698,0,0,0,0
1777306302.447,151.077,697,0,1,0,0
1777306302.558,151.188,700,0,1,1,0
1777306302.655,151.285,698,0,0,0,0
1777306302.766,151.396,700,0,0,0,0
1777306302.878,151.508,704,0,0,0,0
1777306302.974,151.604,708,0,2,2,0
1777306303.086,151.716,711,0,1,0,0
1777306303.182,151.812,713,0,0,0,0
1777306303.293,151.924,712,0,2,0,0
1777306303.390,152.020,709,0,1,1,0
1777306303.502,152.132,708,0,1,0,0
1777306303.599,152.229,709,0,1,0,0
1777306303.709,152.339,708,0,1,1,0
1777306303.820,152.451,708,0,0,0,0
1777306303.918,152.548,707,0,1,1,0
1777306304.029,152.659,708,0,1,0,0
1777306304.125,152.755,709,0,1,1,0
1777306304.237,152.867,711,0,0,0,0
1777306304.349,152.979,710,0,0,0,0
1777306304.447,153.075,709,0,0,0,0
1777306304.556,153.187,708,0,6,6,0
1777306304.655,153.283,707,0,1,0,0
1777306304.772,153.395,708,0,0,0,0
1777306304.865,153.491,706,0,0,0,0
1777306304.978,153.606,706,0,0,0,0
1777306305.089,153.716,704,0,0,0,0
1777306305.180,153.810,703,0,1,1,0
1777306305.293,153.923,703,0,1,0,0
1777306305.388,154.018,705,0,0,0,0
1777306305.501,154.130,705,0,0,0,0
1777306305.597,154.227,705,0,0,0,0
1777306305.708,154.338,702,0,0,0,0
1777306305.805,154.435,704,0,0,0,0
1777306305.916,154.546,704,0,1,1,0
1777306306.028,154.658,704,0,1,0,0
1777306306.124,154.754,704,0,0,0,0
1777306306.235,154.865,704,0,0,0,0
1777306306.333,154.963,706,0,0,0,0
1777306306.444,155.074,705,0,0,0,0
1777306306.556,155.186,702,0,0,0,0
1777306306.652,155.282,703,0,1,0,0
1777306306.764,155.394,703,0,1,1,0
1777306306.859,155.489,703,0,0,0,0
1777306306.971,155.601,703,0,1,1,0
1777306307.071,155.697,703,0,0,0,0
1777306307.179,155.809,702,0,0,0,0
1777306307.290,155.921,701,0,1,0,0
1777306307.394,156.017,702,0,1,1,0
1777306307.506,156.129,706,0,0,0,0
1777306307.600,156.228,707,1,1,1,0
1777306307.712,156.339,705,0,0,0,0
1777306307.804,156.434,704,0,0,0,0
1777306307.914,156.545,704,0,0,0,0
1777306308.027,156.657,705,0,1,1,0
1777306308.123,156.753,705,0,0,0,0
1777306308.234,156.865,705,0,1,0,0
1777306308.331,156.961,705,0,1,1,0
1777306308.442,157.073,705,0,1,0,0
1777306308.539,157.169,705,0,0,0,0
1777306308.652,157.281,705,0,1,0,0
1777306308.763,157.392,705,0,1,1,0
1777306308.858,157.488,705,0,0,0,0
1777306308.970,157.600,704,0,0,0,0
1777306309.066,157.696,705,0,0,0,0
1777306309.178,157.808,704,0,0,0,0
1777306309.274,157.905,704,0,0,0,0
1777306309.387,158.017,704,0,0,0,0
1777306309.497,158.127,704,0,0,0,0
1777306309.594,158.224,703,0,1,1,0
1777306309.704,158.335,704,0,1,0,0
1777306309.809,158.431,704,0,0,0,0
1777306309.921,158.543,705,0,1,0,0
1777306310.009,158.640,705,0,0,0,0
1777306310.132,158.752,704,0,0,0,0
1777306310.233,158.863,706,0,0,0,0
1777306310.329,158.960,706,0,0,0,0
1777306310.442,159.072,702,0,0,0,0
1777306310.537,159.167,692,0,1,0,0
1777306310.650,159.280,650,0,0,0,0
1777306310.746,159.376,626,0,1,0,0
1777306310.860,159.488,629,0,1,0,0
1777306310.954,159.584,647,1,0,0,0
1777306311.065,159.696,634,0,1,0,0
1777306311.177,159.807,671,0,0,0,0
1777306311.273,159.903,690,0,1,0,0
1777306311.386,160.015,694,0,0,0,0
1777306311.481,160.111,694,0,0,0,0
1777306311.593,160.223,695,0,1,1,0
1777306311.704,160.334,700,0,0,0,0
1777306311.802,160.431,704,0,0,0,0
1777306311.912,160.542,705,0,0,0,0
1777306312.007,160.638,703,0,1,1,0
1777306312.120,160.750,703,0,1,0,0
1777306312.217,160.846,704,0,1,1,0
1777306312.327,160.958,704,0,0,0,0
1777306312.439,161.070,702,0,0,0,0
1777306312.536,161.166,701,0,0,0,0
1777306312.649,161.278,700,0,1,1,0
1777306312.745,161.374,701,0,0,0,0
1777306312.856,161.485,701,0,1,1,0
1777306312.952,161.582,703,0,1,0,0
1777306313.063,161.694,701,0,1,1,0
1777306313.175,161.805,700,0,1,0,0
1777306313.272,161.902,701,0,1,1,0
1777306313.384,162.014,701,0,1,0,0
1777306313.480,162.110,702,0,1,0,0
1777306313.591,162.221,701,0,0,0,0
1777306313.687,162.318,702,0,0,0,0
1777306313.800,162.430,706,0,1,1,0
1777306313.911,162.541,705,0,1,0,0
1777306314.007,162.637,708,0,0,0,0
1777306314.119,162.749,710,0,1,0,0
1777306314.214,162.845,713,0,0,0,0
1777306314.326,162.957,715,0,1,0,0
1777306314.423,163.053,716,0,0,0,0
1777306314.535,163.165,716,0,0,0,0
1777306314.647,163.277,717,0,1,1,0
1777306314.743,163.373,718,0,0,0,0
1777306314.853,163.484,719,0,0,0,0
1777306314.949,163.580,716,0,2,0,0
1777306315.062,163.692,711,0,1,1,0
1777306315.161,163.788,700,0,1,0,0
1777306315.277,163.900,662,0,0,0,0
1777306315.369,163.996,655,0,0,0,0
1777306315.480,164.108,676,0,0,0,0
1777306315.591,164.220,681,0,0,0,0
1777306315.686,164.317,694,0,1,1,0
1777306315.798,164.428,699,0,0,0,0
1777306315.894,164.524,699,0,1,1,0
1777306316.005,164.636,692,0,0,0,0
1777306316.103,164.733,651,0,1,0,0
1777306316.213,164.843,644,0,0,0,0
1777306316.325,164.955,647,0,1,0,0
1777306316.421,165.052,652,0,1,1,0
1777306316.533,165.164,637,0,0,0,0
1777306316.630,165.260,640,0,1,1,0
1777306316.741,165.371,645,0,1,0,0
1777306316.853,165.484,640,0,1,1,0
1777306316.949,165.579,636,0,0,0,0
1777306317.061,165.691,636,0,1,1,0
1777306317.158,165.788,643,0,6,0,0
1777306317.268,165.899,674,0,0,0,0
1777306317.364,165.995,685,0,0,0,0
1777306317.476,166.107,688,0,0,0,0
1777306317.572,166.203,696,0,0,0,0
1777306317.685,166.315,694,0,0,0,0
1777306317.796,166.427,693,0,0,0,0
1777306317.898,166.522,694,0,0,0,0
1777306318.003,166.634,691,0,1,0,0
1777306318.107,166.733,689,0,1,1,0
1777306318.218,166.844,691,0,0,0,0
1777306318.326,166.954,694,0,0,0,0
1777306318.421,167.051,699,0,1,0,0
1777306318.531,167.162,700,0,1,1,0
1777306318.627,167.258,694,0,1,0,0
1777306318.739,167.370,679,0,1,1,0
1777306318.837,167.467,643,0,1,0,0
1777306318.948,167.578,630,0,1,1,0
1777306319.060,167.690,631,0,0,0,0
1777306319.156,167.786,645,0,0,0,0
1777306319.268,167.897,638,0,0,0,0
1777306319.363,167.994,635,0,0,0,0
1777306319.476,168.106,635,0,1,0,0
1777306319.572,168.202,638,0,1,0,0
1777306319.684,168.314,640,0,0,0,0
1777306319.779,168.410,642,0,0,0,0
1777306319.891,168.521,644,0,0,0,0
1777306320.003,168.633,676,0,0,0,0
1777306320.099,168.730,688,0,0,0,0
1777306320.211,168.841,695,0,5,0,0
1777306320.307,168.937,694,0,0,0,0
1777306320.419,169.049,691,0,0,0,0
1777306320.531,169.161,688,0,1,1,0
1777306320.631,169.257,683,0,0,0,0
1777306320.749,169.368,680,0,0,0,0
1777306320.847,169.465,674,0,0,0,0
1777306320.956,169.576,669,0,1,1,0
1777306321.042,169.673,671,0,1,0,0
1777306321.154,169.784,665,0,1,1,0
1777306321.251,169.881,648,0,1,0,0
1777306321.361,169.992,642,0,1,1,0
1777306321.474,170.104,656,0,0,0,0
1777306321.570,170.200,681,0,0,0,0
1777306321.682,170.312,687,0,0,0,0
1777306321.778,170.408,692,0,1,1,0
1777306321.890,170.520,699,0,0,0,0
1777306322.003,170.632,699,0,1,1,0
1777306322.098,170.728,694,0,1,0,0
1777306322.210,170.840,688,0,1,1,0
1777306322.306,170.936,687,0,1,0,0
1777306322.418,171.048,688,0,0,0,0
1777306322.512,171.144,687,0,2,0,0
1777306322.625,171.255,687,0,1,1,0
1777306322.750,171.367,688,0,0,0,0
1777306322.832,171.463,689,0,1,1,0
1777306322.945,171.575,689,0,1,0,0
1777306323.041,171.672,689,0,0,0,0
1777306323.152,171.783,688,0,0,0,0
1777306323.258,171.879,689,0,1,1,0
1777306323.366,171.991,689,0,0,0,0
1777306323.462,172.089,689,0,1,0,0
1777306323.577,172.200,689,0,0,0,0
1777306323.681,172.311,688,0,0,0,0
1777306323.777,172.407,683,0,1,1,0
1777306323.889,172.519,671,0,1,0,0
1777306323.985,172.615,684,0,1,1,0
1777306324.097,172.727,689,0,1,0,0
1777306324.208,172.838,688,0,0,0,0
1777306324.305,172.935,688,0,0,0,0
1777306324.419,173.047,688,0,1,1,0
1777306324.513,173.143,688,0,1,0,0
1777306324.625,173.254,690,0,0,0,0
1777306324.719,173.350,691,0,0,0,0
1777306324.833,173.462,692,0,0,0,0
1777306324.944,173.574,692,0,0,0,0
1777306325.041,173.670,695,0,1,1,0
1777306325.155,173.782,699,0,0,0,0
1777306325.247,173.878,706,0,1,1,0
1777306325.361,173.990,711,0,0,0,0
1777306325.471,174.102,714,0,0,0,0
1777306325.569,174.199,714,0,0,0,0
1777306325.679,174.310,712,0,1,1,0
1777306325.778,174.406,711,0,0,0,0
1777306325.887,174.517,711,0,1,1,0
1777306325.988,174.614,711,0,0,0,0
1777306326.103,174.726,711,0,4,4,0
1777306326.210,174.837,712,0,0,0,0
1777306326.308,174.934,709,0,0,0,0
1777306326.414,175.045,708,0,0,0,0
1777306326.511,175.141,706,0,1,0,0
1777306326.624,175.253,700,0,1,1,0
1777306326.721,175.350,693,0,1,0,0
1777306326.831,175.461,690,0,0,0,0
1777306326.927,175.557,681,0,0,0,0
1777306327.039,175.669,665,0,1,1,0
1777306327.137,175.766,659,0,0,0,0
1777306327.247,175.877,657,0,1,1,0
1777306327.358,175.989,658,0,2,0,0
1777306327.455,176.085,661,0,1,1,0
1777306327.567,176.197,678,0,0,0,0
1777306327.663,176.293,689,0,0,0,0
1777306327.774,176.404,702,0,1,0,0
1777306327.887,176.517,707,0,1,1,0
1777306327.984,176.613,711,0,1,0,0
1777306328.094,176.724,714,0,0,0,0
1777306328.191,176.821,716,0,1,0,0
1777306328.303,176.932,717,0,0,0,0
1777306328.413,177.044,720,0,0,0,0
1777306328.510,177.140,728,0,1,1,0
1777306328.629,177.252,729,0,1,0,0
1777306328.727,177.348,728,0,0,0,0
1777306328.829,177.460,731,0,0,0,0
1777306328.948,177.572,734,0,14,14,0
1777306329.038,177.668,736,0,1,0,0
1777306329.135,177.764,736,0,1,0,0
1777306329.245,177.875,737,0,0,0,0
1777306329.358,177.988,737,0,0,0,0
1777306329.453,178.083,737,0,1,1,0
1777306329.565,178.196,736,0,1,0,0
1777306329.661,178.292,736,0,1,1,0
1777306329.773,178.403,736,0,1,0,0
1777306329.886,178.515,735,0,1,1,0
1777306329.982,178.612,736,0,0,0,0
1777306330.093,178.723,734,0,0,0,0
1777306330.189,178.819,733,0,1,0,0
1777306330.301,178.931,733,0,1,1,0
1777306330.397,179.027,730,0,0,0,0
1777306330.509,179.139,729,0,0,0,0
1777306330.620,179.250,727,0,1,0,0
1777306330.717,179.347,724,0,0,0,0
1777306330.828,179.459,721,0,0,0,0
1777306330.924,179.555,719,0,0,0,0
1777306331.036,179.666,718,0,1,0,0
1777306331.140,179.763,719,0,1,1,0
1777306331.252,179.874,720,0,1,0,0
1777306331.355,179.986,720,0,0,0,0
1777306331.458,180.082,717,0,0,0,0
1777306331.574,180.194,716,0,1,0,0
1777306331.660,180.290,715,0,0,0,0
1777306331.772,180.402,712,0,1,0,0
1777306331.869,180.499,711,0,0,0,0
1777306331.980,180.610,710,0,1,0,0
1777306332.091,180.722,711,0,1,1,0
1777306332.189,180.818,712,0,1,0,0
1777306332.300,180.930,713,0,1,1,0
1777306332.396,181.026,715,0,0,0,0
1777306332.509,181.138,715,0,1,1,0
1777306332.603,181.234,716,0,1,0,0
1777306332.715,181.345,715,0,0,0,0
1777306332.826,181.457,714,0,0,0,0
1777306332.922,181.553,714,0,0,0,0
1777306333.034,181.665,713,0,1,0,0
1777306333.130,181.761,713,0,0,0,0
1777306333.243,181.873,714,0,2,0,0
1777306333.341,181.970,718,0,1,1,0
1777306333.450,182.081,718,0,0,0,0
1777306333.561,182.192,721,0,0,0,0
1777306333.658,182.289,723,0,1,1,0
1777306333.769,182.400,724,0,1,0,0
1777306333.876,182.497,725,0,0,0,0
1777306333.978,182.608,726,0,1,0,0
1777306334.074,182.705,727,0,1,1,0
1777306334.193,182.816,728,0,0,0,0
1777306334.303,182.928,730,0,0,0,0
1777306334.395,183.025,730,0,1,0,0
1777306334.512,183.140,732,0,1,1,0
1777306334.603,183.233,732,0,0,0,0
1777306334.714,183.344,733,0,1,1,0
1777306334.818,183.440,734,0,0,0,0
1777306334.921,183.552,734,0,0,0,0
1777306335.032,183.664,734,0,1,0,0
1777306335.129,183.760,734,0,0,0,0
1777306335.241,183.872,733,0,1,0,0
1777306335.337,183.968,735,0,0,0,0
1777306335.449,184.080,733,0,1,0,0
1777306335.545,184.176,734,0,1,1,0
1777306335.657,184.288,733,0,0,0,0
1777306335.768,184.399,734,0,1,1,0
1777306335.866,184.496,734,0,1,0,0
1777306335.978,184.608,733,2,0,0,0
1777306336.074,184.704,733,0,1,1,0
1777306336.184,184.815,731,0,1,0,0
1777306336.281,184.911,731,0,1,1,0
1777306336.393,185.023,729,0,0,0,0
1777306336.504,185.135,728,0,0,0,0
1777306336.604,185.231,727,0,0,0,0
1777306336.712,185.343,728,0,0,0,0
1777306336.835,185.439,722,0,1,0,0
1777306336.923,185.551,723,0,0,0,0
1777306337.017,185.647,723,0,1,0,0
1777306337.128,185.759,722,0,0,0,0
1777306337.247,185.871,720,0,0,0,0
1777306337.336,185.967,720,0,0,0,0
1777306337.449,186.079,719,0,1,0,0
1777306337.544,186.175,717,0,1,1,0
1777306337.655,186.286,716,0,0,0,0
1777306337.752,186.383,718,0,0,0,0
1777306337.863,186.494,717,0,0,0,0
1777306337.975,186.606,716,0,1,1,0
1777306338.071,186.702,716,0,0,0,0
1777306338.185,186.814,717,0,0,0,0
1777306338.281,186.911,717,0,0,0,0
1777306338.391,187.022,717,0,0,0,0
1777306338.488,187.118,715,0,1,1,0
1777306338.600,187.230,716,0,1,0,0
1777306338.711,187.342,715,0,1,1,0
1777306338.807,187.438,714,0,1,0,0
1777306338.920,187.550,717,0,1,1,0
1777306339.018,187.646,715,0,0,0,0
1777306339.127,187.758,718,0,1,1,0
1777306339.227,187.854,718,0,0,0,0
1777306339.337,187.965,720,0,1,1,0
1777306339.447,188.077,720,0,0,0,0
1777306339.555,188.174,721,0,1,1,0
1777306339.664,188.285,722,0,1,0,0
1777306339.755,188.382,723,0,1,1,0
1777306339.870,188.496,722,0,1,0,0
1777306339.980,188.605,724,0,1,1,0
1777306340.071,188.702,725,0,0,0,0
1777306340.183,188.813,726,0,1,1,0
1777306340.279,188.909,727,0,0,0,0
1777306340.391,189.021,728,0,0,0,0
1777306340.487,189.117,729,0,1,0,0
1777306340.599,189.229,729,0,1,0,0
1777306340.695,189.325,729,0,0,0,0
1777306340.806,189.437,731,0,0,0,0
1777306340.918,189.548,730,0,0,0,0
1777306341.014,189.644,731,0,1,0,0
1777306341.126,189.756,730,0,1,1,0
1777306341.222,189.852,732,0,1,0,0
1777306341.334,189.964,731,0,0,0,0
1777306341.431,190.061,731,0,0,0,0
1777306341.541,190.172,731,0,1,1,0
1777306341.652,190.283,731,0,1,0,0
1777306341.749,190.380,730,0,0,0,0
1777306341.860,190.492,731,0,0,0,0
1777306341.976,190.594,730,0,1,1,0
1777306342.069,190.699,730,0,1,0,0
1777306342.180,190.811,729,0,1,1,0
1777306342.286,190.908,728,0,0,0,0
1777306342.396,191.019,729,0,0,0,0
1777306342.487,191.117,728,0,0,0,0
1777306342.598,191.228,727,0,0,0,0
1777306342.693,191.324,728,0,1,0,0
1777306342.804,191.435,726,0,0,0,0
1777306342.902,191.532,725,0,0,0,0
1777306343.013,191.643,725,0,0,0,0
1777306343.124,191.755,723,0,0,0,0
1777306343.220,191.851,723,0,1,0,0
1777306343.333,191.963,723,0,1,1,0
1777306343.428,192.059,722,0,1,0,0
1777306343.540,192.170,722,0,0,0,0
1777306343.636,192.267,721,0,1,0,0
1777306343.748,192.379,720,0,1,1,0
1777306343.860,192.490,721,0,0,0,0
1777306343.956,192.587,720,0,0,0,0
1777306344.070,192.699,720,0,1,0,0
1777306344.165,192.795,720,0,1,1,0
1777306344.275,192.906,719,0,0,0,0
1777306344.388,193.018,719,0,0,0,0
1777306344.485,193.115,720,0,0,0,0
1777306344.597,193.226,719,0,1,1,0
1777306344.698,193.322,720,0,0,0,0
1777306344.812,193.434,720,0,1,1,0
1777306344.904,193.530,721,0,1,0,0
1777306345.014,193.642,721,0,0,0,0
1777306345.108,193.738,721,0,1,0,0
1777306345.221,193.850,723,1,1,1,0
1777306345.335,193.963,722,0,1,0,0
1777306345.428,194.058,722,0,1,0,0
1777306345.539,194.169,723,0,0,0,0
1777306345.637,194.266,722,0,1,0,0
1777306345.747,194.378,725,0,1,1,0
1777306345.844,194.474,725,0,0,0,0
1777306345.954,194.585,726,0,0,0,0
1777306346.067,194.697,726,0,1,0,0
1777306346.164,194.794,727,0,1,1,0
1777306346.274,194.905,727,0,0,0,0
1777306346.371,195.002,728,0,0,0,0
1777306346.483,195.113,729,0,0,0,0
1777306346.594,195.225,729,0,1,1,0
1777306346.691,195.321,729,0,0,0,0
1777306346.804,195.434,729,0,0,0,0
1777306346.899,195.529,729,0,0,0,0
1777306347.010,195.641,729,0,0,0,0
1777306347.108,195.737,730,0,0,0,0
1777306347.219,195.849,729,0,1,1,0
1777306347.314,195.945,729,0,0,0,0
1777306347.429,196.057,729,0,1,1,0
1777306347.544,196.168,729,0,1,0,0
1777306347.643,196.269,730,0,0,0,0
1777306347.753,196.379,728,0,0,0,0
1777306347.842,196.472,729,0,0,0,0
1777306347.954,196.584,727,0,1,1,0
1777306348.051,196.681,728,0,1,0,0
1777306348.162,196.792,728,0,0,0,0
1777306348.274,196.904,727,0,1,0,0
1777306348.370,197.000,729,0,0,0,0
1777306348.482,197.112,726,0,1,0,0
1777306348.578,197.208,725,0,0,0,0
1777306348.689,197.320,726,0,0,0,0
1777306348.803,197.432,725,0,1,1,0
1777306348.898,197.528,724,0,1,0,0
1777306349.008,197.639,724,0,1,1,0
1777306349.106,197.736,724,0,0,0,0
1777306349.218,197.848,722,0,1,1,0
1777306349.314,197.944,722,0,0,0,0
1777306349.425,198.055,722,0,1,1,0
1777306349.521,198.152,723,0,1,0,0
1777306349.633,198.264,721,0,1,1,0
1777306349.745,198.375,721,0,1,0,0
1777306349.842,198.471,721,0,0,0,0
1777306349.952,198.583,721,0,0,0,0
1777306350.054,198.679,721,0,0,0,0
1777306350.160,198.791,721,0,0,0,0
1777306350.259,198.889,721,0,0,0,0
1777306350.371,199.000,722,0,1,1,0
1777306350.483,199.110,721,0,0,0,0
1777306350.577,199.207,723,0,1,1,0
1777306350.691,199.318,722,0,0,0,0
1777306350.785,199.415,721,0,0,0,0
1777306350.897,199.527,722,0,1,0,0
1777306351.008,199.638,722,0,0,0,0
1777306351.105,199.734,722,0,0,0,0
1777306351.216,199.846,722,0,1,1,0
1777306351.313,199.943,723,0,1,0,0
1777306351.424,200.054,722,0,1,1,0
1777306351.519,200.150,723,0,1,0,0
1777306351.632,200.262,723,0,0,0,0
1777306351.744,200.374,724,0,1,0,0
1777306351.840,200.470,724,0,0,0,0
1777306351.952,200.582,723,0,0,0,0
1777306352.048,200.678,724,0,1,1,0
1777306352.159,200.790,724,0,0,0,0
1777306352.255,200.886,724,0,0,0,0
1777306352.367,200.998,723,0,1,0,0
1777306352.481,201.110,723,0,0,0,0
1777306352.575,201.206,723,0,0,0,0
1777306352.687,201.317,724,0,0,0,0
1777306352.784,201.413,723,0,0,0,0
1777306352.896,201.525,723,0,1,0,0
1777306352.992,201.621,722,0,0,0,0
1777306353.112,201.733,722,0,1,0,0
1777306353.215,201.845,722,0,0,0,0
1777306353.310,201.941,722,0,1,0,0
1777306353.422,202.053,722,0,0,0,0
1777306353.518,202.149,722,0,1,0,0
1777306353.630,202.261,722,0,0,0,0
1777306353.727,202.357,723,0,5,0,0
1777306353.838,202.469,722,0,0,0,0
1777306353.951,202.581,723,0,0,0,0
1777306354.046,202.677,720,0,1,1,0
1777306354.158,202.789,720,0,1,0,0
1777306354.257,202.885,719,0,1,1,0
1777306354.365,202.996,720,0,0,0,0
1777306354.463,203.093,720,0,0,0,0
1777306354.574,203.204,720,0,1,0,0
1777306354.686,203.316,719,0,0,0,0
1777306354.781,203.412,721,0,1,0,0
1777306354.894,203.524,721,0,0,0,0
1777306354.989,203.620,721,0,1,0,0
1777306355.101,203.732,722,0,1,0,0
1777306355.197,203.827,722,0,1,1,0
1777306355.309,203.940,722,0,0,0,0
1777306355.420,204.051,722,0,1,1,0
1777306355.522,204.147,722,0,1,0,0
1777306355.631,204.259,722,0,0,0,0
1777306355.730,204.357,723,0,0,0,0
1777306355.840,204.467,724,0,1,1,0
1777306355.933,204.563,724,0,1,0,0
1777306356.044,204.675,723,0,0,0,0
1777306356.157,204.787,723,0,0,0,0
1777306356.253,204.883,724,0,0,0,0
1777306356.364,204.995,722,0,1,0,0
1777306356.461,205.091,722,0,0,0,0
1777306356.572,205.203,722,0,0,0,0
1777306356.669,205.299,721,0,0,0,0
1777306356.781,205.411,722,0,1,0,0
1777306356.899,205.523,721,0,1,1,0
1777306356.988,205.619,722,0,1,0,0
1777306357.101,205.731,721,0,1,1,0
1777306357.196,205.827,721,0,1,0,0
1777306357.309,205.938,721,0,1,0,0
1777306357.405,206.035,720,0,1,1,0
1777306357.517,206.147,719,0,1,0,0
1777306357.628,206.258,718,0,0,0,0
1777306357.724,206.354,718,0,1,0,0
1777306357.835,206.466,717,0,0,0,0
1777306357.932,206.562,717,0,0,0,0
1777306358.044,206.674,718,0,1,1,0
1777306358.144,206.770,718,0,1,0,0
1777306358.253,206.882,717,0,1,1,0
1777306358.363,206.993,718,0,0,0,0
1777306358.460,207.089,717,0,1,1,0
1777306358.580,207.202,717,0,1,0,0
1777306358.669,207.298,716,0,0,0,0
1777306358.779,207.410,715,0,0,0,0
1777306358.876,207.506,715,0,1,1,0
1777306358.987,207.618,714,0,0,0,0
1777306359.099,207.729,715,0,0,0,0
1777306359.196,207.826,715,0,0,0,0
1777306359.306,207.937,717,0,1,1,0
1777306359.403,208.034,715,0,0,0,0
1777306359.515,208.145,715,0,0,0,0
1777306359.612,208.242,715,0,1,1,0
1777306359.723,208.353,716,0,0,0,0
1777306359.835,208.465,715,0,0,0,0
1777306359.930,208.561,715,0,1,0,0
1777306360.042,208.673,715,0,0,0,0
1777306360.138,208.769,714,0,1,0,0
1777306360.250,208.880,715,0,0,0,0
1777306360.347,208.977,716,0,0,0,0
1777306360.459,209.089,716,0,1,1,0
1777306360.570,209.200,716,0,1,0,0
1777306360.666,209.296,716,0,0,0,0
1777306360.778,209.408,716,0,0,0,0
1777306360.882,209.504,717,0,0,0,0
1777306360.993,209.616,717,0,0,0,0
1777306361.083,209.713,719,0,1,1,0
1777306361.199,209.829,717,0,0,0,0
1777306361.309,209.936,717,0,0,0,0
1777306361.403,210.032,716,0,1,0,0
1777306361.513,210.143,716,0,0,0,0
1777306361.610,210.241,717,0,1,0,0
1777306361.721,210.352,717,0,1,1,0
1777306361.819,210.448,716,0,0,0,0
1777306361.930,210.560,717,0,1,0,0
1777306362.041,210.671,717,0,1,1,0
1777306362.137,210.768,716,0,1,0,0
1777306362.249,210.879,718,0,0,0,0
1777306362.345,210.975,717,0,1,0,0
1777306362.457,211.088,717,0,0,0,0
1777306362.554,211.184,717,0,1,0,0
1777306362.666,211.296,718,0,0,0,0
1777306362.777,211.407,718,0,1,0,0
1777306362.873,211.503,717,0,1,1,0
1777306362.986,211.615,717,0,0,0,0
1777306363.080,211.711,716,0,0,0,0
1777306363.193,211.823,716,0,0,0,0
1777306363.292,211.919,716,0,1,1,0
1777306363.401,212.031,717,0,1,0,0
1777306363.512,212.142,716,0,0,0,0
1777306363.616,212.239,717,0,0,0,0
1777306363.728,212.350,716,0,1,1,0
1777306363.817,212.447,716,0,0,0,0
1777306363.928,212.558,717,0,0,0,0
1777306364.024,212.654,717,0,0,0,0
1777306364.137,212.767,716,0,0,0,0
1777306364.248,212.878,717,0,1,0,0
1777306364.344,212.975,717,0,0,0,0
1777306364.456,213.086,717,2,1,1,0
1777306364.553,213.183,717,0,0,0,0
1777306364.664,213.295,717,0,1,1,0
1777306364.760,213.390,716,0,1,0,0
1777306364.873,213.502,716,0,1,1,0
1777306364.983,213.613,716,0,0,0,0
1777306365.079,213.710,716,0,0,0,0
1777306365.191,213.822,716,0,0,0,0
1777306365.288,213.918,715,0,1,1,0
1777306365.400,214.030,715,0,0,0,0
1777306365.497,214.127,715,0,0,0,0
1777306365.607,214.238,716,0,0,0,0
1777306365.718,214.349,716,0,1,1,0
1777306365.815,214.445,715,0,0,0,0
1777306365.926,214.557,716,0,0,0,0
1777306366.023,214.653,716,0,0,0,0
1777306366.136,214.766,716,1,0,0,0
1777306366.232,214.861,716,0,1,0,0
1777306366.343,214.973,717,0,0,0,0
1777306366.455,215.084,717,0,0,0,0
1777306366.555,215.184,716,0,0,0,0
1777306366.664,215.293,716,0,1,1,0
1777306366.758,215.389,717,0,1,0,0
1777306366.870,215.501,717,0,0,0,0
1777306366.967,215.597,716,0,1,0,0
1777306367.079,215.709,717,0,0,0,0
1777306367.190,215.820,717,0,0,0,0
1777306367.285,215.916,717,0,1,1,0
1777306367.399,216.028,717,0,1,0,0
1777306367.495,216.125,718,0,0,0,0
1777306367.606,216.236,718,0,0,0,0
1777306367.719,216.348,718,0,1,1,0
1777306367.814,216.444,718,0,0,0,0
1777306367.925,216.556,719,0,0,0,0
1777306368.022,216.652,719,0,0,0,0
1777306368.133,216.764,720,0,1,1,0
1777306368.230,216.860,719,0,1,0,0
1777306368.341,216.972,720,0,0,0,0
1777306368.438,217.068,719,0,1,0,0
1777306368.549,217.180,720,0,0,0,0
1777306368.661,217.292,720,0,0,0,0
1777306368.757,217.388,720,0,1,1,0
1777306368.869,217.499,721,0,0,0,0
1777306368.968,217.595,721,0,1,0,0
1777306369.080,217.707,721,0,0,0,0
1777306369.175,217.803,720,0,1,0,0
1777306369.290,217.915,720,0,1,1,0
1777306369.398,218.027,723,0,1,0,0
1777306369.492,218.123,721,0,0,0,0
1777306369.605,218.235,721,0,0,0,0
1777306369.701,218.331,721,0,1,1,0
1777306369.813,218.443,722,0,1,0,0
1777306369.924,218.555,721,0,1,1,0
1777306370.020,218.651,721,0,0,0,0
1777306370.132,218.762,721,0,0,0,0
1777306370.229,218.859,720,0,1,0,0
1777306370.340,218.970,721,0,1,1,0
1777306370.436,219.067,721,0,1,0,0
1777306370.548,219.178,721,0,1,1,0
1777306370.644,219.275,723,0,1,0,0
1777306370.755,219.386,721,0,0,0,0
1777306370.868,219.498,720,0,1,0,0
1777306370.970,219.595,721,0,1,1,0
1777306371.077,219.708,721,0,1,0,0
1777306371.171,219.802,720,0,0,0,0
1777306371.283,219.914,720,0,1,1,0
1777306371.381,220.010,721,0,1,0,0
1777306371.490,220.121,720,0,1,1,0
1777306371.610,220.233,721,0,1,0,0
1777306371.701,220.329,720,0,0,0,0
1777306371.812,220.441,720,0,1,0,0
1777306371.907,220.537,721,0,1,1,0
1777306372.023,220.651,721,0,1,0,0
1777306372.135,220.761,721,0,0,0,0
1777306372.227,220.857,720,0,1,0,0
1777306372.339,220.970,720,0,0,0,0
1777306372.436,221.066,719,0,0,0,0
1777306372.548,221.177,720,0,0,0,0
1777306372.644,221.274,720,0,1,0,0
1777306372.755,221.385,721,0,1,1,0
1777306372.851,221.481,723,0,1,0,0
1777306372.963,221.593,721,0,1,1,0
1777306373.075,221.705,721,0,1,0,0
1777306373.170,221.800,721,0,1,1,0
1777306373.282,221.913,721,0,0,0,0
1777306373.378,222.009,722,0,0,0,0
1777306373.490,222.120,722,0,1,1,0
1777306373.587,222.217,722,0,1,0,0
1777306373.698,222.329,722,0,1,1,0
1777306373.809,222.440,722,0,1,0,0
1777306373.905,222.536,722,0,0,0,0
1777306374.017,222.648,722,0,0,0,0
1777306374.116,222.744,723,0,0,0,0
1777306374.227,222.856,722,0,0,0,0
1777306374.337,222.968,724,0,1,1,0
1777306374.439,223.065,723,0,1,0,0
1777306374.550,223.176,722,0,1,1,0
1777306374.642,223.272,724,0,0,0,0
1777306374.759,223.388,723,0,0,0,0
1777306374.849,223.480,723,0,1,0,0
1777306374.961,223.592,723,0,0,0,0
1777306375.059,223.688,724,0,1,0,0
1777306375.169,223.800,723,0,0,0,0
1777306375.282,223.912,723,0,1,0,0
1777306375.378,224.008,722,0,1,1,0
1777306375.489,224.119,722,0,1,0,0
1777306375.587,224.217,723,0,1,1,0
1777306375.697,224.327,723,0,0,0,0
1777306375.793,224.423,721,0,0,0,0
1777306375.904,224.535,722,0,0,0,0
1777306376.017,224.647,722,0,1,0,0
1777306376.112,224.743,722,0,0,0,0
1777306376.225,224.855,721,0,1,0,0
1777306376.320,224.951,721,0,0,0,0
1777306376.433,225.063,722,0,0,0,0
1777306376.545,225.174,722,0,1,1,0
1777306376.640,225.271,721,0,1,0,0
1777306376.751,225.382,721,0,0,0,0
1777306376.852,225.478,722,0,1,0,0
1777306376.964,225.590,721,0,1,1,0
1777306377.062,225.688,721,0,1,0,0
1777306377.174,225.802,721,0,1,1,0
1777306377.282,225.910,721,0,0,0,0
1777306377.382,226.007,723,0,1,1,0
1777306377.493,226.119,720,0,1,0,0
1777306377.585,226.215,720,0,0,0,0
1777306377.695,226.326,720,0,1,0,0
1777306377.792,226.423,720,0,0,0,0
1777306377.905,226.534,720,0,0,0,0
1777306378.002,226.630,720,0,0,0,0
1777306378.113,226.742,719,0,1,1,0
1777306378.224,226.853,719,0,1,0,0
1777306378.320,226.950,719,0,1,1,0
1777306378.432,227.062,719,0,1,0,0
1777306378.528,227.158,719,0,1,1,0
1777306378.640,227.270,719,0,1,0,0
1777306378.752,227.382,719,0,1,1,0
1777306378.848,227.478,718,0,0,0,0
1777306378.959,227.589,720,0,1,1,0
1777306379.057,227.686,718,0,1,0,0
1777306379.167,227.797,718,0,1,1,0
1777306379.262,227.893,717,0,0,0,0
1777306379.374,228.005,717,0,0,0,0
1777306379.486,228.117,718,0,0,0,0
1777306379.581,228.213,716,0,1,1,0
1777306379.694,228.325,717,0,1,0,0
1777306379.800,228.421,714,0,0,0,0
1777306379.911,228.532,705,0,1,0,0
1777306379.999,228.629,704,0,0,0,0
1777306380.111,228.741,702,0,0,0,0
1777306380.227,228.855,700,0,1,1,0
1777306380.318,228.948,685,0,0,0,0
1777306380.430,229.060,685,0,0,0,0
1777306380.527,229.157,682,0,1,1,0
1777306380.638,229.268,685,0,0,0,0
1777306380.734,229.364,697,0,0,0,0
1777306380.846,229.476,697,0,1,0,0
1777306380.942,229.573,695,0,0,0,0
1777306381.054,229.684,705,0,1,0,0
1777306381.166,229.796,705,0,1,1,0
1777306381.262,229.893,705,0,0,0,0
1777306381.373,230.004,707,0,1,1,0
1777306381.470,230.100,708,0,1,0,0
1777306381.581,230.212,713,0,0,0,0
1777306381.693,230.323,718,0,0,0,0
1777306381.788,230.419,721,0,0,0,0
1777306381.900,230.531,722,0,0,0,0
1777306381.997,230.628,726,0,0,0,0
1777306382.108,230.739,727,0,0,0,0
1777306382.207,230.835,729,0,1,1,0
1777306382.320,230.947,730,0,0,0,0
1777306382.428,231.059,731,0,0,0,0
1777306382.537,231.155,730,0,1,0,0
1777306382.637,231.267,730,0,1,1,0
1777306382.733,231.363,729,0,5,0,0
1777306382.846,231.474,727,0,2,2,0
1777306382.940,231.571,726,0,1,0,0
1777306383.053,231.683,727,0,1,0,0
1777306383.164,231.794,726,0,1,1,0
1777306383.260,231.890,726,0,0,0,0
1777306383.372,232.003,726,0,0,0,0
1777306383.469,232.099,728,0,1,0,0
1777306383.581,232.211,732,0,0,0,0
1777306383.677,232.307,733,0,1,0,0
1777306383.788,232.418,735,0,0,0,0
1777306383.900,232.530,736,0,0,0,0
1777306383.997,232.627,736,0,1,1,0
1777306384.107,232.738,737,0,1,0,0
1777306384.203,232.834,737,0,1,1,0
1777306384.315,232.946,736,0,1,0,0
1777306384.418,233.042,736,0,1,1,0
1777306384.530,233.154,736,0,0,0,0
1777306384.640,233.265,737,0,0,0,0
1777306384.739,233.361,735,0,0,0,0
1777306384.851,233.473,735,0,1,1,0
1777306384.939,233.570,734,0,0,0,0
1777306385.055,233.682,735,0,0,0,0
1777306385.146,233.777,736,0,0,0,0
1777306385.260,233.890,736,0,0,0,0
1777306385.370,234.001,736,0,0,0,0
1777306385.468,234.098,735,0,1,0,0
1777306385.580,234.210,732,0,1,1,0
1777306385.675,234.305,728,0,0,0,0
1777306385.787,234.417,721,0,1,1,0
1777306385.883,234.513,715,0,1,0,0
1777306385.996,234.626,711,0,0,0,0
1777306386.106,234.736,708,0,0,0,0
1777306386.203,234.834,709,0,0,0,0
1777306386.314,234.945,709,0,0,0,0
1777306386.410,235.040,710,0,1,1,0
1777306386.522,235.153,712,0,1,0,0
1777306386.618,235.249,714,0,0,0,0
1777306386.730,235.361,717,0,1,0,0
1777306386.841,235.472,719,0,0,0,0
1777306386.938,235.569,719,0,0,0,0
1777306387.050,235.680,717,0,1,1,0
1777306387.146,235.776,710,0,1,0,0
1777306387.267,235.888,711,0,1,1,0
1777306387.360,235.984,708,0,0,0,0
1777306387.466,236.096,709,0,0,0,0
1777306387.562,236.192,696,0,0,0,0
1777306387.673,236.304,670,0,1,1,0
1777306387.786,236.416,659,0,48,0,0
1777306387.881,236.512,653,0,0,0,0
1777306387.994,236.624,646,0,0,0,0
1777306388.088,236.719,663,0,0,0,0
1777306388.201,236.831,674,0,1,1,0
1777306388.312,236.943,707,0,1,0,0
1777306388.408,237.039,715,0,1,1,0
1777306388.521,237.151,717,0,0,0,0
1777306388.617,237.248,714,0,0,0,0
1777306388.729,237.359,711,0,1,0,0
1777306388.824,237.455,691,0,1,1,0
1777306388.936,237.567,703,0,1,0,0
1777306389.048,237.679,711,0,0,0,0
1777306389.144,237.775,714,0,0,0,0
1777306389.256,237.887,712,0,2,2,0
1777306389.353,237.983,695,0,1,0,0
1777306389.464,238.095,702,0,0,0,0
1777306389.561,238.191,708,0,0,0,0
1777306389.671,238.302,704,0,1,1,0
1777306389.785,238.415,714,0,0,0,0
1777306389.881,238.511,721,0,0,0,0
1777306389.992,238.622,722,0,1,0,0
1777306390.087,238.718,723,0,0,0,0
1777306390.200,238.830,724,0,1,0,0
1777306390.301,238.932,724,0,1,0,0
1777306390.407,239.038,723,0,0,0,0
1777306390.520,239.150,713,0,1,0,0
1777306390.616,239.246,709,0,0,0,0
1777306390.727,239.357,716,0,1,0,0
1777306390.824,239.454,721,0,0,0,0
1777306390.935,239.566,722,0,1,0,0
1777306391.032,239.662,722,0,0,0,0
1777306391.144,239.774,723,0,2,0,0
1777306391.255,239.885,723,0,1,1,0
1777306391.352,239.982,721,0,1,0,0
1777306391.463,240.093,718,0,1,1,0
1777306391.559,240.189,707,0,0,0,0
1777306391.670,240.301,701,0,1,1,0
1777306391.767,240.397,711,0,1,0,0
1777306391.880,240.510,714,0,0,0,0
1777306391.990,240.621,714,0,0,0,0
1777306392.087,240.717,713,0,0,0,0
1777306392.199,240.829,711,0,1,0,0
1777306392.294,240.925,708,0,0,0,0
1777306392.406,241.037,696,0,0,0,0
1777306392.501,241.132,689,0,0,0,0
1777306392.619,241.245,695,0,0,0,0
1777306392.725,241.356,694,0,0,0,0
1777306392.823,241.452,687,0,0,0,0
1777306392.935,241.564,700,0,0,0,0
1777306393.030,241.660,704,0,0,0,0
1777306393.142,241.773,704,0,1,0,0
1777306393.238,241.869,702,0,0,0,0
1777306393.351,241.980,694,0,0,0,0
1777306393.446,242.076,695,0,0,0,0
1777306393.639,242.188,708,0,0,0,0
1777306393.833,242.300,709,0,0,0,0
1777306489.672,2.591,0,0,0,0,0
1777306489.687,2.607,0,0,0,0,0
1777306491.654,4.574,699,0,2,2,0
1777306491.766,4.686,696,0,3,2,0
1777306491.861,4.782,692,0,5,5,0
1777306491.974,4.894,688,0,2,0,0
1777306492.086,5.006,684,0,2,2,0
1777306492.182,5.102,679,0,2,0,0
1777306492.293,5.213,665,0,2,2,0
1777306492.389,5.309,655,0,2,0,0
1777306492.501,5.421,651,0,2,2,0
1777306492.598,5.518,650,0,2,0,0
1777306492.710,5.630,648,0,1,1,0
1777306492.822,5.741,645,0,2,0,0
1777306492.917,5.837,643,0,3,0,0
1777306493.030,5.949,639,0,2,2,0
1777306493.126,6.045,636,0,1,0,0
1777306493.238,6.157,634,0,4,4,0
1777306493.333,6.253,628,0,3,0,0
1777306493.446,6.365,625,0,2,2,0
1777306493.541,6.461,630,0,2,0,0
1777306493.653,6.573,630,0,3,3,0
1777306493.765,6.685,629,0,2,0,0
1777306493.861,6.781,631,0,2,2,0
1777306493.973,6.893,645,0,2,0,0
1777306494.070,6.989,673,0,2,2,0
1777306494.182,7.100,675,0,4,0,0
1777306494.293,7.212,679,0,2,2,0
1777306494.389,7.309,679,0,3,0,0
1777306494.500,7.420,680,0,2,2,0
1777306494.597,7.517,708,0,3,0,0
1777306494.709,7.628,716,0,3,3,0
1777306494.804,7.724,718,0,2,0,0
1777306494.917,7.837,718,0,2,2,0
1777306495.028,7.948,720,0,2,0,0
1777306495.124,8.044,720,0,2,2,0
1777306495.237,8.156,721,0,2,0,0
1777306495.332,8.252,721,0,2,2,0
1777306495.444,8.364,723,0,3,0,0
1777306495.540,8.460,721,0,2,0,0
1777306495.651,8.572,722,0,2,2,0
1777306495.764,8.683,723,0,2,0,0
1777306495.860,8.780,722,0,2,2,0
1777306495.971,8.891,724,0,2,0,0
1777306496.067,8.987,724,0,3,3,0
1777306496.180,9.099,724,0,1,0,0
1777306496.291,9.211,722,0,2,2,0
1777306496.387,9.307,720,0,2,0,0
1777306496.499,9.419,704,0,3,3,0
1777306496.599,9.515,697,0,1,0,0
1777306496.707,9.627,679,0,2,2,0
1777306496.805,9.723,688,0,3,0,0
1777306496.919,9.836,685,0,1,1,0
1777306497.010,9.931,694,0,2,0,0
1777306497.122,10.042,696,0,2,2,0
1777306497.234,10.154,698,0,2,0,0
1777306497.330,10.250,700,0,2,2,0
1777306497.442,10.362,705,0,2,0,0
1777306497.538,10.458,711,0,3,3,0
1777306497.650,10.570,717,0,2,0,0
1777306497.762,10.682,714,0,1,1,0
1777306497.858,10.778,710,0,2,0,0
1777306497.971,10.890,710,0,2,2,0
1777306498.067,10.986,701,0,3,0,0
1777306498.178,11.098,696,0,2,0,0
1777306498.274,11.194,696,0,2,2,0
1777306498.387,11.306,695,0,3,0,0
1777306498.483,11.402,697,0,2,2,0
1777306498.595,11.514,702,0,3,0,0
1777306498.706,11.626,708,0,3,3,0
1777306498.802,11.722,703,0,3,0,0
1777306498.914,11.834,700,0,2,2,0
1777306499.010,11.930,700,0,2,0,0
1777306499.122,12.042,698,0,2,2,0
1777306499.218,12.137,690,0,3,0,0
1777306499.329,12.249,674,0,2,2,0
1777306499.441,12.361,678,0,2,0,0
1777306499.540,12.458,676,0,3,3,0
1777306499.656,12.576,675,0,2,0,0
1777306499.745,12.665,693,0,2,2,0
1777306499.857,12.777,698,0,3,0,0
1777306499.970,12.889,701,0,2,2,0
1777306500.066,12.986,703,0,1,0,0
1777306500.178,13.097,703,0,1,1,0
1777306500.273,13.193,699,0,3,0,0
1777306500.385,13.305,698,0,2,2,0
1777306500.483,13.401,700,0,4,0,0
1777306500.594,13.513,700,0,3,3,0
1777306500.707,13.624,703,0,2,0,0
1777306500.800,13.720,704,0,2,2,0
1777306500.913,13.832,704,0,2,0,0
1777306501.009,13.929,702,0,2,0,0
1777306501.121,14.040,693,0,2,2,0
1777306501.218,14.137,703,0,1,0,0
1777306501.329,14.248,706,0,4,4,0
1777306501.423,14.344,656,0,2,0,0
1777306501.536,14.456,528,0,1,1,0
1777306501.648,14.568,413,0,2,0,0
1777306501.744,14.664,327,0,2,2,0
1777306501.857,14.776,293,0,15,0,0
1777306501.952,14.872,347,0,60,60,0
1777306502.081,14.984,340,0,40,0,0
1777306502.176,15.096,235,0,55,55,0
1777306502.273,15.192,129,0,3,0,0
1777306502.383,15.303,99,0,5,5,0
1777306502.481,15.400,88,0,5,0,0
1777306502.591,15.512,79,0,7,7,0
1777306502.688,15.608,76,0,4,0,0
1777306502.800,15.720,130,0,7,7,0
1777306502.896,15.816,449,0,3,0,0
1777306503.010,15.928,690,0,3,3,0
1777306503.120,16.039,708,0,4,0,0
1777306503.216,16.136,711,0,3,3,0
1777306503.328,16.247,711,0,2,0,0
1777306503.423,16.343,709,0,3,3,0
1777306503.536,16.455,709,0,2,0,0
1777306503.633,16.552,707,0,3,0,0
1777306503.743,16.663,704,0,3,3,0
1777306503.855,16.774,702,0,2,0,0
1777306503.951,16.871,696,0,5,5,0
1777306504.063,16.983,690,0,3,0,0
1777306504.158,17.078,686,0,3,3,0
1777306504.272,17.191,684,0,3,0,0
1777306504.368,17.287,685,0,3,3,0
1777306504.479,17.399,686,0,3,0,0
1777306504.591,17.511,687,0,3,3,0
1777306504.686,17.606,688,1,3,0,0
1777306504.800,17.718,688,0,3,3,0
1777306504.895,17.814,688,0,2,0,0
1777306505.009,17.926,686,0,4,4,0
1777306505.102,18.022,684,0,2,0,0
1777306505.214,18.134,685,0,2,2,0
1777306505.326,18.246,684,0,2,0,0
1777306505.423,18.342,684,0,3,3,0
1777306505.534,18.454,682,0,3,0,0
1777306505.630,18.550,683,0,1,1,0
1777306505.742,18.662,685,0,15,0,0
1777306505.840,18.759,687,0,5,5,0
1777306505.950,18.870,689,0,2,0,0
1777306506.062,18.981,689,0,2,2,0
1777306506.158,19.078,686,0,3,0,0
1777306506.270,19.189,682,0,3,3,0
1777306506.366,19.285,680,0,1,0,0
1777306506.478,19.398,678,0,2,2,0
1777306506.573,19.493,676,0,3,0,0
1777306506.685,19.605,673,0,0,0,0
1777306506.797,19.717,670,0,1,1,0
1777306506.893,19.813,667,0,2,0,0
1777306507.006,19.925,651,0,2,2,0
1777306507.101,20.021,639,0,2,0,0
1777306507.212,20.133,629,0,2,2,0
1777306507.308,20.228,621,0,2,0,0
1777306507.420,20.340,622,0,2,2,0
1777306507.533,20.453,623,0,2,0,0
1777306507.630,20.549,623,0,2,2,0
1777306507.742,20.661,623,0,2,0,0
1777306507.837,20.757,627,0,2,2,0
1777306507.948,20.868,631,0,2,0,0
1777306508.045,20.965,634,0,2,2,0
1777306508.157,21.076,634,0,3,0,0
1777306508.268,21.188,630,0,3,3,0
1777306508.365,21.284,635,0,2,0,0
1777306508.477,21.396,641,0,0,0,0
1777306508.572,21.492,648,0,2,0,0
1777306508.685,21.604,643,0,2,2,0
1777306508.781,21.700,648,0,2,0,0
1777306508.893,21.812,653,0,7,7,0
1777306509.005,21.924,654,0,3,0,0
1777306509.100,22.020,656,0,2,2,0
1777306509.213,22.132,659,0,3,0,0
1777306509.309,22.228,662,0,1,1,0
1777306509.419,22.339,663,0,2,0,0
1777306509.517,22.436,666,0,3,3,0
1777306509.628,22.547,665,0,3,0,0
1777306509.740,22.659,660,0,3,3,0
1777306509.836,22.755,659,0,6,0,0
1777306509.947,22.867,660,0,3,0,0
1777306510.043,22.963,677,0,1,1,0
1777306510.154,23.075,687,0,2,0,0
1777306510.252,23.171,693,0,2,2,0
1777306510.364,23.283,695,0,2,0,0
1777306510.475,23.395,700,0,3,3,0
1777306510.571,23.491,703,0,3,0,0
1777306510.683,23.602,706,0,2,2,0
1777306510.780,23.699,708,0,2,0,0
1777306510.892,23.811,709,0,3,3,0
1777306511.003,23.923,707,0,2,0,0
1777306511.100,24.019,676,0,2,2,0
1777306511.211,24.130,677,0,2,0,0
1777306511.308,24.227,688,177,3,3,0
1777306511.818,24.738,682,520,4,0,0
1777306511.914,24.834,691,0,3,3,0
1777306512.026,24.946,697,0,1,0,0
1777306512.138,25.058,697,2,3,3,0
1777306512.238,25.153,698,0,2,0,0
1777306512.349,25.265,698,0,3,3,0
1777306512.443,25.362,698,0,3,0,0
1777306512.554,25.474,694,0,2,2,0
1777306512.650,25.570,693,0,2,0,0
1777306512.761,25.681,693,66,2,2,0
1777306512.874,25.793,693,218,3,0,0
1777306513.370,26.289,692,288,3,3,0
1777306513.483,26.401,694,160,2,0,0
1777306513.578,26.497,695,182,3,3,0
1777306513.689,26.609,690,174,2,0,0
1777306513.786,26.705,684,177,3,0,0
1777306513.897,26.817,676,155,3,3,0
1777306514.009,26.929,677,181,3,0,0
1777306514.104,27.024,681,230,3,3,0
1777306514.217,27.137,685,222,2,0,0
1777306514.317,27.233,690,212,3,3,0
1777306514.824,27.744,697,346,3,0,0
1777306515.336,28.256,712,948,2,2,0
1777306515.836,28.752,712,992,2,0,0
1777306516.344,29.263,713,759,2,2,0
1777306516.440,29.359,716,0,3,0,0
1777306516.552,29.471,718,0,2,2,0
1777306516.649,29.568,717,0,2,0,0
1777306516.758,29.679,717,0,3,3,0
1777306516.871,29.791,717,0,3,0,0
1777306516.966,29.887,717,0,3,3,0
1777306517.079,29.999,716,0,3,0,0
1777306517.175,30.095,718,0,3,3,0
1777306517.287,30.207,718,0,2,0,0
1777306517.398,30.318,720,0,2,2,0
1777306517.494,30.414,718,0,2,0,0
1777306517.606,30.526,717,0,3,3,0
1777306517.704,30.622,718,0,3,0,0
1777306517.814,30.734,717,0,3,3,0
1777306517.911,30.830,714,0,2,0,0
1777306518.026,30.942,712,0,3,3,0
1777306518.139,31.054,707,0,3,0,0
1777306518.230,31.150,702,0,3,3,0
1777306518.343,31.262,696,0,2,0,0
1777306518.438,31.358,690,0,2,2,0
1777306518.550,31.469,682,0,2,0,0
1777306518.646,31.566,677,0,2,2,0
1777306518.758,31.678,673,0,3,0,0
1777306518.855,31.774,672,0,3,0,0
1777306518.966,31.886,674,0,4,4,0
1777306519.078,31.997,680,0,3,0,0
1777306519.174,32.094,696,0,2,2,0
1777306519.286,32.205,703,0,4,0,0
1777306519.382,32.302,689,0,3,3,0
1777306519.494,32.413,688,0,5,0,0
1777306519.589,32.509,688,0,2,2,0
1777306519.702,32.621,682,0,1,0,0
1777306519.813,32.733,679,0,2,2,0
1777306519.909,32.829,690,0,3,0,0
1777306520.021,32.941,680,0,4,4,0
1777306520.117,33.037,686,0,4,0,0
1777306520.229,33.149,694,0,2,2,0
1777306520.326,33.245,696,0,2,0,0
1777306520.438,33.357,691,0,3,3,0
1777306520.548,33.468,690,0,2,0,0
1777306520.646,33.564,688,0,1,1,0
1777306520.761,33.676,692,0,3,0,0
1777306520.853,33.773,695,0,2,2,0
1777306520.965,33.885,697,0,3,0,0
1777306521.061,33.981,698,0,3,3,0
1777306521.173,34.093,700,0,2,0,0
1777306521.285,34.204,702,0,0,0,0
1777306521.380,34.300,705,0,2,0,0
1777306521.492,34.412,708,0,4,4,0
1777306521.589,34.508,716,0,3,0,0
1777306521.700,34.620,721,0,2,0,0
1777306521.813,34.732,723,0,3,3,0
1777306521.909,34.828,727,0,3,0,0
1777306522.020,34.940,729,0,4,4,0
1777306522.117,35.036,731,0,1,0,0
1777306522.229,35.148,732,0,1,1,0
1777306522.324,35.244,733,0,4,0,0
1777306522.435,35.355,736,0,4,4,0
1777306522.548,35.467,736,0,2,0,0
1777306522.644,35.563,737,0,3,3,0
1777306522.755,35.675,739,0,1,0,0
1777306522.851,35.771,736,0,1,1,0
1777306522.963,35.883,736,0,1,0,0
1777306523.065,35.979,736,0,3,3,0
1777306523.177,36.091,736,0,3,0,0
1777306523.286,36.203,735,0,3,3,0
1777306523.382,36.299,735,0,2,0,0
1777306523.494,36.412,735,0,2,2,0
1777306523.587,36.507,736,0,2,0,0
1777306523.698,36.619,735,0,3,3,0
1777306523.796,36.715,736,0,3,0,0
1777306523.907,36.827,735,0,4,0,0
1777306524.019,36.939,733,1,2,2,0
1777306524.115,37.034,732,0,1,0,0
1777306524.226,37.146,732,0,1,1,0
1777306524.323,37.243,729,0,5,0,0
1777306524.435,37.354,727,0,3,3,0
1777306524.531,37.451,724,0,2,0,0
1777306524.643,37.562,721,0,1,1,0
1777306524.754,37.674,720,0,2,0,0
1777306524.851,37.770,718,0,0,0,0
1777306524.963,37.882,718,0,3,0,0
1777306525.058,37.978,716,0,2,2,0
1777306525.170,38.090,716,0,3,0,0
1777306525.267,38.186,716,0,4,4,0
1777306525.378,38.298,716,0,2,0,0
1777306525.490,38.409,713,0,4,4,0
1777306525.585,38.505,713,0,3,0,0
1777306525.698,38.618,712,0,2,2,0
1777306525.793,38.713,710,0,2,0,0
1777306525.906,38.825,710,0,2,2,0
1777306526.005,38.924,711,0,2,0,0
1777306526.116,39.034,710,0,3,0,0
1777306526.228,39.146,711,0,2,2,0
1777306526.321,39.241,712,0,4,0,0
1777306526.433,39.353,712,0,1,1,0
1777306526.529,39.449,712,0,2,0,0
1777306526.640,39.561,711,0,4,4,0
1777306526.738,39.657,711,0,4,0,0
1777306526.850,39.769,710,0,3,3,0
1777306526.960,39.880,710,0,2,0,0
1777306527.058,39.977,713,0,3,3,0
1777306527.169,40.088,714,0,3,0,0
1777306527.267,40.185,715,0,2,2,0
1777306527.377,40.296,716,0,2,0,0
1777306527.472,40.392,717,0,2,2,0
1777306527.585,40.504,720,0,2,0,0
1777306527.696,40.616,722,0,3,3,0
1777306527.792,40.712,721,0,2,0,0
1777306527.904,40.824,723,0,3,3,0
1777306528.001,40.920,723,0,2,0,0
1777306528.113,41.032,724,1,3,3,0
1777306528.208,41.128,725,0,2,0,0
1777306528.320,41.240,727,0,1,0,0
1777306528.432,41.352,726,0,3,3,0
1777306528.529,41.448,727,0,2,0,0
1777306528.640,41.559,727,0,1,1,0
1777306528.738,41.656,729,0,3,0,0
1777306528.849,41.768,730,0,2,2,0
1777306528.945,41.865,731,0,2,0,0
1777306529.056,41.976,731,0,3,3,0
1777306529.167,42.087,732,0,2,0,0
1777306529.264,42.183,732,0,2,2,0
1777306529.376,42.296,732,0,2,0,0
1777306529.474,42.392,735,0,3,3,0
1777306529.584,42.503,733,0,3,0,0
1777306529.681,42.599,734,0,2,2,0
1777306529.791,42.711,731,0,3,0,0
1777306529.903,42.823,732,0,2,2,0
1777306530.001,42.919,731,0,2,0,0
1777306530.112,43.031,731,0,4,4,0
1777306530.207,43.127,729,0,2,0,0
1777306530.320,43.239,729,0,2,2,0
1777306530.417,43.335,728,0,1,0,0
1777306530.529,43.447,727,0,2,2,0
1777306530.639,43.558,727,0,2,0,0
1777306530.735,43.654,726,0,3,0,0
1777306530.848,43.767,727,0,3,3,0
1777306530.942,43.862,727,0,2,0,0
1777306531.054,43.974,726,0,3,3,0
1777306531.151,44.070,727,1,4,0,0
1777306531.269,44.182,724,0,3,3,0
1777306531.374,44.294,722,0,4,0,0
1777306531.471,44.390,723,0,5,5,0
1777306531.585,44.502,720,0,1,0,0
1777306531.681,44.599,719,0,3,3,0
1777306531.790,44.710,719,0,3,0,0
1777306531.901,44.821,718,0,3,3,0
1777306531.999,44.918,718,0,2,0,0
1777306532.110,45.030,717,0,2,2,0
1777306532.206,45.126,718,0,3,0,0
1777306532.318,45.237,718,0,2,2,0
1777306532.414,45.334,717,0,2,0,0
1777306532.525,45.445,717,0,2,2,0
1777306532.623,45.542,718,0,3,0,0
1777306532.734,45.653,718,0,3,0,0
1777306532.847,45.765,719,0,3,3,0
1777306532.942,45.861,720,0,2,0,0
1777306533.053,45.973,720,0,2,2,0
1777306533.149,46.069,722,0,3,0,0
1777306533.262,46.181,722,0,3,3,0
1777306533.358,46.277,723,0,2,0,0
1777306533.469,46.389,721,0,3,3,0
1777306533.581,46.501,721,0,2,0,0
1777306533.676,46.596,721,0,3,3,0
1777306533.788,46.709,722,0,3,0,0
1777306533.887,46.805,722,0,2,2,0
1777306533.998,46.916,722,0,3,0,0
1777306534.108,47.028,724,0,3,3,0
1777306534.205,47.124,725,0,2,0,0
1777306534.317,47.236,726,0,3,3,0
1777306534.413,47.332,727,0,3,0,0
1777306534.524,47.444,728,0,3,3,0
1777306534.621,47.540,729,0,3,0,0
1777306534.733,47.652,728,0,1,1,0
1777306534.828,47.748,728,0,3,0,0
1777306534.940,47.860,729,0,3,3,0
1777306535.053,47.972,728,0,2,0,0
1777306535.150,48.069,729,0,2,0,0
1777306535.262,48.180,728,0,2,2,0
1777306535.356,48.276,728,0,2,0,0
1777306535.468,48.388,728,0,2,2,0
1777306535.565,48.484,728,0,2,0,0
1777306535.676,48.596,727,0,3,3,0
1777306535.788,48.707,727,0,3,0,0
1777306535.884,48.803,729,0,3,3,0
1777306535.994,48.915,729,0,2,0,0
1777306536.091,49.011,728,0,2,2,0
1777306536.204,49.123,729,0,2,0,0
1777306536.315,49.235,728,0,3,3,0
1777306536.414,49.331,728,0,2,0,0
1777306536.522,49.443,729,0,2,2,0
1777306536.621,49.539,728,0,3,0,0
1777306536.733,49.651,729,0,3,3,0
1777306536.827,49.747,727,0,2,0,0
1777306536.940,49.859,727,0,3,3,0
1777306537.036,49.955,726,0,4,0,0
1777306537.147,50.067,725,0,3,3,0
1777306537.259,50.179,723,0,2,0,0
1777306537.354,50.274,723,0,2,0,0
1777306537.467,50.387,722,0,3,3,0
1777306537.564,50.483,722,0,3,0,0
1777306537.675,50.595,721,0,3,3,0
1777306537.771,50.690,723,0,2,0,0
1777306537.883,50.802,722,0,1,1,0
1777306537.993,50.914,723,0,3,0,0
1777306538.089,51.010,722,0,2,2,0
1777306538.201,51.122,723,0,2,0,0
1777306538.299,51.218,722,0,2,2,0
1777306538.411,51.330,723,0,3,0,0
1777306538.522,51.441,722,0,3,3,0
1777306538.619,51.538,721,1,3,0,0
1777306538.729,51.649,721,0,3,3,0
1777306538.826,51.746,721,0,2,0,0
1777306538.938,51.858,722,0,3,3,0
1777306539.036,51.953,722,0,3,0,0
1777306539.146,52.065,720,0,3,3,0
1777306539.246,52.162,720,0,3,0,0
1777306539.356,52.273,722,0,3,0,0
1777306539.469,52.386,722,0,2,2,0
1777306539.562,52.481,723,0,2,0,0
1777306539.674,52.593,725,0,3,3,0
1777306539.769,52.689,724,0,4,0,0
1777306539.882,52.802,724,0,2,2,0
1777306539.978,52.897,725,0,3,0,0
1777306540.089,53.009,726,0,2,2,0
1777306540.201,53.121,726,0,2,0,0
1777306540.298,53.217,725,0,2,2,0
1777306540.409,53.329,727,0,2,0,0
1777306540.506,53.425,726,0,2,2,0
1777306540.617,53.537,725,0,3,0,0
1777306540.729,53.648,725,0,2,2,0
1777306540.826,53.745,726,0,3,0,0
1777306540.937,53.856,723,0,2,2,0
1777306541.034,53.953,725,0,4,0,0
1777306541.145,54.064,724,0,3,3,0
1777306541.240,54.160,725,0,3,0,0
1777306541.353,54.272,726,0,2,2,0
1777306541.464,54.384,727,0,3,0,0
1777306541.560,54.480,727,0,2,2,0
1777306541.672,54.592,728,0,3,0,0
1777306541.770,54.688,727,0,2,0,0
1777306541.880,54.800,728,0,3,3,0
1777306541.982,54.896,728,0,3,0,0
1777306542.087,55.007,728,0,2,2,0
1777306542.184,55.103,727,0,2,0,0
1777306542.296,55.216,727,0,3,3,0
1777306542.408,55.327,727,0,2,0,0
1777306542.504,55.424,726,0,2,2,0
1777306542.615,55.535,726,0,2,0,0
1777306542.711,55.631,726,0,2,2,0
1777306542.824,55.744,725,0,2,0,0
1777306542.935,55.855,726,0,3,3,0
1777306543.033,55.952,726,0,2,0,0
1777306543.144,56.063,727,0,2,2,0
1777306543.240,56.159,727,0,2,0,0
1777306543.351,56.271,728,0,2,2,0
1777306543.448,56.367,727,0,3,0,0
1777306543.560,56.479,728,0,2,2,0
1777306543.671,56.590,728,0,3,0,0
1777306543.767,56.686,727,0,3,3,0
1777306543.879,56.799,727,0,2,0,0
1777306543.975,56.894,727,0,2,0,0
1777306544.086,57.006,725,0,3,3,0
1777306544.183,57.103,726,0,3,0,0
1777306544.295,57.214,725,0,3,3,0
1777306544.391,57.310,725,0,3,0,0
1777306544.505,57.422,726,0,3,3,0
1777306544.613,57.534,723,0,2,0,0
1777306544.711,57.630,725,0,3,3,0
1777306544.822,57.742,725,0,2,0,0
1777306544.918,57.838,725,0,3,3,0
1777306545.030,57.950,725,0,2,0,0
1777306545.142,58.061,725,0,2,2,0
1777306545.238,58.158,725,0,2,0,0
1777306545.350,58.270,726,0,3,3,0
1777306545.446,58.366,726,0,4,0,0
1777306545.558,58.478,726,0,2,2,0
1777306545.654,58.574,726,0,2,0,0
1777306545.765,58.685,725,0,2,2,0
1777306545.877,58.797,724,0,2,0,0
1777306545.974,58.893,725,0,3,3,0
1777306546.086,59.006,724,0,3,0,0
1777306546.182,59.101,724,0,3,0,0
1777306546.293,59.213,724,0,3,3,0
1777306546.390,59.309,724,0,2,0,0
1777306546.501,59.421,724,0,2,2,0
1777306546.598,59.517,725,0,3,0,0
1777306546.710,59.629,724,0,3,3,0
1777306546.821,59.741,727,0,3,0,0
1777306546.916,59.836,726,0,1,1,0
1777306547.029,59.949,725,0,3,0,0
1777306547.125,60.044,726,0,4,4,0
1777306547.238,60.156,727,0,2,0,0
1777306547.349,60.268,727,0,4,4,0
1777306547.444,60.364,727,0,3,0,0
1777306547.556,60.476,726,0,2,2,0
1777306547.653,60.572,726,0,3,0,0
1777306547.768,60.684,725,0,2,2,0
1777306547.861,60.780,726,0,3,0,0
1777306547.973,60.892,724,0,3,3,0
1777306548.084,61.004,725,0,3,0,0
1777306548.181,61.100,724,0,3,3,0
1777306548.291,61.211,724,0,3,0,0
1777306548.387,61.308,724,0,2,0,0
1777306548.500,61.420,725,0,3,3,0
1777306548.597,61.516,725,0,3,0,0
1777306548.708,61.628,726,0,3,3,0
1777306548.820,61.739,726,0,2,0,0
1777306548.916,61.836,726,0,2,2,0
1777306549.028,61.947,726,0,3,0,0
1777306549.123,62.043,726,0,2,2,0
1777306549.236,62.155,725,0,2,0,0
1777306549.332,62.251,726,0,2,2,0
1777306549.443,62.363,724,0,4,0,0
1777306549.555,62.475,725,0,3,3,0
1777306549.651,62.571,723,0,3,0,0
1777306549.763,62.683,724,0,3,3,0
1777306549.862,62.779,723,0,2,0,0
1777306549.971,62.891,724,0,2,2,0
1777306550.070,62.988,723,0,3,0,0
1777306550.183,63.101,724,0,3,3,0
1777306550.294,63.212,725,0,4,0,0
1777306550.387,63.307,725,0,2,2,0
1777306550.499,63.418,726,0,2,0,0
1777306550.595,63.515,726,0,3,0,0
1777306550.706,63.626,724,0,2,2,0
1777306550.803,63.722,725,0,4,0,0
1777306550.915,63.834,725,0,3,3,0
1777306551.027,63.946,725,0,2,0,0
1777306551.123,64.042,725,0,3,3,0
1777306551.235,64.154,724,0,3,0,0
1777306551.331,64.250,725,0,4,4,0
1777306551.442,64.362,723,0,2,0,0
1777306551.538,64.458,724,0,3,3,0
1777306551.650,64.570,722,0,3,0,0
1777306551.762,64.682,723,0,2,2,0
1777306551.858,64.778,722,0,3,0,0
1777306551.970,64.889,723,0,2,2,0
1777306552.067,64.986,724,0,3,0,0
1777306552.178,65.097,724,0,2,2,0
1777306552.274,65.194,724,0,3,0,0
1777306552.385,65.305,725,0,3,3,0
1777306552.497,65.417,724,0,3,0,0
1777306552.598,65.513,725,0,3,3,0
1777306552.705,65.625,724,0,1,0,0
1777306552.804,65.721,725,0,3,0,0
1777306552.919,65.837,724,0,3,3,0
1777306553.010,65.929,724,0,2,0,0
1777306553.122,66.041,723,0,3,3,0
1777306553.233,66.152,723,0,1,0,0
1777306553.329,66.249,722,0,3,3,0
1777306553.442,66.361,722,0,2,0,0
1777306553.537,66.457,722,0,4,4,0
1777306553.649,66.568,723,0,3,0,0
1777306553.745,66.665,722,0,2,2,0
1777306553.857,66.777,722,0,2,0,0
1777306553.969,66.888,721,0,2,2,0
1777306554.065,66.985,722,0,3,0,0
1777306554.177,67.096,722,0,1,1,0
1777306554.272,67.192,722,0,2,0,0
1777306554.384,67.304,721,0,2,2,0
1777306554.480,67.400,721,0,3,0,0
1777306554.593,67.512,721,0,2,2,0
1777306554.706,67.624,721,0,2,0,0
1777306554.800,67.720,718,0,4,4,0
1777306554.912,67.832,719,0,3,0,0
1777306555.008,67.927,720,0,3,0,0
1777306555.120,68.039,718,0,2,2,0
1777306555.218,68.135,718,0,3,0,0
1777306555.327,68.247,718,0,3,3,0
1777306555.441,68.359,719,0,2,0,0
1777306555.539,68.457,719,0,3,3,0
1777306555.649,68.567,719,0,2,0,0
1777306555.745,68.663,721,0,0,0,0
1777306555.856,68.775,721,0,2,0,0
1777306555.952,68.871,720,0,5,5,0
1777306556.065,68.983,721,0,3,0,0
1777306556.176,69.095,722,0,2,2,0
1777306556.272,69.192,721,0,2,0,0
1777306556.382,69.302,721,0,2,2,0
1777306556.481,69.399,722,0,3,0,0
1777306556.591,69.511,722,0,6,6,0
1777306556.688,69.607,723,0,3,0,0
1777306556.800,69.719,724,0,3,3,0
1777306556.911,69.830,724,0,5,0,0
1777306557.007,69.927,725,0,2,2,0
1777306557.119,70.038,725,0,3,0,0
1777306557.215,70.135,725,0,3,0,0
1777306557.327,70.246,727,0,3,3,0
1777306557.423,70.342,729,0,3,0,0
1777306557.534,70.454,730,0,3,3,0
1777306557.647,70.566,729,0,2,0,0
1777306557.742,70.662,729,0,3,3,0
1777306557.854,70.774,731,0,2,0,0
1777306557.951,70.870,730,0,2,2,0
1777306558.062,70.982,731,0,2,0,0
1777306558.162,71.080,730,0,2,2,0
1777306558.272,71.190,732,0,3,0,0
1777306558.383,71.301,732,0,2,2,0
1777306558.477,71.397,731,0,2,0,0
1777306558.589,71.509,731,0,2,2,0
1777306558.685,71.605,730,0,2,0,0
1777306558.798,71.717,731,0,3,3,0
1777306558.894,71.814,732,0,2,0,0
1777306559.005,71.925,730,0,1,1,0
1777306559.117,72.037,729,0,3,0,0
1777306559.215,72.134,729,0,3,3,0
1777306559.326,72.245,729,0,2,0,0
1777306559.422,72.341,730,0,1,0,0
1777306559.533,72.453,728,0,2,2,0
1777306559.630,72.549,728,0,2,0,0
1777306559.741,72.661,725,0,3,3,0
1777306559.853,72.773,726,0,2,0,0
1777306559.949,72.869,724,0,2,2,0
1777306560.061,72.980,723,0,2,0,0
1777306560.157,73.077,722,0,2,2,0
1777306560.269,73.188,721,0,3,0,0
1777306560.368,73.284,719,0,2,2,0
1777306560.477,73.396,719,0,3,0,0
1777306560.588,73.508,717,0,3,3,0
1777306560.684,73.604,717,0,2,0,0
1777306560.796,73.716,716,0,2,2,0
1777306560.893,73.813,716,0,2,0,0
1777306561.005,73.924,716,0,2,2,0
1777306561.100,74.020,715,0,2,0,0
1777306561.212,74.132,716,0,3,3,0
1777306561.325,74.244,715,0,3,0,0
1777306561.421,74.340,714,0,3,0,0
1777306561.533,74.452,712,0,2,2,0
1777306561.628,74.548,712,0,2,0,0
1777306561.739,74.659,714,0,2,2,0
1777306561.836,74.756,712,0,2,0,0
1777306561.949,74.868,712,0,2,2,0
1777306562.060,74.979,713,0,3,0,0
1777306562.156,75.076,714,0,3,3,0
1777306562.268,75.187,713,0,1,0,0
1777306562.365,75.285,713,0,2,2,0
1777306562.476,75.395,713,0,3,0,0
1777306562.587,75.507,713,0,2,2,0
1777306562.684,75.603,715,0,3,0,0
1777306562.795,75.715,716,0,3,3,0
1777306562.891,75.811,717,0,2,0,0
1777306563.003,75.923,720,0,3,3,0
1777306563.102,76.019,722,0,3,0,0
1777306563.212,76.131,723,0,2,2,0
1777306563.313,76.230,724,1,3,0,0
1777306563.419,76.338,725,0,1,1,0
1777306563.534,76.450,725,0,3,0,0
1777306563.627,76.546,727,0,2,0,0
1777306563.739,76.658,727,0,3,3,0
1777306563.835,76.755,726,0,2,0,0
1777306563.947,76.866,728,0,3,3,0
1777306564.043,76.963,726,0,3,0,0
1777306564.155,77.074,727,0,3,3,0
1777306564.266,77.186,726,0,2,0,0
1777306564.363,77.282,728,0,2,2,0
1777306564.475,77.394,726,0,3,0,0
1777306564.570,77.490,727,0,3,3,0
1777306564.682,77.601,728,0,2,0,0
1777306564.794,77.713,727,0,3,3,0
1777306564.890,77.810,727,0,2,0,0
1777306565.003,77.921,726,0,2,2,0
1777306565.098,78.018,727,0,4,0,0
1777306565.210,78.129,726,0,3,3,0
1777306565.305,78.225,727,0,3,0,0
1777306565.418,78.337,726,0,2,2,0
1777306565.514,78.434,725,0,2,0,0
1777306565.625,78.545,727,0,2,2,0
1777306565.736,78.657,725,0,2,0,0
1777306565.833,78.753,724,0,2,2,0
1777306565.945,78.865,725,0,4,0,0
1777306566.047,78.961,723,0,2,0,0
1777306566.157,79.073,723,0,2,2,0
1777306566.250,79.169,723,0,2,0,0
1777306566.361,79.281,721,1,3,3,0
1777306566.475,79.395,722,0,2,0,0
1777306566.569,79.488,721,0,3,3,0
1777306566.681,79.601,720,0,2,0,0
1777306566.777,79.697,721,0,3,3,0
1777306566.889,79.808,719,0,4,0,0
1777306567.001,79.920,718,0,2,2,0
1777306567.097,80.016,718,0,2,0,0
1777306567.208,80.128,719,0,2,2,0
1777306567.304,80.224,718,0,2,0,0
1777306567.416,80.336,718,0,2,2,0
1777306567.512,80.432,719,0,3,0,0
1777306567.624,80.544,718,0,2,2,0
1777306567.736,80.656,719,0,1,0,0
1777306567.833,80.752,719,0,2,2,0
1777306567.945,80.864,719,0,2,0,0
1777306568.040,80.960,719,0,4,4,0
1777306568.152,81.072,720,0,2,0,0
1777306568.248,81.167,720,0,2,0,0
1777306568.360,81.279,720,0,3,3,0
1777306568.460,81.375,721,0,2,0,0
1777306568.575,81.487,721,0,3,3,0
1777306568.679,81.599,721,0,2,0,0
1777306568.775,81.695,721,0,3,3,0
1777306568.886,81.807,721,0,3,0,0
1777306568.982,81.903,723,0,3,3,0
1777306569.096,82.015,723,0,3,0,0
1777306569.207,82.127,723,0,3,3,0
1777306569.303,82.223,722,0,2,0,0
1777306569.414,82.334,723,0,2,2,0
1777306569.511,82.431,722,0,2,0,0
1777306569.623,82.543,723,0,2,2,0
1777306569.718,82.638,724,0,3,0,0
1777306569.832,82.751,725,0,2,2,0
1777306569.943,82.862,728,0,3,0,0
1777306570.039,82.959,726,0,3,3,0
1777306570.151,83.071,726,0,3,0,0
1777306570.247,83.166,726,0,2,2,0
1777306570.358,83.278,728,0,2,0,0
1777306570.454,83.374,727,0,2,0,0
1777306570.567,83.486,728,0,2,2,0
1777306570.662,83.582,727,0,3,0,0
1777306570.774,83.694,726,0,2,2,0
1777306570.886,83.806,727,0,3,0,0
1777306570.982,83.902,727,0,3,3,0
1777306571.094,84.014,726,0,2,0,0
1777306571.193,84.110,725,0,3,3,0
1777306571.304,84.221,726,0,3,0,0
1777306571.413,84.333,727,0,2,2,0
1777306571.510,84.429,727,0,3,0,0
1777306571.626,84.542,727,0,2,2,0
1777306571.718,84.637,726,0,2,0,0
1777306571.830,84.749,727,0,3,3,0
1777306571.926,84.845,726,0,3,0,0
1777306572.037,84.957,727,0,3,3,0
1777306572.149,85.069,726,0,3,0,0
1777306572.246,85.165,727,0,2,2,0
1777306572.358,85.277,726,0,3,0,0
1777306572.453,85.373,727,0,3,0,0
1777306572.566,85.485,725,0,2,2,0
1777306572.662,85.581,727,0,3,0,0
1777306572.774,85.693,724,0,2,2,0
1777306572.869,85.789,724,0,3,0,0
1777306572.981,85.901,724,0,3,3,0
1777306573.093,86.012,723,0,4,0,0
1777306573.189,86.108,724,0,2,2,0
1777306573.300,86.220,724,0,3,0,0
1777306573.396,86.316,724,0,2,2,0
1777306573.508,86.428,724,0,2,0,0
1777306573.620,86.540,725,0,2,2,0
1777306573.716,86.636,724,0,3,0,0
1777306573.828,86.748,724,0,2,2,0
1777306573.923,86.844,724,0,2,0,0
1777306574.035,86.956,724,0,3,3,0
1777306574.138,87.052,723,0,2,0,0
1777306574.252,87.164,723,0,3,3,0
1777306574.360,87.275,724,0,2,0,0
1777306574.452,87.372,723,0,1,1,0
1777306574.568,87.487,723,0,2,0,0
1777306574.660,87.579,722,0,2,0,0
1777306574.773,87.692,723,0,2,2,0
1777306574.867,87.787,723,0,3,0,0
1777306574.981,87.899,724,0,2,2,0
1777306575.091,88.011,725,0,2,0,0
1777306575.188,88.107,726,0,3,3,0
1777306575.300,88.219,724,0,3,0,0
1777306575.396,88.315,726,0,5,5,0
1777306575.507,88.427,726,0,4,0,0
1777306575.603,88.523,727,0,3,3,0
1777306575.715,88.635,727,0,3,0,0
1777306575.827,88.747,726,0,3,3,0
1777306575.922,88.842,728,0,3,0,0
1777306576.035,88.954,726,0,3,3,0
1777306576.132,89.051,728,0,2,0,0
1777306576.243,89.162,727,0,2,2,0
1777306576.338,89.258,729,0,2,0,0
1777306576.450,89.370,727,0,2,2,0
1777306576.562,89.482,729,0,2,0,0
1777306576.662,89.578,728,0,3,3,0
1777306576.770,89.690,728,0,2,0,0
1777306576.868,89.786,728,0,2,2,0
1777306576.981,89.899,729,0,3,0,0
1777306577.075,89.994,729,0,3,0,0
1777306577.187,90.106,728,0,4,4,0
1777306577.301,90.218,727,0,2,0,0
1777306577.394,90.314,727,0,2,2,0
1777306577.506,90.426,729,0,2,0,0
1777306577.602,90.522,728,0,3,3,0
1777306577.714,90.633,728,0,2,0,0
1777306577.810,90.730,727,0,3,3,0
1777306577.922,90.841,726,0,3,0,0
1777306578.034,90.953,726,0,2,2,0
1777306578.130,91.049,726,0,3,0,0
1777306578.243,91.162,725,0,3,3,0
1777306578.338,91.257,725,0,4,0,0
1777306578.449,91.369,724,0,2,2,0
1777306578.546,91.466,725,0,3,0,0
1777306578.657,91.577,723,0,3,3,0
1777306578.769,91.689,724,0,2,0,0
1777306578.865,91.785,723,0,3,3,0
1777306578.979,91.897,722,0,2,0,0
1777306579.072,91.993,723,0,2,2,0
1777306579.184,92.104,723,0,3,0,0
1777306579.282,92.200,723,0,1,0,0
1777306579.392,92.312,724,0,3,3,0
1777306579.505,92.424,723,0,3,0,0
1777306579.605,92.523,722,0,2,2,0
1777306579.717,92.635,722,0,2,0,0
1777306579.810,92.729,721,0,2,2,0
1777306579.920,92.840,721,0,2,0,0
1777306580.017,92.936,721,0,2,2,0
1777306580.128,93.048,720,0,3,0,0
1777306580.244,93.160,719,0,3,3,0
1777306580.337,93.256,720,0,2,0,0
1777306580.449,93.368,719,0,2,2,0
1777306580.547,93.464,719,0,2,0,0
1777306580.656,93.576,720,0,2,2,0
1777306580.754,93.672,719,0,3,0,0
1777306580.864,93.784,719,0,3,3,0
1777306580.975,93.895,719,0,3,0,0
1777306581.072,93.992,719,0,3,3,0
1777306581.184,94.103,720,0,3,0,0
1777306581.280,94.200,720,0,2,2,0
1777306581.392,94.311,720,0,2,0,0
1777306581.489,94.408,720,0,2,0,0
1777306581.600,94.519,719,0,2,2,0
1777306581.712,94.631,720,0,2,0,0
1777306581.807,94.727,720,0,2,2,0
1777306581.919,94.839,720,0,3,0,0
1777306582.015,94.935,719,1,2,2,0
1777306582.126,95.047,720,0,3,0,0
1777306582.227,95.144,721,0,3,3,0
1777306582.337,95.255,720,0,2,0,0
1777306582.452,95.369,720,0,3,3,0
1777306582.543,95.463,721,0,3,0,0
1777306582.655,95.575,722,0,3,3,0
1777306582.752,95.671,720,0,4,0,0
1777306582.864,95.783,724,0,3,3,0
1777306582.961,95.879,729,0,2,0,0
1777306583.071,95.991,731,0,2,2,0
1777306583.183,96.102,733,0,3,0,0
1777306583.279,96.198,733,0,2,2,0
1777306583.390,96.310,732,0,3,0,0
1777306583.487,96.406,733,0,3,3,0
1777306583.599,96.518,734,0,3,0,0
1777306583.696,96.615,734,0,3,0,0
1777306583.806,96.726,735,0,3,3,0
1777306583.918,96.838,736,0,3,0,0
1777306584.015,96.934,736,0,2,2,0
1777306584.127,97.046,736,0,1,0,0
1777306584.221,97.142,736,0,1,1,0
1777306584.334,97.254,736,0,3,0,0
1777306584.430,97.350,737,0,3,3,0
1777306584.542,97.462,736,0,3,0,0
1777306584.653,97.573,736,0,3,3,0
1777306584.749,97.669,738,0,2,0,0
1777306584.861,97.781,737,0,2,2,0
1777306584.958,97.878,737,0,3,0,0
1777306585.070,97.989,737,0,3,3,0
1777306585.166,98.085,736,0,3,0,0
1777306585.277,98.197,736,0,2,2,0
1777306585.389,98.309,736,0,2,0,0
1777306585.486,98.405,736,0,3,3,0
1777306585.599,98.517,733,0,2,0,0
1777306585.694,98.613,732,0,4,0,0
1777306585.805,98.725,732,0,2,2,0
1777306585.902,98.821,733,0,3,0,0
1777306586.014,98.933,732,0,2,2,0
1777306586.124,99.044,730,0,3,0,0
1777306586.221,99.140,726,0,2,2,0
1777306586.333,99.253,723,0,3,0,0
1777306586.429,99.349,718,0,3,3,0
1777306586.541,99.460,717,0,2,0,0
1777306586.637,99.556,716,0,2,2,0
1777306586.749,99.669,716,0,3,0,0
1777306586.860,99.780,713,0,2,2,0
1777306586.956,99.876,712,0,3,0,0
1777306587.068,99.988,711,0,3,3,0
1777306587.163,100.084,711,0,2,0,0
1777306587.276,100.196,711,0,3,3,0
1777306587.372,100.291,711,0,2,0,0
1777306587.484,100.404,710,0,3,3,0
1777306587.596,100.515,711,0,2,0,0
1777306587.693,100.612,708,0,2,2,0
1777306587.804,100.723,709,0,5,0,0
1777306587.899,100.819,710,0,2,0,0
1777306588.013,100.932,711,0,3,3,0
1777306588.108,101.027,712,0,2,0,0
1777306588.220,101.139,712,0,2,2,0
1777306588.331,101.251,713,0,2,0,0
1777306588.428,101.347,714,0,2,2,0
1777306588.539,101.459,714,0,2,0,0
1777306588.636,101.555,713,0,3,3,0
1777306588.748,101.667,718,1,3,0,0
1777306588.859,101.778,719,0,2,2,0
1777306588.956,101.875,719,0,3,0,0
1777306589.067,101.987,724,0,2,2,0
1777306589.162,102.082,726,0,3,0,0
1777306589.275,102.194,727,0,2,2,0
1777306589.370,102.290,729,0,2,0,0
1777306589.482,102.402,729,0,3,3,0
1777306589.579,102.499,733,0,3,0,0
1777306589.691,102.610,732,0,2,2,0
1777306589.802,102.722,734,0,2,0,0
1777306589.900,102.818,735,0,3,3,0
1777306590.011,102.930,735,0,3,0,0
1777306590.108,103.026,736,0,3,3,0
1777306590.219,103.138,736,0,2,0,0
1777306590.316,103.234,737,0,3,0,0
1777306590.427,103.346,737,0,2,2,0
1777306590.539,103.458,737,0,1,0,0
1777306590.635,103.554,737,0,3,3,0
1777306590.746,103.666,736,0,2,0,0
1777306590.843,103.762,736,0,3,3,0
1777306590.954,103.873,735,0,2,0,0
1777306591.066,103.985,738,0,3,3,0
1777306591.162,104.082,736,0,3,0,0
1777306591.274,104.193,734,0,2,2,0
1777306591.370,104.289,734,0,3,0,0
1777306591.482,104.401,735,0,3,3,0
1777306591.578,104.497,735,0,2,0,0
1777306591.690,104.609,734,0,3,3,0
1777306591.785,104.705,732,0,3,0,0
1777306591.898,104.818,732,0,3,3,0
1777306592.010,104.929,731,0,2,0,0
1777306592.105,105.025,730,0,3,3,0
1777306592.217,105.136,728,0,2,0,0
1777306592.314,105.233,726,0,3,3,0
1777306592.425,105.344,725,0,2,0,0
1777306592.523,105.441,722,0,3,0,0
1777306592.632,105.552,720,0,2,2,0
1777306592.744,105.664,718,0,3,0,0
1777306592.846,105.760,717,0,3,3,0
1777306592.956,105.877,714,0,4,0,0
1777306593.048,105.968,712,0,2,2,0
1777306593.161,106.080,711,0,2,0,0
1777306593.273,106.192,711,0,2,2,0
1777306593.368,106.288,712,0,2,0,0
1777306593.481,106.400,709,0,3,3,0
1777306593.577,106.496,710,0,2,0,0
1777306593.688,106.608,710,0,3,3,0
1777306593.785,106.704,709,0,3,0,0
1777306593.897,106.816,712,0,1,1,0
1777306593.992,106.912,711,0,1,0,0
1777306594.104,107.024,712,0,6,6,0
1777306594.216,107.135,712,0,6,0,0
1777306594.312,107.232,714,0,2,2,0
1777306594.424,107.343,715,0,1,0,0
1777306594.520,107.440,716,0,1,1,0
1777306594.632,107.551,716,1,4,0,0
1777306594.728,107.647,716,0,3,0,0
1777306594.838,107.759,716,0,2,2,0
1777306594.951,107.871,716,0,2,0,0
1777306595.048,107.967,717,0,3,3,0
1777306595.160,108.079,719,0,3,0,0
1777306595.255,108.175,721,0,3,3,0
1777306595.367,108.287,724,0,2,0,0
1777306595.479,108.398,723,0,3,3,0
1777306595.574,108.494,725,0,2,0,0
1777306595.692,108.606,726,0,3,3,0
1777306595.783,108.702,730,0,3,0,0
1777306595.896,108.815,728,0,4,4,0
1777306595.991,108.911,728,0,4,0,0
1777306596.103,109.022,729,0,2,2,0
1777306596.215,109.134,729,0,1,0,0
1777306596.310,109.230,729,0,1,1,0
1777306596.423,109.343,731,0,3,0,0
1777306596.519,109.438,730,0,3,3,0
1777306596.631,109.551,730,0,5,0,0
1777306596.727,109.646,732,0,2,2,0
1777306596.838,109.758,731,0,3,0,0
1777306596.934,109.854,733,0,3,0,0
1777306597.047,109.966,734,0,2,2,0
1777306597.159,110.078,735,0,-8192,0,0
1777306597.253,110.173,734,0,0,0,0
1777306597.366,110.285,735,0,0,0,0
1777306597.463,110.382,733,0,3,3,0
1777306597.573,110.493,734,0,3,0,0
1777306597.686,110.605,733,0,4,4,0
1777306597.781,110.701,732,0,3,0,0
1777306597.894,110.813,732,0,2,2,0
1777306597.990,110.909,731,0,2,0,0
1777306598.101,111.021,730,0,3,3,0
1777306598.199,111.118,729,0,3,0,0
1777306598.310,111.229,729,0,3,3,0
1777306598.422,111.341,728,0,3,0,0
1777306598.517,111.437,729,0,2,2,0
1777306598.629,111.549,728,0,2,0,0
1777306598.725,111.645,727,0,2,0,0
1777306598.837,111.757,726,0,2,2,0
1777306598.933,111.853,726,0,2,0,0
1777306599.044,111.964,726,0,3,3,0
1777306599.142,112.061,725,0,3,0,0
1777306599.252,112.172,725,0,2,2,0
1777306599.365,112.284,724,0,2,0,0
1777306599.462,112.381,722,0,2,2,0
1777306599.572,112.492,721,0,2,0,0
1777306599.667,112.588,718,0,3,3,0
1777306599.779,112.700,718,0,3,0,0
1777306599.892,112.812,718,0,3,3,0
1777306599.989,112.908,716,0,2,0,0
1777306600.100,113.020,717,0,2,2,0
1777306600.197,113.116,717,0,3,0,0
1777306600.308,113.228,717,0,3,3,0
1777306600.404,113.324,717,0,3,0,0
1777306600.516,113.436,717,0,2,2,0
1777306600.628,113.547,716,0,2,0,0
1777306600.724,113.644,717,0,3,3,0
1777306600.836,113.755,717,0,2,0,0
1777306600.932,113.852,718,0,2,0,0
1777306601.044,113.963,719,0,3,3,0
1777306601.140,114.059,719,0,2,0,0
1777306601.252,114.172,720,0,2,2,0
1777306601.348,114.268,720,0,1,0,0
1777306601.460,114.380,720,0,2,2,0
1777306601.571,114.491,721,0,2,0,0
1777306601.667,114.587,722,0,2,2,0
1777306601.779,114.699,721,0,4,0,0
1777306601.876,114.795,722,0,2,2,0
1777306601.988,114.907,723,0,3,0,0
1777306602.098,115.018,722,0,3,3,0
1777306602.195,115.115,724,0,2,0,0
1777306602.308,115.227,726,0,4,4,0
1777306602.403,115.323,727,0,3,0,0
1777306602.516,115.435,728,0,2,2,0
1777306602.611,115.531,729,0,2,0,0
1777306602.723,115.642,729,0,2,2,0
1777306602.834,115.754,729,0,3,0,0
1777306602.931,115.850,729,0,3,3,0
1777306603.043,115.963,729,0,3,0,0
1777306603.139,116.059,728,0,2,0,0
1777306603.251,116.170,729,0,3,3,0
1777306603.347,116.267,729,0,3,0,0
1777306603.459,116.378,727,0,2,2,0
1777306603.570,116.490,728,0,2,0,0
1777306603.666,116.586,728,0,3,3,0
1777306603.778,116.698,727,0,3,0,0
1777306603.874,116.794,727,0,2,2,0
1777306603.986,116.906,728,0,4,0,0
1777306604.082,117.002,727,0,2,2,0
1777306604.194,117.114,727,0,3,0,0
1777306604.306,117.226,728,0,2,2,0
1777306604.402,117.322,727,0,3,0,0
1777306604.513,117.433,727,0,3,3,0
1777306604.610,117.530,727,0,3,0,0
1777306604.722,117.641,726,0,2,2,0
1777306604.818,117.737,725,0,3,0,0
1777306604.929,117.849,724,0,4,4,0
1777306605.041,117.961,723,0,3,0,0
1777306605.137,118.057,722,0,3,3,0
1777306605.249,118.169,721,0,2,0,0
1777306605.345,118.265,720,0,2,0,0
1777306605.457,118.377,719,0,4,4,0
1777306605.553,118.473,720,0,3,0,0
1777306605.665,118.585,719,0,2,2,0
1777306605.776,118.696,718,0,3,0,0
1777306605.872,118.792,719,0,2,2,0
1777306605.986,118.905,719,0,2,0,0
1777306606.082,119.001,719,0,2,2,0
1777306606.192,119.112,718,0,2,0,0
1777306606.289,119.209,718,0,3,3,0
1777306606.400,119.320,719,0,1,0,0
1777306606.514,119.432,719,0,3,3,0
1777306606.608,119.528,718,0,2,0,0
1777306606.721,119.640,716,0,2,2,0
1777306606.819,119.736,717,0,1,0,0
1777306606.928,119.848,717,0,2,2,0
1777306607.025,119.944,717,0,3,0,0
1777306607.136,120.056,717,0,3,3,0
1777306607.248,120.168,718,0,2,0,0
1777306607.345,120.264,716,0,2,2,0
1777306607.457,120.376,716,0,2,0,0
1777306607.552,120.472,717,0,3,0,0
1777306607.665,120.584,717,0,2,2,0
1777306607.760,120.680,717,1,3,0,0
1777306607.873,120.792,718,0,3,3,0
1777306607.983,120.903,718,0,2,0,0
1777306608.080,121.000,719,0,3,3,0
1777306608.191,121.111,719,0,3,0,0
1777306608.288,121.207,720,0,2,2,0
1777306608.399,121.319,718,0,2,0,0
1777306608.496,121.415,718,0,2,2,0
1777306608.607,121.527,718,0,2,0,0
1777306608.719,121.639,717,0,3,3,0
1777306608.815,121.735,718,0,1,0,0
1777306608.929,121.847,718,0,2,2,0
1777306609.023,121.943,718,0,3,0,0
1777306609.134,122.054,718,0,3,3,0
1777306609.232,122.151,719,0,2,0,0
1777306609.343,122.263,719,0,2,2,0
1777306609.455,122.374,718,0,2,0,0
1777306609.551,122.470,721,0,3,3,0
1777306609.663,122.582,720,0,3,0,0
1777306609.759,122.678,723,0,2,0,0
1777306609.869,122.790,722,0,2,2,0
1777306609.967,122.886,722,0,3,0,0
1777306610.079,122.998,722,0,2,2,0
1777306610.190,123.110,721,0,2,0,0
1777306610.286,123.205,722,0,2,2,0
1777306610.398,123.317,722,0,3,0,0
1777306610.494,123.414,722,0,3,3,0
1777306610.605,123.525,722,0,2,0,0
1777306610.702,123.622,719,0,2,2,0
1777306610.815,123.734,720,0,3,0,0
1777306610.925,123.845,722,0,2,2,0
1777306611.022,123.942,720,0,3,0,0
1777306611.134,124.054,721,0,3,3,0
1777306611.229,124.149,722,2,2,0,0
1777306611.341,124.261,722,0,2,2,0
1777306611.438,124.358,723,0,3,0,0
1777306611.550,124.469,722,0,2,2,0
1777306611.662,124.581,723,0,3,0,0
1777306611.757,124.677,722,0,1,1,0
1777306611.870,124.789,722,0,3,0,0
1777306611.968,124.885,723,0,2,0,0
1777306612.077,124.997,721,0,3,3,0
1777306612.173,125.093,722,0,3,0,0
1777306612.286,125.205,720,0,3,3,0
1777306612.397,125.316,720,0,3,0,0
1777306612.493,125.413,721,0,3,3,0
1777306612.606,125.525,721,0,2,0,0
1777306612.701,125.620,721,0,3,3,0
1777306612.814,125.733,721,0,3,0,0
1777306612.909,125.829,722,0,3,3,0
1777306613.021,125.940,722,0,1,0,0
1777306613.132,126.052,722,0,2,2,0
1777306613.228,126.148,722,0,4,0,0
1777306613.340,126.260,723,0,2,2,0
1777306613.436,126.356,722,0,4,0,0
1777306613.549,126.468,723,0,3,3,0
1777306613.645,126.564,723,0,3,0,0
1777306613.757,126.677,723,0,3,3,0
1777306613.868,126.788,723,0,2,0,0
1777306613.965,126.884,723,0,2,2,0
1777306614.076,126.996,723,0,3,0,0
1777306614.172,127.092,722,0,2,0,0
1777306614.285,127.204,721,0,2,2,0
1777306614.381,127.300,721,0,2,0,0
1777306614.493,127.412,721,0,3,3,0
1777306614.603,127.523,722,0,3,0,0
1777306614.699,127.619,722,0,3,3,0
1777306614.812,127.731,723,0,3,0,0
1777306614.908,127.828,723,0,2,2,0
1777306615.020,127.939,723,0,2,0,0
1777306615.116,128.035,723,0,3,3,0
1777306615.228,128.147,725,0,3,0,0
1777306615.339,128.259,724,0,3,3,0
1777306615.435,128.355,725,0,3,0,0
1777306615.547,128.467,724,0,3,3,0
1777306615.644,128.563,722,0,3,0,0
1777306615.755,128.675,724,0,2,2,0
1777306615.851,128.771,722,0,3,0,0
1777306615.963,128.883,724,0,2,2,0
1777306616.075,128.994,721,0,3,0,0
1777306616.171,129.091,721,0,3,3,0
1777306616.283,129.202,720,0,2,0,0
1777306616.378,129.298,722,0,3,0,0
1777306616.491,129.410,722,0,3,3,0
1777306616.587,129.507,722,0,2,0,0
1777306616.698,129.618,723,0,2,2,0
1777306616.811,129.730,722,0,2,0,0
1777306616.906,129.826,721,0,3,3,0
1777306617.017,129.937,722,0,2,0,0
1777306617.115,130.034,721,0,3,3,0
1777306617.226,130.146,722,0,4,0,0
1777306617.323,130.242,721,1,2,2,0
1777306617.434,130.353,721,0,4,0,0
1777306617.546,130.466,720,0,3,3,0
1777306617.642,130.562,720,0,2,0,0
1777306617.754,130.673,719,1,2,2,0
1777306617.850,130.770,719,0,3,0,0
1777306617.961,130.881,717,0,1,1,0
1777306618.058,130.977,717,0,2,0,0
1777306618.170,131.089,718,0,3,3,0
1777306618.281,131.201,718,0,2,0,0
1777306618.377,131.297,718,0,2,2,0
1777306618.490,131.409,718,0,3,0,0
1777306618.585,131.505,719,0,3,0,0
1777306618.698,131.618,719,0,3,3,0
1777306618.793,131.713,719,0,2,0,0
1777306618.904,131.824,718,0,3,3,0
1777306619.017,131.937,718,0,2,0,0
1777306619.114,132.033,720,0,3,3,0
1777306619.224,132.144,717,0,3,0,0
1777306619.321,132.240,718,0,3,3,0
1777306619.432,132.352,716,0,2,0,0
1777306619.545,132.464,718,0,3,3,0
1777306619.641,132.560,716,0,2,0,0
1777306619.753,132.672,719,0,2,2,0
1777306619.848,132.768,716,0,3,0,0
1777306619.962,132.880,717,0,2,2,0
1777306620.056,132.976,717,0,3,0,0
1777306620.167,133.088,717,0,2,2,0
1777306620.263,133.183,717,0,4,0,0
1777306620.376,133.295,717,0,2,2,0
1777306620.488,133.408,717,0,2,0,0
1777306620.585,133.504,717,0,3,3,0
1777306620.696,133.616,717,0,2,0,0
1777306620.792,133.712,718,0,2,0,0
1777306620.904,133.824,718,0,3,3,0
1777306621.000,133.919,716,0,3,0,0
1777306621.112,134.032,717,0,3,3,0
1777306621.224,134.143,717,0,3,0,0
1777306621.320,134.240,717,0,3,3,0
1777306621.432,134.351,717,0,2,0,0
1777306621.527,134.447,716,0,2,2,0
1777306621.640,134.559,717,0,2,0,0
1777306621.752,134.671,718,0,3,3,0
1777306621.847,134.767,717,0,3,0,0
1777306621.959,134.879,718,0,2,2,0
1777306622.055,134.975,718,0,2,0,0
1777306622.167,135.087,718,0,2,2,0
1777306622.263,135.183,719,1,3,0,0
1777306622.375,135.295,719,0,2,2,0
1777306622.472,135.391,719,0,2,0,0
1777306622.583,135.503,719,0,2,2,0
1777306622.695,135.615,718,0,2,0,0
1777306622.791,135.711,719,0,2,2,0
1777306622.902,135.822,719,0,3,0,0
1777306622.999,135.918,719,0,2,0,0
1777306623.111,136.030,719,1,2,2,0
1777306623.207,136.126,718,0,2,0,0
1777306623.318,136.238,718,0,2,2,0
1777306623.431,136.350,719,0,3,0,0
1777306623.527,136.446,719,0,2,2,0
1777306623.638,136.557,719,0,3,0,0
1777306623.734,136.654,719,0,3,3,0
1777306623.847,136.766,719,0,2,0,0
1777306623.959,136.878,720,0,2,2,0
1777306624.054,136.974,718,0,3,0,0
1777306624.166,137.085,721,0,2,2,0
1777306624.263,137.182,720,0,2,0,0
1777306624.374,137.294,721,0,2,2,0
1777306624.469,137.389,721,0,3,0,0
1777306624.582,137.501,721,0,3,3,0
1777306624.678,137.597,721,0,3,0,0
1777306624.790,137.709,720,0,3,3,0
1777306624.902,137.821,720,0,2,0,0
1777306624.998,137.918,719,0,2,2,0
1777306625.110,138.029,719,0,2,0,0
1777306625.206,138.125,719,0,2,0,0
1777306625.317,138.237,721,0,1,1,0
1777306625.414,138.333,721,0,2,0,0
1777306625.524,138.444,720,0,2,2,0
1777306625.636,138.556,721,0,3,0,0
1777306625.733,138.653,720,0,1,1,0
1777306625.845,138.765,720,0,1,0,0
1777306625.941,138.861,723,0,3,3,0
1777306626.052,138.972,722,0,2,0,0
1777306626.165,139.084,721,0,2,2,0
1777306626.260,139.180,722,0,2,0,0
1777306626.373,139.292,722,0,3,3,0
1777306626.469,139.388,721,0,2,0,0
1777306626.581,139.500,721,0,3,3,0
1777306626.676,139.596,722,0,3,0,0
1777306626.789,139.708,721,0,2,2,0
1777306626.900,139.820,721,0,2,0,0
1777306626.997,139.916,721,0,2,2,0
1777306627.108,140.028,720,0,2,0,0
1777306627.205,140.124,720,0,2,2,0
1777306627.316,140.236,720,0,2,0,0
1777306627.413,140.332,720,0,3,0,0
1777306627.524,140.444,722,0,3,3,0
1777306627.619,140.539,720,0,2,0,0
1777306627.731,140.651,722,0,3,3,0
1777306627.844,140.764,723,0,1,0,0
1777306627.940,140.859,722,0,2,2,0
1777306628.051,140.971,721,0,2,0,0
1777306628.148,141.067,722,0,3,3,0
1777306628.259,141.179,721,0,3,0,0
1777306628.371,141.291,719,0,3,3,0
1777306628.468,141.387,721,0,2,0,0
1777306628.580,141.499,719,0,3,3,0
1777306628.675,141.595,719,0,3,0,0
1777306628.787,141.707,720,0,3,3,0
1777306628.883,141.803,720,0,3,0,0
1777306628.995,141.915,720,0,3,3,0
1777306629.106,142.026,721,0,2,0,0
1777306629.203,142.123,719,0,3,3,0
1777306629.315,142.235,721,0,4,0,0
1777306629.411,142.330,721,0,3,0,0
1777306629.522,142.442,721,0,2,2,0
1777306629.619,142.539,721,0,2,0,0
1777306629.731,142.650,721,0,4,4,0
1777306629.827,142.746,721,0,2,0,0
1777306629.939,142.858,720,0,3,3,0
1777306630.050,142.970,721,0,3,0,0
1777306630.146,143.066,720,0,2,2,0
1777306630.258,143.178,720,0,3,0,0
1777306630.353,143.274,720,0,3,3,0
1777306630.465,143.385,719,0,3,0,0
1777306630.577,143.497,719,0,3,3,0
1777306630.674,143.594,718,0,2,0,0
1777306630.785,143.705,720,0,2,2,0
1777306630.882,143.802,719,0,3,0,0
1777306630.993,143.913,720,0,4,4,0
1777306631.089,144.009,720,0,2,0,0
1777306631.202,144.121,720,0,3,3,0
1777306631.314,144.233,721,0,3,0,0
1777306631.408,144.329,720,0,2,2,0
1777306631.521,144.441,721,0,9,0,0
1777306631.618,144.537,721,0,3,0,0
1777306631.729,144.649,720,0,3,3,0
1777306631.826,144.745,720,0,3,0,0
1777306631.940,144.857,720,0,3,3,0
1777306632.033,144.953,719,0,2,0,0
1777306632.146,145.065,722,0,2,2,0
1777306632.257,145.177,719,0,3,0,0
1777306632.353,145.273,719,0,2,2,0
1777306632.465,145.385,720,0,2,0,0
1777306632.562,145.481,720,0,3,3,0
1777306632.673,145.592,719,0,2,0,0
1777306632.784,145.704,720,0,2,2,0
1777306632.881,145.800,719,0,2,0,0
1777306632.993,145.912,720,0,2,2,0
1777306633.088,146.008,721,0,2,0,0
1777306633.200,146.120,720,0,2,2,0
1777306633.297,146.216,721,0,2,0,0
1777306633.409,146.328,721,0,3,3,0
1777306633.522,146.440,720,0,3,0,0
1777306633.617,146.536,721,0,3,3,0
1777306633.728,146.648,721,0,2,0,0
1777306633.825,146.745,720,0,2,0,0
1777306633.936,146.856,719,0,2,2,0
1777306634.033,146.952,720,0,2,0,0
1777306634.144,147.064,719,0,2,2,0
1777306634.243,147.160,720,0,2,0,0
1777306634.352,147.271,720,0,3,3,0
1777306634.465,147.383,719,0,3,0,0
1777306634.560,147.480,719,0,2,2,0
1777306634.672,147.591,721,0,3,0,0
1777306634.768,147.687,720,0,2,2,0
1777306634.880,147.799,720,0,3,0,0
1777306634.992,147.911,721,0,1,1,0
1777306635.088,148.007,721,0,1,0,0
1777306635.199,148.119,720,0,3,3,0
1777306635.296,148.215,720,0,2,0,0
1777306635.408,148.327,720,0,2,2,0
1777306635.504,148.424,720,0,1,0,0
1777306635.615,148.535,720,0,2,2,0
1777306635.727,148.647,719,0,4,0,0
1777306635.823,148.742,719,0,3,3,0
1777306635.934,148.854,719,0,3,0,0
1777306636.032,148.950,719,0,2,0,0
1777306636.143,149.063,717,0,1,1,0
1777306636.239,149.158,719,0,3,0,0
1777306636.350,149.270,718,0,3,3,0
1777306636.462,149.382,716,0,3,0,0
1777306636.559,149.478,715,0,1,1,0
1777306636.670,149.590,697,0,4,0,0
1777306636.766,149.686,684,0,5,5,0
1777306636.878,149.798,681,0,1,0,0
1777306636.974,149.894,678,0,1,1,0
1777306637.086,150.006,686,0,2,0,0
1777306637.182,150.102,688,0,2,2,0
1777306637.294,150.214,704,0,4,0,0
1777306637.406,150.326,706,0,2,2,0
1777306637.501,150.421,696,0,2,0,0
1777306637.615,150.534,674,0,5,5,0
1777306637.712,150.630,675,0,5,0,0
1777306637.821,150.741,665,0,3,3,0
1777306637.917,150.837,675,0,2,0,0
1777306638.030,150.949,673,0,26,26,0
1777306638.141,151.061,693,0,3,0,0
1777306638.238,151.157,712,0,1,1,0
1777306638.349,151.269,717,0,2,0,0
1777306638.446,151.365,720,0,3,3,0
1777306638.557,151.476,720,0,3,0,0
1777306638.669,151.589,720,0,1,0,0
1777306638.764,151.684,719,0,3,3,0
1777306638.877,151.796,718,0,2,0,0
1777306638.973,151.893,720,0,3,3,0
1777306639.085,152.004,717,0,3,0,0
1777306639.181,152.100,717,0,4,4,0
1777306639.292,152.212,714,0,3,0,0
1777306639.405,152.324,712,0,2,2,0
1777306639.500,152.420,712,0,1,0,0
1777306639.612,152.532,712,0,1,1,0
1777306639.709,152.628,714,0,5,0,0
1777306639.821,152.740,714,0,4,4,0
1777306639.916,152.836,714,0,2,0,0
1777306640.028,152.948,714,0,3,3,0
1777306640.140,153.059,714,0,3,0,0
1777306640.235,153.155,713,1,2,2,0
1777306640.348,153.267,711,0,3,0,0
1777306640.445,153.364,707,0,3,3,0
1777306640.557,153.476,707,0,3,0,0
1777306640.651,153.571,704,0,3,3,0
1777306640.763,153.683,705,0,1,0,0
1777306640.876,153.795,707,0,2,0,0
1777306640.970,153.891,710,0,2,2,0
1777306641.084,154.003,710,0,1,0,0
1777306641.180,154.100,712,0,2,2,0
1777306641.294,154.213,710,0,3,0,0
1777306641.387,154.307,708,0,2,2,0
1777306641.499,154.419,706,0,1,0,0
1777306641.612,154.531,705,0,2,2,0
1777306641.706,154.626,703,0,3,0,0
1777306641.818,154.738,704,0,2,2,0
1777306641.915,154.835,705,0,4,0,0
1777306642.026,154.946,708,0,3,3,0
1777306642.122,155.042,711,0,4,0,0
1777306642.237,155.155,712,0,3,3,0
1777306642.347,155.266,713,0,3,0,0
1777306642.444,155.363,712,0,3,3,0
1777306642.555,155.474,709,0,2,0,0
1777306642.650,155.570,707,0,0,0,0
1777306642.762,155.682,708,0,2,0,0
1777306642.873,155.794,708,0,3,3,0
1777306642.970,155.890,710,0,3,0,0
1777306643.082,156.002,711,0,3,0,0
1777306643.179,156.099,710,0,3,3,0
1777306643.294,156.210,711,0,3,0,0
1777306643.386,156.306,711,0,2,2,0
1777306643.498,156.418,710,0,1,0,0
1777306643.601,156.514,711,0,3,3,0
1777306643.714,156.627,710,0,4,0,0
1777306643.820,156.737,710,0,1,1,0
1777306643.916,156.833,712,0,2,0,0
1777306644.027,156.945,713,0,1,1,0
1777306644.122,157.041,714,0,2,0,0
1777306644.234,157.154,712,0,3,3,0
1777306644.330,157.250,713,0,2,0,0
1777306644.443,157.362,713,0,3,3,0
1777306644.553,157.473,712,0,2,0,0
1777306644.650,157.569,711,0,3,3,0
1777306644.762,157.681,708,0,3,0,0
1777306644.858,157.778,707,0,2,2,0
1777306644.970,157.889,705,0,2,0,0
1777306645.082,158.001,705,0,4,4,0
1777306645.177,158.097,705,0,3,0,0
1777306645.290,158.209,704,0,3,0,0
1777306645.385,158.305,704,0,3,3,0
1777306645.498,158.417,704,0,1,0,0
1777306645.594,158.513,703,0,3,3,0
1777306645.706,158.625,701,0,3,0,0
1777306645.801,158.721,702,0,3,3,0
1777306645.914,158.832,701,0,2,0,0
1777306646.024,158.944,702,0,3,3,0
1777306646.122,159.040,701,0,2,0,0
1777306646.232,159.152,701,0,3,3,0
1777306646.335,159.248,700,0,2,0,0
1777306646.443,159.360,698,0,2,2,0
1777306646.537,159.456,699,0,2,0,0
1777306646.651,159.570,698,0,2,2,0
1777306646.745,159.664,698,0,2,0,0
1777306646.857,159.776,700,0,1,1,0
1777306646.967,159.887,697,0,2,0,0
1777306647.065,159.984,697,0,3,3,0
1777306647.176,160.096,699,0,2,0,0
1777306647.273,160.192,698,0,2,2,0
1777306647.384,160.303,699,0,3,0,0
1777306647.496,160.415,700,0,1,1,0
1777306647.592,160.511,700,0,3,0,0
1777306647.704,160.623,700,0,3,0,0
1777306647.800,160.720,700,0,2,2,0
1777306647.912,160.831,702,0,3,0,0
1777306648.007,160.927,702,0,1,1,0
1777306648.119,161.039,702,0,2,0,0
1777306648.231,161.151,705,0,3,3,0
1777306648.328,161.247,701,0,3,0,0
1777306648.440,161.359,703,0,2,2,0
1777306648.535,161.455,703,0,2,0,0
1777306648.647,161.567,703,0,2,2,0
1777306648.742,161.662,704,0,3,0,0
1777306648.855,161.775,705,0,2,2,0
1777306648.966,161.886,707,0,3,0,0
1777306649.066,161.982,707,0,1,1,0
1777306649.184,162.094,707,0,2,0,0
1777306649.271,162.191,708,0,2,2,0
1777306649.392,162.302,709,0,3,0,0
1777306649.496,162.414,709,0,2,2,0
1777306649.591,162.510,709,0,2,0,0
1777306649.702,162.622,710,0,2,2,0
1777306649.799,162.718,709,0,3,0,0
1777306649.912,162.830,710,0,2,0,0
1777306650.007,162.926,709,0,2,2,0
1777306650.118,163.038,711,0,2,0,0
1777306650.215,163.134,709,0,3,3,0
1777306650.326,163.246,710,0,3,0,0
1777306650.438,163.358,710,0,2,2,0
1777306650.533,163.453,711,0,2,0,0
1777306650.646,163.565,710,0,2,2,0
1777306650.743,163.663,711,0,4,0,0
1777306650.853,163.773,711,0,3,3,0
1777306650.949,163.869,712,0,3,0,0
1777306651.061,163.981,714,0,3,3,0
1777306651.174,164.093,714,0,2,0,0
1777306651.269,164.189,714,0,3,3,0
1777306651.381,164.301,714,0,3,0,0
1777306651.477,164.397,713,0,3,3,0
1777306651.588,164.509,714,0,4,0,0
1777306651.701,164.621,712,0,1,1,0
1777306651.799,164.717,712,0,1,0,0
1777306651.915,164.829,712,0,1,1,0
1777306652.006,164.925,712,0,3,0,0
1777306652.119,165.036,712,0,2,0,0
1777306652.214,165.133,711,0,5,5,0
1777306652.326,165.245,712,0,3,0,0
1777306652.436,165.356,711,0,4,4,0
1777306652.532,165.452,709,0,1,0,0
1777306652.644,165.564,711,0,2,2,0
1777306652.742,165.661,710,0,3,0,0
1777306652.852,165.772,710,0,1,1,0
1777306652.949,165.868,709,0,0,0,0
1777306653.061,165.980,710,0,9,9,0
1777306653.156,166.076,711,0,2,0,0
1777306653.268,166.188,713,0,2,2,0
1777306653.380,166.300,714,0,2,0,0
1777306653.476,166.396,714,0,2,2,0
1777306653.588,166.507,713,0,2,0,0
1777306653.684,166.604,715,0,4,4,0
1777306653.797,166.716,716,0,3,0,0
1777306653.908,166.827,717,0,9,9,0
1777306654.005,166.924,716,0,3,0,0
1777306654.115,167.035,717,0,2,0,0
1777306654.214,167.131,716,0,2,2,0
1777306654.325,167.243,716,0,2,0,0
1777306654.422,167.341,716,0,2,2,0
1777306654.535,167.453,717,0,3,0,0
1777306654.653,167.563,717,0,1,1,0
1777306654.742,167.660,717,0,2,0,0
1777306654.852,167.771,719,0,3,3,0
1777306654.947,167.867,718,0,5,0,0
1777306655.059,167.979,718,0,4,4,0
1777306655.155,168.074,717,0,2,0,0
1777306655.267,168.186,717,0,2,2,0
1777306655.363,168.283,715,0,1,0,0
1777306655.475,168.395,713,0,1,1,0
1777306655.587,168.506,705,0,2,0,0
1777306655.682,168.602,706,0,3,3,0
1777306655.795,168.714,695,0,5,0,0
1777306655.891,168.811,709,0,3,3,0
1777306656.002,168.922,711,0,3,0,0
1777306656.115,169.034,713,0,2,2,0
1777306656.210,169.130,712,0,2,0,0
1777306656.322,169.242,712,0,1,0,0
1777306656.417,169.338,712,0,3,3,0
1777306656.531,169.450,712,0,3,0,0
1777306657.043,169.962,713,700,3,3,0
1777306657.538,170.457,713,983,3,3,0
1777306658.049,170.969,712,397,2,0,0
1777306658.544,171.465,710,399,2,2,0
1777306659.057,171.976,709,329,2,0,0
1777306659.155,172.072,710,0,2,2,0
1777306659.265,172.184,710,0,4,0,0
1777306659.375,172.296,710,0,2,2,0
1777306659.473,172.392,711,0,2,0,0
1777306659.584,172.504,710,0,3,3,0
1777306659.679,172.600,711,0,2,0,0
1777306659.793,172.712,709,0,3,3,0
1777306659.889,172.808,712,0,2,0,0
1777306660.002,172.920,713,0,2,2,0
1777306660.112,173.032,713,0,3,0,0
1777306660.208,173.128,712,0,2,2,0
1777306660.320,173.239,713,0,1,0,0
1777306660.417,173.336,713,0,3,3,0
1777306660.529,173.448,714,0,3,0,0
1777306660.624,173.544,714,0,3,3,0
1777306660.735,173.655,714,0,0,0,0
1777306660.847,173.767,713,0,3,3,0
1777306660.945,173.863,714,0,3,0,0
1777306661.055,173.975,714,0,2,0,0
1777306661.151,174.071,715,0,1,1,0
1777306661.263,174.183,716,0,2,0,0
1777306661.360,174.279,716,0,3,3,0
1777306661.472,174.391,716,0,6,0,0
1777306661.583,174.502,717,0,1,1,0
1777306661.681,174.601,717,0,2,0,0
1777306661.791,174.711,718,0,2,2,0
1777306661.887,174.807,718,0,2,0,0
1777306661.998,174.918,718,0,2,2,0
1777306662.096,175.015,717,0,2,0,0
1777306662.207,175.126,718,0,2,2,0
1777306662.319,175.238,718,0,2,0,0
1777306662.414,175.334,717,0,2,2,0
1777306662.527,175.446,719,0,2,0,0
1777306662.624,175.543,718,0,3,3,0
1777306662.734,175.654,718,0,2,0,0
1777306662.831,175.751,717,0,3,3,0
1777306662.942,175.862,718,0,2,0,0
1777306663.054,175.974,718,0,2,2,0
1777306663.150,176.070,718,0,3,0,0
1777306663.262,176.182,718,0,3,0,0
1777306663.359,176.278,719,0,3,3,0
1777306663.471,176.390,719,0,2,0,0
1777306663.566,176.486,719,0,3,3,0
1777306663.679,176.598,720,0,3,0,0
1777306663.790,176.709,720,0,2,2,0
1777306663.885,176.805,720,0,3,0,0
1777306663.997,176.917,720,0,2,2,0
1777306664.094,177.014,720,0,2,0,0
1777306664.205,177.125,719,0,20,20,0
1777306664.301,177.221,719,0,1,0,0
1777306664.414,177.333,719,0,3,3,0
1777306664.525,177.445,719,0,3,0,0
1777306664.621,177.541,719,0,3,3,0
1777306664.734,177.653,719,0,2,0,0
1777306664.830,177.750,719,0,3,3,0
1777306664.942,177.861,720,0,3,0,0
1777306665.036,177.956,719,0,3,3,0
1777306665.148,178.068,720,0,2,0,0
1777306665.260,178.180,719,0,2,0,0
1777306665.356,178.276,718,0,2,2,0
1777306665.470,178.388,719,0,2,0,0
1777306665.565,178.484,718,0,2,2,0
1777306665.677,178.596,719,0,3,0,0
1777306665.773,178.692,720,0,2,2,0
1777306665.885,178.804,719,0,2,0,0
1777306665.997,178.916,717,0,3,3,0
1777306666.093,179.012,719,0,2,0,0
1777306666.204,179.124,719,0,3,3,0
1777306666.301,179.220,718,0,4,0,0
1777306666.412,179.332,719,0,2,2,0
1777306666.509,179.428,718,0,2,0,0
1777306666.620,179.540,719,0,2,2,0
1777306666.732,179.651,718,0,3,0,0
1777306666.829,179.748,718,0,4,4,0
1777306666.940,179.860,717,0,3,0,0
1777306667.036,179.955,720,0,2,2,0
1777306667.147,180.067,719,0,2,0,0
1777306667.243,180.163,718,0,2,2,0
1777306667.355,180.275,718,0,4,0,0
1777306667.468,180.387,718,0,3,0,0
1777306667.564,180.483,717,0,2,2,0
1777306667.674,180.595,717,0,3,0,0
1777306667.771,180.691,718,0,3,3,0
1777306667.883,180.803,716,0,3,0,0
1777306667.980,180.899,717,0,3,3,0
1777306668.092,181.010,717,0,3,0,0
1777306668.206,181.122,717,0,3,3,0
1777306668.299,181.219,717,0,2,0,0
1777306668.413,181.332,715,0,2,2,0
1777306668.507,181.427,715,0,3,0,0
1777306668.619,181.539,716,0,3,3,0
1777306668.715,181.634,716,0,2,0,0
1777306668.827,181.747,715,0,3,3,0
1777306668.939,181.859,715,0,1,0,0
1777306669.035,181.955,717,0,2,2,0
1777306669.147,182.066,714,0,3,0,0
1777306669.243,182.162,713,0,4,4,0
1777306669.355,182.274,714,0,3,0,0
1777306669.450,182.370,714,0,3,0,0
1777306669.563,182.483,714,0,3,3,0
1777306669.673,182.593,715,0,3,0,0
1777306669.771,182.690,714,0,2,2,0
1777306669.882,182.802,714,0,2,0,0
1777306669.979,182.898,715,0,3,3,0
1777306670.089,183.009,714,0,3,0,0
1777306670.186,183.106,714,0,3,3,0
1777306670.299,183.218,715,0,3,0,0
1777306670.410,183.330,716,0,2,2,0
1777306670.505,183.425,716,0,3,0,0
1777306670.617,183.537,718,0,3,3,0
1777306670.717,183.634,718,0,2,0,0
1777306670.830,183.745,718,0,3,3,0
1777306670.922,183.842,720,0,3,0,0
1777306671.033,183.953,722,0,3,3,0
1777306671.146,184.065,722,0,2,0,0
1777306671.241,184.161,722,0,2,2,0
1777306671.353,184.273,722,0,3,0,0
1777306671.448,184.368,723,0,3,3,0
1777306671.560,184.480,723,0,3,0,0
1777306671.658,184.577,723,0,3,0,0
1777306671.769,184.689,722,0,2,2,0
1777306671.881,184.800,722,0,3,0,0
1777306671.976,184.896,722,0,2,2,0
1777306672.088,185.008,721,0,2,0,0
1777306672.185,185.104,722,0,3,3,0
1777306672.298,185.216,722,0,2,0,0
1777306672.393,185.313,722,0,2,2,0
1777306672.504,185.424,723,0,2,0,0
1777306672.617,185.536,722,0,3,3,0
1777306672.713,185.632,723,0,2,0,0
1777306672.824,185.744,722,0,3,3,0
1777306672.921,185.840,723,0,2,0,0
1777306673.032,185.952,720,0,2,2,0
1777306673.128,186.048,718,0,2,0,0
1777306673.240,186.160,722,0,4,4,0
1777306673.351,186.271,720,0,2,0,0
1777306673.453,186.368,720,0,2,2,0
1777306673.560,186.479,719,0,3,0,0
1777306673.656,186.576,719,0,3,3,0
1777306673.770,186.688,719,0,3,0,0
1777306673.864,186.784,719,0,3,0,0
1777306673.976,186.895,719,0,3,3,0
1777306674.087,187.007,719,0,3,0,0
1777306674.182,187.103,719,0,2,2,0
1777306674.295,187.215,719,0,2,0,0
1777306674.391,187.311,718,0,2,2,0
1777306674.504,187.423,718,0,2,0,0
1777306674.599,187.519,718,0,2,2,0
1777306674.711,187.631,717,0,3,0,0
1777306674.823,187.742,717,0,7,7,0
1777306674.919,187.839,717,0,2,0,0
1777306675.032,187.950,717,0,2,2,0
1777306675.127,188.046,717,0,1,0,0
1777306675.239,188.159,717,0,2,2,0
1777306675.334,188.254,717,0,2,0,0
1777306675.447,188.366,717,0,4,4,0
1777306675.559,188.478,717,0,3,0,0
1777306675.655,188.575,718,0,2,2,0
1777306675.766,188.686,717,0,3,0,0
1777306675.864,188.782,718,0,3,3,0
1777306675.974,188.894,718,0,2,0,0
1777306676.077,188.990,718,0,0,0,0
1777306676.189,189.102,718,0,3,3,0
1777306676.295,189.214,718,0,2,0,0
1777306676.389,189.310,719,0,3,3,0
1777306676.503,189.423,719,0,3,0,0
1777306676.597,189.517,719,0,1,1,0
1777306676.709,189.629,721,0,2,0,0
1777306676.821,189.741,719,0,3,3,0
1777306676.918,189.837,719,0,3,0,0
1777306677.029,189.949,720,0,3,3,0
1777306677.126,190.045,721,0,3,0,0
1777306677.237,190.157,719,0,0,0,0
1777306677.334,190.253,720,0,2,0,0
1777306677.446,190.366,720,0,1,1,0
1777306677.541,190.461,721,0,1,0,0
1777306677.654,190.573,720,0,2,2,0
1777306677.766,190.685,715,0,3,0,0
1777306677.862,190.781,696,0,7,7,0
1777306677.973,190.893,703,0,3,0,0
1777306678.069,190.989,711,0,6,6,0
1777306678.180,191.100,715,0,4,0,0
1777306678.277,191.197,716,0,1,0,0
1777306678.389,191.309,719,1,1,1,0
1777306678.500,191.420,716,0,2,0,0
1777306678.597,191.516,718,0,7,7,0
1777306678.708,191.628,719,0,3,0,0
1777306678.804,191.724,717,0,3,3,0
1777306678.916,191.836,719,0,2,0,0
1777306679.028,191.948,718,0,2,2,0
1777306679.128,192.044,718,0,2,0,0
1777306679.237,192.157,719,0,2,2,0
1777306679.332,192.252,717,0,3,0,0
1777306679.444,192.364,719,0,3,3,0
1777306679.540,192.460,717,0,3,0,0
1777306679.652,192.572,717,0,2,2,0
1777306679.748,192.668,717,0,1,0,0
1777306679.860,192.780,718,0,5,5,0
1777306679.972,192.892,716,0,2,0,0
1777306680.068,192.988,718,0,5,5,0
1777306680.180,193.100,716,0,3,0,0
1777306680.275,193.195,715,0,3,3,0
1777306680.387,193.307,716,0,2,0,0
1777306680.484,193.404,714,0,3,0,0
1777306680.597,193.516,715,0,2,2,0
1777306680.707,193.627,716,0,2,0,0
1777306680.804,193.723,714,0,2,2,0
1777306680.915,193.835,715,0,2,0,0
1777306681.011,193.931,715,0,1,1,0
1777306681.123,194.043,715,0,2,0,0
1777306681.235,194.155,714,0,3,3,0
1777306681.331,194.250,715,0,3,0,0
1777306681.443,194.363,715,0,3,3,0
1777306681.539,194.459,713,0,3,0,0
1777306681.650,194.570,713,0,1,1,0
1777306681.746,194.666,711,0,7,0,0
1777306681.858,194.778,711,0,2,2,0
1777306681.956,194.875,713,0,2,0,0
1777306682.067,194.986,714,0,6,6,0
1777306682.180,195.099,713,0,3,0,0
1777306682.274,195.194,713,1,3,3,0
1777306682.386,195.306,713,0,3,0,0
1777306682.483,195.403,712,0,4,4,0
1777306682.594,195.514,712,0,5,0,0
1777306682.691,195.610,713,0,1,0,0
1777306682.803,195.722,714,0,4,4,0
1777306682.914,195.834,713,0,3,0,0
1777306683.010,195.930,713,0,3,3,0
1777306683.121,196.042,714,0,5,0,0
1777306683.219,196.138,713,0,5,5,0
1777306683.330,196.249,713,0,1,0,0
1777306683.442,196.361,713,0,3,3,0
1777306683.538,196.457,712,0,2,0,0
1777306683.650,196.569,712,0,2,2,0
1777306683.747,196.666,709,0,3,0,0
1777306683.857,196.777,700,0,3,3,0
1777306683.955,196.874,687,0,4,0,0
1777306684.065,196.985,666,0,3,3,0
1777306684.164,197.084,659,0,2,0,0
1777306684.274,197.193,684,0,3,3,0
1777306684.385,197.305,702,0,2,0,0
1777306684.481,197.401,706,0,2,2,0
1777306684.593,197.513,707,0,3,0,0
1777306684.690,197.610,710,1,3,3,0
1777306684.801,197.721,711,0,3,0,0
1777306684.913,197.832,711,0,3,3,0
1777306685.011,197.929,711,0,10,0,0
1777306685.120,198.040,711,0,3,0,0
1777306685.219,198.137,711,0,3,3,0
1777306685.331,198.249,712,0,2,0,0
1777306685.425,198.345,713,0,2,2,0
1777306685.538,198.456,713,0,2,0,0
1777306685.650,198.568,712,0,2,2,0
1777306685.745,198.664,710,0,2,0,0
1777306685.857,198.776,705,0,3,3,0
1777306685.953,198.872,651,1,4,0,0
1777306686.064,198.984,592,0,3,3,0
1777306686.160,199.080,571,0,2,0,0
1777306686.272,199.191,563,0,2,2,0
1777306686.368,199.288,564,0,3,0,0
1777306686.481,199.400,572,0,2,2,0
1777306686.592,199.511,573,0,2,0,0
1777306686.688,199.607,590,0,3,3,0
1777306686.800,199.720,617,0,1,0,0
1777306686.904,199.822,684,0,3,3,0
1777306687.009,199.929,701,0,2,0,0
1777306687.104,200.024,673,0,3,3,0
1777306687.216,200.135,621,1,2,0,0
1777306687.329,200.247,607,0,3,3,0
1777306687.424,200.343,610,0,2,0,0
1777306687.536,200.455,601,0,1,0,0
1777306687.632,200.551,600,0,6,6,0
1777306687.744,200.663,603,0,4,0,0
1777306687.843,200.760,617,0,2,2,0
1777306687.953,200.871,631,0,4,0,0
1777306688.066,200.983,636,0,3,3,0
1777306688.161,201.079,652,0,2,0,0
1777306688.271,201.190,658,0,1,1,0
1777306688.367,201.287,669,0,3,0,0
1777306688.478,201.398,676,0,2,2,0
1777306688.576,201.495,678,0,2,0,0
1777306688.687,201.606,685,0,4,4,0
1777306688.799,201.718,692,0,4,0,0
1777306688.896,201.814,692,0,3,3,0
1777306689.007,201.926,691,0,3,0,0
1777306689.102,202.022,694,0,3,3,0
1777306689.215,202.134,689,0,3,0,0
1777306689.312,202.231,694,0,3,3,0
1777306689.423,202.342,695,0,2,0,0
1777306689.534,202.454,695,0,4,4,0
1777306689.631,202.550,698,1,2,0,0
1777306689.742,202.662,697,0,2,2,0
1777306689.839,202.758,697,0,2,0,0
1777306689.950,202.870,700,0,5,5,0
1777306690.047,202.966,699,0,2,0,0
1777306690.159,203.078,702,0,2,2,0
1777306690.271,203.190,701,1,3,0,0
1777306690.367,203.286,704,0,3,3,0
1777306690.480,203.398,705,0,3,0,0
1777306690.575,203.494,707,0,3,0,0
1777306690.685,203.605,708,0,1,1,0
1777306690.797,203.717,708,0,3,0,0
1777306690.894,203.813,709,0,3,3,0
1777306691.006,203.925,709,0,2,0,0
1777306691.102,204.022,709,0,2,2,0
1777306691.214,204.133,709,0,1,0,0
1777306691.310,204.229,709,0,2,2,0
1777306691.421,204.340,711,0,2,0,0
1777306691.533,204.452,709,0,2,2,0
1777306691.629,204.548,710,0,3,0,0
1777306691.741,204.660,711,0,3,3,0
1777306691.837,204.757,710,0,4,0,0
1777306691.948,204.868,713,0,3,3,0
1777306692.045,204.964,714,0,2,0,0
1777306692.157,205.076,715,0,2,2,0
1777306692.268,205.188,715,0,3,0,0
1777306692.364,205.284,714,0,3,3,0
1777306692.477,205.396,714,0,2,0,0
1777306692.572,205.492,716,0,2,2,0
1777306692.684,205.604,716,0,2,0,0
1777306692.780,205.700,716,0,2,0,0
1777306692.892,205.812,715,0,3,3,0
1777306693.004,205.923,716,0,2,0,0
1777306693.102,206.021,715,0,2,2,0
1777306693.213,206.132,715,0,3,0,0
1777306693.309,206.228,715,0,3,3,0
1777306693.421,206.340,713,0,2,0,0
1777306693.516,206.435,714,0,3,3,0
1777306693.628,206.547,714,0,3,0,0
1777306693.741,206.660,713,0,2,2,0
1777306693.837,206.755,712,0,2,0,0
1777306693.948,206.867,713,0,2,2,0
1777306694.044,206.963,714,0,3,0,0
1777306694.156,207.075,712,0,3,3,0
1777306694.252,207.171,712,0,5,0,0
1777306694.365,207.283,711,0,3,3,0
1777306694.476,207.395,711,0,2,0,0
1777306694.572,207.491,710,0,2,2,0
1777306694.684,207.603,709,0,3,0,0
1777306694.779,207.699,710,0,5,5,0
1777306694.892,207.811,708,0,2,0,0
1777306694.988,207.907,710,0,3,0,0
1777306695.099,208.019,711,0,2,2,0
1777306695.216,208.130,711,0,3,0,0
1777306695.307,208.227,711,0,2,2,0
1777306695.418,208.338,711,0,3,0,0
1777306695.515,208.434,711,0,2,2,0
1777306695.626,208.546,711,0,2,0,0
1777306695.723,208.643,712,0,1,1,0
1777306695.835,208.755,714,0,2,0,0
1777306695.948,208.866,713,0,1,1,0
1777306696.041,208.962,713,0,1,0,0
1777306696.154,209.073,708,0,3,3,0
1777306696.251,209.170,710,0,2,0,0
1777306696.364,209.282,713,0,1,1,0
1777306696.459,209.378,710,0,3,0,0
1777306696.569,209.489,712,0,3,3,0
1777306696.681,209.601,712,0,5,0,0
1777306696.778,209.697,713,0,1,1,0
1777306696.889,209.809,715,0,1,0,0
1777306696.985,209.905,714,0,2,2,0
1777306697.097,210.017,714,0,2,0,0
1777306697.193,210.113,713,0,3,0,0
1777306697.306,210.226,712,0,4,4,0
1777306697.418,210.337,713,0,1,0,0
1777306697.513,210.433,714,0,5,5,0
1777306697.625,210.545,713,0,1,0,0
1777306697.721,210.641,713,0,0,0,0
1777306697.838,210.753,713,0,1,0,0
1777306697.930,210.849,714,0,2,2,0
1777306698.041,210.961,715,0,3,0,0
1777306698.153,211.073,714,0,7,7,0
1777306698.250,211.169,713,0,4,0,0
1777306698.362,211.281,716,0,3,3,0
1777306698.458,211.377,713,0,2,0,0
1777306698.569,211.488,714,0,1,1,0
1777306698.666,211.585,715,0,2,0,0
1777306698.777,211.696,713,0,3,3,0
1777306698.889,211.808,710,0,3,0,0
1777306698.985,211.904,711,0,2,2,0
1777306699.098,212.016,711,0,3,0,0
1777306699.194,212.113,710,0,3,3,0
1777306699.305,212.224,710,0,4,0,0
1777306699.400,212.320,708,0,1,0,0
1777306699.512,212.432,711,1,1,1,0
1777306699.624,212.543,709,0,1,0,0
1777306699.721,212.640,710,0,2,2,0
1777306699.832,212.752,714,0,2,0,0
1777306699.928,212.848,712,0,3,3,0
1777306700.040,212.959,713,0,2,0,0
1777306700.135,213.055,714,0,2,2,0
1777306700.247,213.167,714,0,2,0,0
1777306700.360,213.279,714,0,1,1,0
1777306700.455,213.375,715,0,3,0,0
1777306700.567,213.487,716,0,1,1,0
1777306700.663,213.583,714,0,2,0,0
1777306700.775,213.695,715,0,1,1,0
1777306700.873,213.792,715,0,5,0,0
1777306700.984,213.903,714,0,3,3,0
1777306701.097,214.015,714,0,3,0,0
1777306701.191,214.111,709,0,1,1,0
1777306701.303,214.222,707,0,1,0,0
1777306701.399,214.319,706,0,2,2,0
1777306701.512,214.431,705,0,2,0,0
1777306701.608,214.527,707,0,3,0,0
1777306701.718,214.638,707,0,3,3,0
1777306701.830,214.750,706,0,2,0,0
1777306701.926,214.846,709,0,3,3,0
1777306702.039,214.958,708,0,2,0,0
1777306702.135,215.054,709,0,3,3,0
1777306702.245,215.166,710,0,2,0,0
1777306702.343,215.262,710,0,2,2,0
1777306702.455,215.374,710,0,3,0,0
1777306702.566,215.486,709,0,2,2,0
1777306702.663,215.583,711,0,4,0,0
1777306702.774,215.694,710,0,2,2,0
1777306702.870,215.790,712,0,2,0,0
1777306702.983,215.902,711,0,3,3,0
1777306703.079,215.998,711,0,2,0,0
1777306703.194,216.113,713,0,3,3,0
1777306703.303,216.223,715,0,3,0,0
1777306703.399,216.318,716,0,1,1,0
1777306703.510,216.430,715,0,3,0,0
1777306703.606,216.526,716,0,2,2,0
1777306703.718,216.637,714,0,1,0,0
1777306703.815,216.734,715,0,7,0,0
1777306703.927,216.846,714,0,5,5,0
1777306704.038,216.957,717,0,2,0,0
1777306704.135,217.054,715,0,2,2,0
1777306704.246,217.165,716,0,1,0,0
1777306704.343,217.262,715,0,1,1,0
1777306704.455,217.373,716,0,2,0,0
1777306704.550,217.469,713,0,3,3,0
1777306704.662,217.581,715,0,1,0,0
1777306704.774,217.693,716,0,3,3,0
1777306704.870,217.789,715,0,2,0,0
1777306704.981,217.900,715,0,2,2,0
1777306705.077,217.997,716,0,3,0,0
1777306705.189,218.108,715,0,2,2,0
1777306705.285,218.204,714,0,1,0,0
1777306705.396,218.316,713,0,4,4,0
1777306705.509,218.428,715,0,1,0,0
1777306705.604,218.524,712,0,2,2,0
1777306705.716,218.636,709,0,0,0,0
1777306705.813,218.732,707,0,2,2,0
1777306705.924,218.844,709,0,3,0,0
1777306706.022,218.941,709,0,2,0,0
1777306706.132,219.052,711,0,2,2,0
1777306706.244,219.163,714,0,1,0,0
1777306706.348,219.267,714,0,3,3,0
1777306706.452,219.371,716,0,2,0,0
1777306706.547,219.467,716,0,1,1,0
1777306706.660,219.580,715,0,2,0,0
1777306706.771,219.691,713,0,2,2,0
1777306706.868,219.787,714,0,3,0,0
1777306706.981,219.900,714,0,1,1,0
1777306707.076,219.995,713,0,3,0,0
1777306707.188,220.107,714,0,1,1,0
1777306707.284,220.203,712,0,7,0,0
1777306707.396,220.315,710,0,2,2,0
1777306707.492,220.411,709,0,3,0,0
1777306707.604,220.523,712,0,1,1,0
1777306707.715,220.634,713,0,3,0,0
1777306707.812,220.731,714,0,2,2,0
1777306707.923,220.842,717,0,1,0,0
1777306708.019,220.939,717,0,2,2,0
1777306708.130,221.050,717,0,3,0,0
1777306708.229,221.147,717,0,3,0,0
1777306708.341,221.261,718,0,2,2,0
1777306708.453,221.372,718,0,1,0,0
1777306708.547,221.467,718,0,2,2,0
1777306708.663,221.581,718,0,1,0,0
1777306708.755,221.674,717,0,3,3,0
1777306708.866,221.786,718,0,5,0,0
1777306708.978,221.898,717,0,7,7,0
1777306709.075,221.994,718,0,5,0,0
1777306709.187,222.106,717,0,3,3,0
1777306709.282,222.202,718,0,2,0,0
1777306709.394,222.314,717,0,1,1,0
1777306709.491,222.410,715,0,2,0,0
1777306709.602,222.522,709,0,2,2,0
1777306709.698,222.618,713,0,3,0,0
1777306709.810,222.730,712,0,3,3,0
1777306709.925,222.843,712,0,4,0,0
1777306710.018,222.938,712,0,3,3,0
1777306710.129,223.049,713,0,3,0,0
1777306710.225,223.145,715,0,1,1,0
1777306710.338,223.257,712,0,2,0,0
1777306710.435,223.354,711,0,2,0,0
1777306710.546,223.465,709,0,2,2,0
1777306710.657,223.577,709,0,3,0,0
1777306710.754,223.673,710,0,3,3,0
1777306710.865,223.784,710,0,2,0,0
1777306710.965,223.885,710,0,2,2,0
1777306711.077,223.996,710,0,2,0,0
1777306711.188,224.104,710,0,2,2,0
1777306711.284,224.201,709,0,2,0,0
1777306711.395,224.312,710,0,2,2,0
1777306711.488,224.408,711,0,2,0,0
1777306711.600,224.520,711,0,2,2,0
1777306711.697,224.617,711,0,2,0,0
1777306711.808,224.728,710,0,2,2,0
1777306711.905,224.825,711,0,3,0,0
1777306712.017,224.936,710,0,2,2,0
1777306712.128,225.048,710,1,2,0,0
1777306712.228,225.145,709,0,5,5,0
1777306712.337,225.256,709,0,2,0,0
1777306712.432,225.352,709,0,2,2,0
1777306712.543,225.463,709,0,2,0,0
1777306712.639,225.560,710,0,3,0,0
1777306712.752,225.672,710,0,3,3,0
1777306712.864,225.783,709,0,5,0,0
1777306712.961,225.880,707,0,3,3,0
1777306713.074,225.992,708,0,2,0,0
1777306713.169,226.088,708,0,2,2,0
1777306713.280,226.199,707,0,2,0,0
1777306713.394,226.311,707,0,1,1,0
1777306713.488,226.408,708,0,2,0,0
1777306713.599,226.519,708,0,3,3,0
1777306713.698,226.616,708,0,2,0,0
1777306713.813,226.727,708,0,3,3,0
1777306713.910,226.824,709,1,3,0,0
1777306714.019,226.935,710,0,2,2,0
1777306714.128,227.047,715,0,2,0,0
1777306714.224,227.143,714,0,1,1,0
1777306714.336,227.255,713,0,4,0,0
1777306714.434,227.351,715,1,2,2,0
1777306714.544,227.463,708,0,2,0,0
1777306714.640,227.559,701,0,2,2,0
1777306714.751,227.670,703,0,3,0,0
1777306714.846,227.766,704,0,2,0,0
1777306714.960,227.879,703,0,3,3,0
1777306715.071,227.990,706,0,3,0,0
1777306715.167,228.086,710,0,3,3,0
1777306715.278,228.198,715,0,3,0,0
1777306715.381,228.294,716,0,3,3,0
1777306715.486,228.406,716,0,1,0,0
1777306715.598,228.518,716,0,1,1,0
1777306715.696,228.615,714,0,1,0,0
1777306715.807,228.726,715,0,3,3,0
1777306715.902,228.822,714,0,2,0,0
1777306716.014,228.933,714,0,36,36,0
1777306716.110,229.030,714,0,3,0,0
1777306716.222,229.141,713,0,2,2,0
1777306716.334,229.253,711,0,2,0,0
1777306716.429,229.349,713,0,3,3,0
1777306716.543,229.462,713,0,2,0,0
1777306716.638,229.557,716,0,3,3,0
1777306716.750,229.669,714,0,2,0,0
1777306716.847,229.766,713,0,3,0,0
1777306716.958,229.877,714,0,3,3,0
1777306717.053,229.973,716,0,2,0,0
1777306717.166,230.085,716,0,2,2,0
1777306717.278,230.197,718,0,2,0,0
1777306717.374,230.293,718,0,1,1,0
1777306717.484,230.404,718,0,3,0,0
1777306717.582,230.501,718,0,3,3,0
1777306717.692,230.612,716,0,2,0,0
1777306717.806,230.724,714,0,2,2,0
1777306717.900,230.820,712,0,3,0,0
1777306718.013,230.932,711,0,2,2,0
1777306718.110,231.029,712,0,2,0,0
1777306718.221,231.140,712,0,2,2,0
1777306718.317,231.237,715,0,1,0,0
1777306718.430,231.349,718,0,2,2,0
1777306718.540,231.460,720,0,2,0,0
1777306718.636,231.556,720,0,3,3,0
1777306718.749,231.668,722,0,3,0,0
1777306718.847,231.765,721,0,3,0,0
1777306718.957,231.876,720,0,4,4,0
1777306719.053,231.973,721,0,2,0,0
1777306719.164,232.084,722,0,3,3,0
1777306719.275,232.195,721,0,2,0,0
1777306719.373,232.292,722,0,2,2,0
1777306719.488,232.404,721,0,3,0,0
1777306719.581,232.500,721,0,3,3,0
1777306719.692,232.611,720,0,2,0,0
1777306719.788,232.708,722,0,2,2,0
1777306719.900,232.819,722,0,2,0,0
1777306720.013,232.931,723,0,3,3,0
1777306720.109,233.028,723,0,3,0,0
1777306720.219,233.139,723,0,3,3,0
1777306720.317,233.235,723,0,3,0,0
1777306720.429,233.347,722,0,3,3,0
1777306720.524,233.443,721,0,2,0,0
1777306720.635,233.555,722,0,2,2,0
1777306720.747,233.666,722,0,3,0,0
1777306720.844,233.763,724,0,3,3,0
1777306720.955,233.874,724,0,2,0,0
1777306721.051,233.971,725,0,3,3,0
1777306721.165,234.083,725,0,3,0,0
1777306721.261,234.179,725,0,3,0,0
1777306721.371,234.290,725,0,2,2,0
1777306721.483,234.402,724,0,2,0,0
1777306721.580,234.499,725,0,2,2,0
1777306721.691,234.610,726,0,3,0,0
1777306721.787,234.706,726,0,2,2,0
1777306721.899,234.818,726,0,3,0,0
1777306721.996,234.915,725,0,3,3,0
1777306722.107,235.026,726,0,2,0,0
1777306722.218,235.137,726,0,3,3,0
1777306722.314,235.234,726,0,3,0,0
1777306722.426,235.345,727,0,3,3,0
1777306722.523,235.442,727,0,3,0,0
1777306722.634,235.553,727,0,3,3,0
1777306722.729,235.649,726,0,3,0,0
1777306722.841,235.761,726,0,2,2,0
1777306722.954,235.873,726,0,4,0,0
1777306723.050,235.970,727,0,2,2,0
1777306723.162,236.081,726,0,3,0,0
1777306723.259,236.178,726,0,2,2,0
1777306723.370,236.289,727,0,2,0,0
1777306723.466,236.385,726,0,2,0,0
1777306723.579,236.497,725,0,3,3,0
1777306723.689,236.608,725,0,2,0,0
1777306723.785,236.705,724,0,3,3,0
1777306723.897,236.817,723,0,3,0,0
1777306723.994,236.913,724,0,3,3,0
1777306724.105,237.025,724,0,2,0,0
1777306724.201,237.121,725,0,2,2,0
1777306724.313,237.232,725,0,4,0,0
1777306724.425,237.344,724,0,4,4,0
1777306724.520,237.440,724,0,3,0,0
1777306724.633,237.552,725,0,3,3,0
1777306724.730,237.649,724,0,3,0,0
1777306724.842,237.761,723,0,3,3,0
1777306724.936,237.856,724,0,3,0,0
1777306725.049,237.968,724,0,2,2,0
1777306725.160,238.079,722,0,2,0,0
1777306725.256,238.176,723,0,3,3,0
1777306725.368,238.287,722,0,2,0,0
1777306725.465,238.384,724,0,3,0,0
1777306725.576,238.496,724,0,3,3,0
1777306725.671,238.591,723,0,3,0,0
1777306725.784,238.703,725,0,3,3,0
1777306725.897,238.815,725,0,2,0,0
1777306725.992,238.912,725,0,2,2,0
1777306726.104,239.023,725,0,3,0,0
1777306726.200,239.119,724,0,2,2,0
1777306726.313,239.231,725,0,2,0,0
1777306726.408,239.328,726,0,3,3,0
1777306726.520,239.439,725,0,2,0,0
1777306726.631,239.551,727,0,3,3,0
1777306726.729,239.647,725,0,3,0,0
1777306726.839,239.759,726,0,3,3,0
1777306726.935,239.855,726,0,3,0,0
1777306727.046,239.966,726,0,3,3,0
1777306727.143,240.063,726,0,3,0,0
1777306727.255,240.175,725,0,3,3,0
1777306727.366,240.286,727,0,3,0,0
1777306727.463,240.382,727,0,2,2,0
1777306727.574,240.494,728,0,3,0,0
1777306727.671,240.591,728,0,2,0,0
1777306727.782,240.702,727,0,2,2,0
1777306727.878,240.798,727,0,2,0,0
1777306727.992,240.911,728,0,3,3,0
1777306728.102,241.022,728,0,3,0,0
1777306728.198,241.118,728,0,2,2,0
1777306728.309,241.230,728,0,2,0,0
1777306728.406,241.326,730,0,2,2,0
1777306728.517,241.437,727,0,3,0,0
1777306728.614,241.534,729,0,3,3,0
1777306728.725,241.645,729,0,2,0,0
1777306728.837,241.757,727,0,2,2,0
1777306728.933,241.853,727,0,1,0,0
1777306729.045,241.965,727,0,3,3,0
1777306729.142,242.061,727,0,2,0,0
1777306729.254,242.173,728,0,3,3,0
1777306729.350,242.269,728,0,3,0,0
1777306729.462,242.382,728,0,2,2,0
1777306729.574,242.493,727,0,2,0,0
1777306729.670,242.589,727,0,2,2,0
1777306729.782,242.701,727,0,3,0,0
1777306729.879,242.798,727,0,2,2,0
1777306729.989,242.909,727,0,2,0,0
1777306730.086,243.005,727,0,2,0,0
1777306730.198,243.117,726,0,2,2,0
1777306730.309,243.229,726,0,2,0,0
1777306730.405,243.325,727,0,3,3,0
1777306730.517,243.436,726,0,2,0,0
1777306730.612,243.532,727,0,2,2,0
1777306730.724,243.644,726,0,2,0,0
1777306730.836,243.756,726,0,3,3,0
1777306730.932,243.852,726,0,2,0,0
1777306731.044,243.964,725,0,3,3,0
1777306731.140,244.060,725,0,1,0,0
1777306731.252,244.172,725,0,2,2,0
1777306731.348,244.268,726,0,2,0,0
1777306731.460,244.380,726,0,2,2,0
1777306731.556,244.476,726,0,2,0,0
1777306731.668,244.588,727,0,3,3,0
1777306731.780,244.699,726,0,2,0,0
1777306731.875,244.796,727,0,2,2,0
1777306731.987,244.907,727,0,3,0,0
1777306732.083,245.004,726,0,2,0,0
1777306732.195,245.115,726,0,2,2,0
1777306732.291,245.211,726,0,2,0,0
1777306732.403,245.323,726,0,2,2,0
1777306732.516,245.435,726,0,3,0,0
1777306732.611,245.531,726,0,3,3,0
1777306732.723,245.643,727,0,3,0,0
1777306732.819,245.739,726,0,5,5,0
1777306732.931,245.851,727,0,2,0,0
1777306733.042,245.963,727,0,2,2,0
1777306733.139,246.059,727,0,2,0,0
1777306733.250,246.170,727,0,2,2,0
1777306733.347,246.267,727,0,2,0,0
1777306733.459,246.378,727,0,3,3,0
1777306733.554,246.475,727,0,2,0,0
1777306733.666,246.586,727,0,2,2,0
1777306733.762,246.682,726,0,3,0,0
1777306733.874,246.794,727,0,3,3,0
1777306733.986,246.906,727,0,3,0,0
1777306734.082,247.002,726,0,3,3,0
1777306734.195,247.114,726,0,2,0,0
1777306734.292,247.211,727,0,2,0,0
1777306734.403,247.322,725,0,3,3,0
1777306734.498,247.418,727,0,3,0,0
1777306734.612,247.530,726,0,3,3,0
1777306734.721,247.642,727,0,3,0,0
1777306734.818,247.738,726,0,2,2,0
1777306734.931,247.850,727,0,2,0,0
1777306735.027,247.947,727,0,2,2,0
1777306735.138,248.058,727,0,3,0,0
1777306735.250,248.169,726,0,3,3,0
1777306735.350,248.269,726,0,3,0,0
1777306735.460,248.380,726,0,2,2,0
1777306735.554,248.474,725,0,3,0,0
1777306735.665,248.585,725,0,3,3,0
1777306735.763,248.682,725,0,2,0,0
1777306735.874,248.794,725,0,3,3,0
1777306735.970,248.890,723,0,3,0,0
1777306736.083,249.002,725,0,3,3,0
1777306736.194,249.113,726,0,2,0,0
1777306736.290,249.209,724,0,3,3,0
1777306736.402,249.321,724,0,2,0,0
1777306736.498,249.417,725,0,3,0,0
1777306736.609,249.529,723,0,3,3,0
1777306736.705,249.625,724,0,2,0,0
1777306736.818,249.737,724,0,3,3,0
1777306736.930,249.849,725,0,3,0,0
1777306737.026,249.945,723,0,3,3,0
1777306737.137,250.057,725,0,2,0,0
1777306737.233,250.153,723,0,3,3,0
1777306737.347,250.264,724,0,2,0,0
1777306737.457,250.376,725,0,1,1,0
1777306737.552,250.472,724,0,3,0,0
1777306737.665,250.584,723,0,3,3,0
1777306737.763,250.683,722,0,3,0,0
1777306737.872,250.792,723,0,3,3,0
1777306737.972,250.888,722,0,2,0,0
1777306738.082,251.000,723,0,2,2,0
1777306738.176,251.096,722,0,2,0,0
1777306738.288,251.207,722,0,2,2,0
1777306738.399,251.319,722,0,3,0,0
1777306738.498,251.415,723,0,3,3,0
1777306738.607,251.527,723,0,2,0,0
1777306738.704,251.623,723,0,3,0,0
1777306738.815,251.735,723,0,3,3,0
1777306738.912,251.832,722,0,3,0,0
1777306739.024,251.944,722,0,3,3,0
1777306739.135,252.055,723,0,2,0,0
1777306739.232,252.152,723,0,2,2,0
1777306739.346,252.263,721,0,3,0,0
1777306739.441,252.359,721,0,2,2,0
1777306739.552,252.471,722,0,3,0,0
1777306739.663,252.583,720,0,2,2,0
1777306739.762,252.679,721,0,3,0,0
1777306739.872,252.791,722,0,3,3,0
1777306739.967,252.887,721,0,3,0,0
1777306740.080,252.999,721,0,4,4,0
1777306740.178,253.095,721,0,3,0,0
1777306740.287,253.207,720,0,3,3,0
1777306740.399,253.318,720,0,2,0,0
1777306740.497,253.417,721,0,2,2,0
1777306740.606,253.526,720,0,2,0,0
1777306740.703,253.622,719,0,2,2,0
1777306740.815,253.734,721,0,3,0,0
1777306740.913,253.831,720,0,2,0,0
1777306741.024,253.943,719,0,4,4,0
1777306741.119,254.038,721,0,2,0,0
1777306741.231,254.150,719,0,2,2,0
1777306741.342,254.262,719,0,3,0,0
1777306741.439,254.358,719,0,2,2,0
1777306741.550,254.470,720,0,3,0,0
1777306741.647,254.566,719,0,3,3,0
1777306741.758,254.678,719,0,2,0,0
1777306741.870,254.789,719,0,2,2,0
1777306741.966,254.886,719,0,3,0,0
1777306742.079,254.998,719,0,2,2,0
1777306742.175,255.094,719,0,3,0,0
1777306742.286,255.205,720,0,2,2,0
1777306742.382,255.302,720,0,3,0,0
1777306742.494,255.413,720,0,3,3,0
1777306742.605,255.525,720,0,3,0,0
1777306742.702,255.621,720,0,1,1,0
1777306742.813,255.733,719,0,3,0,0
1777306742.910,255.829,720,0,2,2,0
1777306743.022,255.941,720,0,3,0,0
1777306743.118,256.038,719,0,3,0,0
1777306743.230,256.150,719,0,3,3,0
1777306743.325,256.245,719,0,3,0,0
1777306743.437,256.357,720,0,3,3,0
1777306743.549,256.468,719,0,2,0,0
1777306743.646,256.566,719,0,3,3,0
1777306743.756,256.676,719,0,2,0,0
1777306743.853,256.773,720,0,3,3,0
1777306743.965,256.884,718,0,4,0,0
1777306744.077,256.996,720,0,1,1,0
1777306744.173,257.093,719,0,3,0,0
1777306744.285,257.204,720,0,3,3,0
1777306744.382,257.301,719,0,3,0,0
1777306744.494,257.412,717,0,3,3,0
1777306744.589,257.508,719,0,2,0,0
1777306744.700,257.620,718,0,3,3,0
1777306744.812,257.731,718,0,1,0,0
1777306744.909,257.828,718,0,2,2,0
1777306745.021,257.940,718,0,2,0,0
1777306745.117,258.037,717,0,2,2,0
1777306745.229,258.148,719,0,2,0,0
1777306745.325,258.244,718,0,2,0,0
1777306745.436,258.356,719,0,2,2,0
1777306745.531,258.452,718,0,2,0,0
1777306745.646,258.564,716,0,3,3,0
1777306745.757,258.676,718,0,2,0,0
1777306745.855,258.774,718,0,3,3,0
1777306745.964,258.884,718,0,2,0,0
1777306746.061,258.980,718,0,4,4,0
1777306746.171,259.091,719,0,3,0,0
1777306746.283,259.203,720,0,2,2,0
1777306746.381,259.300,719,0,3,0,0
1777306746.492,259.411,719,0,3,3,0
1777306746.588,259.507,719,0,3,0,0
1777306746.699,259.619,719,0,3,3,0
1777306746.797,259.716,719,0,3,0,0
1777306746.908,259.827,719,0,2,2,0
1777306747.018,259.938,719,0,3,0,0
1777306747.115,260.035,719,0,2,2,0
1777306747.228,260.147,719,0,3,0,0
1777306747.324,260.243,719,0,3,3,0
1777306747.435,260.354,720,0,2,0,0
1777306747.531,260.451,719,0,3,0,0
1777306747.644,260.563,719,0,3,3,0
1777306747.755,260.674,719,0,3,0,0
1777306747.851,260.770,720,0,3,3,0
1777306747.963,260.882,720,0,2,0,0
1777306748.060,260.979,719,0,3,3,0
1777306748.169,261.089,720,0,2,0,0
1777306748.266,261.186,719,0,2,2,0
1777306748.378,261.298,718,0,2,0,0
1777306748.491,261.410,719,0,2,2,0
1777306748.587,261.507,719,0,3,0,0
1777306748.698,261.617,719,0,3,3,0
1777306748.794,261.714,718,0,3,0,0
1777306748.905,261.825,719,0,3,3,0
1777306749.003,261.922,720,0,3,0,0
1777306749.114,262.033,719,0,2,2,0
1777306749.226,262.145,719,0,2,0,0
1777306749.322,262.242,719,0,2,2,0
1777306749.433,262.353,719,0,2,0,0
1777306749.531,262.450,719,0,3,3,0
1777306749.642,262.561,718,0,2,0,0
1777306749.739,262.658,719,0,2,0,0
1777306749.850,262.769,719,0,3,3,0
1777306749.962,262.881,717,0,3,0,0
1777306750.056,262.976,718,0,3,3,0
1777306750.169,263.089,718,0,2,0,0
1777306750.265,263.185,718,0,2,2,0
1777306750.376,263.296,718,0,2,0,0
1777306750.473,263.393,718,0,2,2,0
1777306750.585,263.504,718,0,2,0,0
1777306750.696,263.616,718,0,3,3,0
1777306750.793,263.712,719,0,3,0,0
1777306750.904,263.824,718,0,3,3,0
1777306751.002,263.921,719,0,2,0,0
1777306751.114,264.032,719,0,2,2,0
1777306751.212,264.132,718,0,3,0,0
1777306751.320,264.240,719,0,2,2,0
1777306751.432,264.352,718,0,2,0,0
1777306751.528,264.448,720,0,3,3,0
1777306751.640,264.560,720,0,2,0,0
1777306751.737,264.656,720,0,4,0,0
1777306751.847,264.767,719,0,3,3,0
1777306751.944,264.864,721,0,3,0,0
1777306752.056,264.976,722,0,3,3,0
1777306752.167,265.087,721,0,2,0,0
1777306752.263,265.183,720,0,3,3,0
1777306752.375,265.295,722,0,2,0,0
1777306752.472,265.392,723,0,2,2,0
1777306752.583,265.503,722,0,3,0,0
1777306752.679,265.599,722,0,2,2,0
1777306752.791,265.711,723,0,3,0,0
1777306752.904,265.823,723,0,2,2,0
1777306753.000,265.920,723,0,3,0,0
1777306753.112,266.031,724,0,3,3,0
1777306753.208,266.127,724,0,3,0,0
1777306753.319,266.239,724,0,2,2,0
1777306753.415,266.335,724,0,3,0,0
1777306753.527,266.446,726,0,3,3,0
1777306753.639,266.558,724,0,2,0,0
1777306753.736,266.655,726,0,1,1,0
1777306753.846,266.766,725,0,2,0,0
1777306753.945,266.864,724,0,3,3,0
1777306754.054,266.974,724,0,3,0,0
1777306754.151,267.070,724,0,3,0,0
1777306754.263,267.183,724,0,2,2,0
1777306754.376,267.294,722,0,2,0,0
1777306754.470,267.390,724,0,2,2,0
1777306754.583,267.502,724,0,4,0,0
1777306754.680,267.599,725,0,3,3,0
1777306754.791,267.710,724,0,2,0,0
1777306754.886,267.806,723,0,2,2,0
1777306754.997,267.917,724,0,3,0,0
1777306755.110,268.030,724,0,2,2,0
1777306755.206,268.126,724,0,3,0,0
1777306755.318,268.238,723,0,2,2,0
1777306755.414,268.334,723,0,3,0,0
1777306755.527,268.446,723,0,3,3,0
1777306755.622,268.541,722,0,2,0,0
1777306755.734,268.654,723,0,2,2,0
1777306755.846,268.765,722,0,3,0,0
1777306755.942,268.861,721,0,2,2,0
1777306756.053,268.973,722,0,3,0,0
1777306756.151,269.070,721,0,3,3,0
1777306756.262,269.181,721,0,3,0,0
1777306756.357,269.277,722,0,2,0,0
1777306756.470,269.390,721,0,3,3,0
1777306756.583,269.500,721,0,3,0,0
1777306756.678,269.597,723,0,3,3,0
1777306756.788,269.708,722,0,2,0,0
1777306756.886,269.805,724,0,3,3,0
1777306756.998,269.917,722,0,1,0,0
1777306757.093,270.013,722,0,4,4,0
1777306757.205,270.125,722,0,2,0,0
1777306757.316,270.236,721,0,3,3,0
1777306757.414,270.333,723,0,3,0,0
1777306757.524,270.444,723,0,2,2,0
1777306757.622,270.541,723,0,4,0,0
1777306757.733,270.652,723,0,3,3,0
1777306757.828,270.748,722,0,3,0,0
1777306757.942,270.861,723,0,3,3,0
1777306758.052,270.972,722,0,2,0,0
1777306758.148,271.068,724,0,2,2,0
1777306758.261,271.180,725,0,2,0,0
1777306758.356,271.275,725,0,3,3,0
1777306758.469,271.388,726,0,3,0,0
1777306758.564,271.484,727,0,2,0,0
1777306758.677,271.596,728,0,2,2,0
1777306758.788,271.708,727,0,3,0,0
1777306758.884,271.804,726,0,2,2,0
1777306758.996,271.915,726,0,3,0,0
1777306759.092,272.012,726,0,2,2,0
1777306759.203,272.123,727,0,2,0,0
1777306759.301,272.220,727,0,2,2,0
1777306759.412,272.332,727,0,2,0,0
1777306759.526,272.443,727,0,2,2,0
1777306759.620,272.539,728,0,3,0,0
1777306759.731,272.651,728,0,2,2,0
1777306759.829,272.747,727,0,2,0,0
1777306759.939,272.859,728,0,3,3,0
1777306760.036,272.955,726,0,2,0,0
1777306760.147,273.067,728,0,2,2,0
1777306760.259,273.178,728,0,4,0,0
1777306760.355,273.275,728,0,2,2,0
1777306760.467,273.386,728,0,2,0,0
1777306760.564,273.483,728,0,3,3,0
1777306760.675,273.594,727,0,2,0,0
1777306760.771,273.691,728,0,2,0,0
1777306760.883,273.802,727,0,2,2,0
1777306760.994,273.914,727,0,2,0,0
1777306761.091,274.010,725,0,2,2,0
1777306761.203,274.122,727,0,2,0,0
1777306761.299,274.218,725,0,3,3,0
1777306761.410,274.329,725,0,3,0,0
1777306761.522,274.441,726,0,2,2,0
1777306761.618,274.538,725,0,3,0,0
1777306761.729,274.649,725,0,3,3,0
1777306761.826,274.746,725,0,3,0,0
1777306761.938,274.857,725,0,3,3,0
1777306762.036,274.956,727,0,1,0,0
1777306762.149,275.067,724,1,3,3,0
1777306762.244,275.162,724,0,2,0,0
1777306762.354,275.273,724,0,3,3,0
1777306762.469,275.385,723,0,3,0,0
1777306762.561,275.481,724,0,3,3,0
1777306762.673,275.593,723,0,4,0,0
1777306762.769,275.689,723,0,3,3,0
1777306762.881,275.801,723,0,3,0,0
1777306762.978,275.897,723,0,2,0,0
1777306763.090,276.009,723,0,2,2,0
1777306763.201,276.120,723,0,2,0,0
1777306763.297,276.217,724,0,2,2,0
1777306763.410,276.329,723,0,2,0,0
1777306763.505,276.424,724,0,2,2,0
1777306763.617,276.536,723,0,2,0,0
1777306763.729,276.648,724,0,3,3,0
1777306763.824,276.744,725,0,3,0,0
1777306763.937,276.856,724,0,4,4,0
1777306764.032,276.952,723,0,3,0,0
1777306764.147,277.064,725,0,2,2,0
1777306764.242,277.160,725,0,2,0,0
1777306764.353,277.272,725,0,2,2,0
1777306764.453,277.373,725,0,2,0,0
1777306764.561,277.480,726,0,2,2,0
1777306764.673,277.592,725,0,2,0,0
1777306764.772,277.688,726,0,2,2,0
1777306764.880,277.799,725,0,3,0,0
1777306764.977,277.896,725,0,3,3,0
1777306765.089,278.008,726,0,2,0,0
1777306765.184,278.104,726,0,3,0,0
1777306765.295,278.215,727,0,1,1,0
1777306765.408,278.328,727,0,2,0,0
1777306765.505,278.424,727,0,3,3,0
1777306765.616,278.535,727,0,3,0,0
1777306765.714,278.633,727,0,3,3,0
1777306765.826,278.744,726,0,2,0,0
1777306765.935,278.855,727,0,2,2,0
1777306766.031,278.951,726,0,3,0,0
1777306766.143,279.063,728,0,2,2,0
1777306766.240,279.159,726,0,3,0,0
1777306766.351,279.271,727,0,2,2,0
1777306766.448,279.367,726,0,3,0,0
1777306766.559,279.478,726,0,2,2,0
1777306766.671,279.590,726,0,2,0,0
1777306766.767,279.686,726,0,3,3,0
1777306766.879,279.798,726,0,2,0,0
1777306766.976,279.895,726,0,2,2,0
1777306767.088,280.007,725,0,3,0,0
1777306767.184,280.103,725,0,2,2,0
1777306767.295,280.215,726,0,3,0,0
1777306767.390,280.310,724,0,4,0,0
1777306767.503,280.422,725,0,2,2,0
1777306767.616,280.534,725,0,2,0,0
1777306767.711,280.630,725,0,2,2,0
1777306767.823,280.742,724,0,2,0,0
1777306767.919,280.838,724,0,3,3,0
1777306768.030,280.950,724,0,3,0,0
1777306768.143,281.062,724,0,3,3,0
1777306768.238,281.158,724,0,1,0,0
1777306768.351,281.270,724,0,3,3,0
1777306768.447,281.366,723,0,3,0,0
1777306768.558,281.478,723,0,2,2,0
1777306768.655,281.574,723,0,3,0,0
1777306768.766,281.685,724,0,3,3,0
1777306768.878,281.797,723,0,4,0,0
1777306768.974,281.893,724,0,4,4,0
1777306769.086,282.005,724,0,2,0,0
1777306769.182,282.101,724,0,3,3,0
1777306769.294,282.213,724,0,2,0,0
1777306769.389,282.309,722,0,2,2,0
1777306769.502,282.421,724,0,2,0,0
1777306769.597,282.517,723,0,3,0,0
1777306769.709,282.628,723,0,3,3,0
1777306769.821,282.740,723,0,2,0,0
1777306769.917,282.837,724,0,2,2,0
1777306770.029,282.948,723,0,3,0,0
1777306770.125,283.045,723,0,2,2,0
1777306770.237,283.156,723,0,3,0,0
1777306770.348,283.268,722,0,3,3,0
1777306770.446,283.365,724,0,2,0,0
1777306770.556,283.476,723,0,2,2,0
1777306770.654,283.573,724,0,2,0,0
1777306770.764,283.684,724,0,3,3,0
1777306770.861,283.780,723,0,2,0,0
1777306770.973,283.893,724,0,3,3,0
1777306771.084,284.004,724,0,3,0,0
1777306771.180,284.100,724,0,2,2,0
1777306771.292,284.212,724,0,3,0,0
1777306771.389,284.308,724,0,2,2,0
1777306771.500,284.419,724,0,2,0,0
1777306771.596,284.516,724,0,2,0,0
1777306771.709,284.628,724,0,2,2,0
1777306771.805,284.724,725,0,2,0,0
1777306771.915,284.835,724,0,3,3,0
1777306772.028,284.947,725,0,2,0,0
1777306772.125,285.043,725,0,3,3,0
1777306772.236,285.155,725,0,2,0,0
1777306772.331,285.251,726,0,3,3,0
1777306772.443,285.363,725,0,3,0,0
1777306772.555,285.475,726,0,2,2,0
1777306772.651,285.570,726,0,3,0,0
1777306772.763,285.683,726,0,3,3,0
1777306772.861,285.780,725,0,2,0,0
1777306772.971,285.891,726,0,2,2,0
1777306773.069,285.987,725,0,1,0,0
1777306773.179,286.098,726,0,3,3,0
1777306773.292,286.210,725,0,4,0,0
1777306773.387,286.307,725,0,2,2,0
1777306773.499,286.418,726,0,2,0,0
1777306773.596,286.515,726,0,2,2,0
1777306773.709,286.627,725,0,2,0,0
1777306773.803,286.723,725,0,3,3,0
1777306773.916,286.835,727,0,3,0,0
1777306774.025,286.945,725,0,2,0,0
1777306774.122,287.042,725,0,2,2,0
1777306774.233,287.153,726,0,3,0,0
1777306774.331,287.250,724,0,2,2,0
1777306774.443,287.362,724,0,2,0,0
1777306774.539,287.459,725,0,3,3,0
1777306774.650,287.569,725,0,3,0,0
1777306774.762,287.681,725,0,2,2,0
1777306774.858,287.777,724,0,3,0,0
1777306774.970,287.890,725,0,2,2,0
1777306775.066,287.985,724,0,2,0,0
1777306775.177,288.097,725,0,2,2,0
1777306775.273,288.193,723,0,2,0,0
1777306775.386,288.305,724,0,3,3,0
1777306775.497,288.417,723,0,2,0,0
1777306775.594,288.513,724,0,2,2,0
1777306775.708,288.628,723,0,3,0,0
1777306775.802,288.721,724,0,2,2,0
1777306775.913,288.832,724,0,2,0,0
1777306776.010,288.929,724,0,2,0,0
1777306776.122,289.041,724,0,3,3,0
1777306776.233,289.152,724,0,2,0,0
1777306776.330,289.249,724,0,1,1,0
1777306776.441,289.360,724,0,3,0,0
1777306776.537,289.457,724,0,3,3,0
1777306776.650,289.568,724,0,2,0,0
1777306776.746,289.665,723,0,3,3,0
1777306776.857,289.776,724,0,3,0,0
1777306776.970,289.888,724,0,2,2,0
1777306777.064,289.984,724,0,3,0,0
1777306777.177,290.096,723,0,3,3,0
1777306777.273,290.192,723,0,3,0,0
1777306777.384,290.304,724,0,3,3,0
1777306777.481,290.400,724,0,3,0,0
1777306777.593,290.512,724,0,2,2,0
1777306777.704,290.624,724,0,2,0,0
1777306777.800,290.720,724,0,1,1,0
1777306777.912,290.831,725,0,3,0,0
1777306778.008,290.928,726,0,3,3,0
1777306778.119,291.039,725,0,2,0,0
1777306778.216,291.136,725,0,3,0,0
1777306778.331,291.248,725,0,2,2,0
1777306778.441,291.359,725,0,2,0,0
1777306778.536,291.455,726,0,2,2,0
1777306778.648,291.567,725,0,2,0,0
1777306778.745,291.664,725,0,3,3,0
1777306778.856,291.775,725,0,2,0,0
1777306778.952,291.871,725,0,3,3,0
1777306779.064,291.983,725,0,3,0,0
1777306779.175,292.095,725,0,2,2,0
1777306779.272,292.191,725,0,2,0,0
1777306779.383,292.303,726,0,3,3,0
1777306779.479,292.399,725,0,3,0,0
1777306779.591,292.511,725,0,2,2,0
1777306779.687,292.606,725,0,3,0,0
1777306779.799,292.719,724,0,2,2,0
1777306779.913,292.830,725,0,2,0,0
1777306780.007,292.926,724,0,2,2,0
1777306780.119,293.038,724,0,2,0,0
1777306780.216,293.135,725,0,2,2,0
1777306780.327,293.246,723,0,3,0,0
1777306780.422,293.342,723,0,2,0,0
1777306780.535,293.454,724,0,2,2,0
1777306780.645,293.565,723,0,3,0,0
1777306780.743,293.662,723,0,3,3,0
1777306780.853,293.773,722,0,2,0,0
1777306780.950,293.870,722,0,3,3,0
1777306781.062,293.981,722,0,2,0,0
1777306781.159,294.079,722,0,2,2,0
1777306781.271,294.190,722,0,3,0,0
1777306781.382,294.301,721,0,2,2,0
1777306781.479,294.398,721,0,2,0,0
1777306781.590,294.509,721,0,3,3,0
1777306781.686,294.605,721,0,3,0,0
1777306781.798,294.717,721,0,3,3,0
1777306781.893,294.813,721,0,3,0,0
1777306782.006,294.925,720,0,3,3,0
1777306782.117,295.036,721,0,2,0,0
1777306782.213,295.133,720,0,3,3,0
1777306782.326,295.245,721,0,3,0,0
1777306782.421,295.341,720,0,3,3,0
1777306782.533,295.453,719,0,3,0,0
1777306782.645,295.564,720,0,3,3,0
1777306782.742,295.661,720,0,2,0,0
1777306782.853,295.772,720,0,3,0,0
1777306782.949,295.869,720,0,4,4,0
1777306783.062,295.981,720,0,3,0,0
1777306783.158,296.077,721,0,1,1,0
1777306783.269,296.189,722,0,2,0,0
1777306783.365,296.284,720,0,2,2,0
1777306783.476,296.396,722,0,4,0,0
1777306783.588,296.508,721,0,2,2,0
1777306783.685,296.605,721,0,2,0,0
1777306783.796,296.716,722,0,3,3,0
1777306783.893,296.812,723,0,3,0,0
1777306784.004,296.924,723,0,2,2,0
1777306784.100,297.020,722,0,3,0,0
1777306784.212,297.132,722,0,2,2,0
1777306784.323,297.243,723,0,3,0,0
1777306784.419,297.339,723,0,2,2,0
1777306784.532,297.451,724,0,1,0,0
1777306784.630,297.549,723,0,1,1,0
1777306784.740,297.659,723,0,3,0,0
1777306784.852,297.771,723,0,3,3,0
1777306784.948,297.867,724,0,3,0,0
1777306785.059,297.979,724,0,2,0,0
1777306785.156,298.075,725,0,2,2,0
1777306785.268,298.187,724,0,3,0,0
1777306785.364,298.283,724,0,2,2,0
1777306785.476,298.395,724,0,3,0,0
1777306785.573,298.492,724,0,2,2,0
1777306785.683,298.603,723,0,2,0,0
1777306785.796,298.715,724,0,3,3,0
1777306785.892,298.811,724,0,2,0,0
1777306786.003,298.923,724,0,2,2,0
1777306786.102,299.020,723,0,2,0,0
1777306786.211,299.131,723,0,3,3,0
1777306786.308,299.227,723,0,3,0,0
1777306786.419,299.339,723,1,3,3,0
1777306786.531,299.451,723,0,2,0,0
1777306786.629,299.548,722,0,2,2,0
1777306786.739,299.658,722,0,3,0,0
1777306786.838,299.757,722,0,3,3,0
1777306786.947,299.866,722,0,3,0,0
1777306787.060,299.978,722,0,2,2,0
1777306787.154,300.074,722,0,3,0,0
1777306787.268,300.186,722,0,2,0,0
1777306787.363,300.282,720,0,2,2,0
1777306787.474,300.394,720,0,3,0,0
1777306787.571,300.490,720,0,3,3,0
1777306787.682,300.602,719,0,1,0,0
1777306787.779,300.698,720,0,3,3,0
1777306787.890,300.810,719,0,2,0,0
1777306788.002,300.922,719,0,2,2,0
1777306788.098,301.017,718,0,4,0,0
1777306788.210,301.130,718,0,3,3,0
1777306788.307,301.226,716,0,2,0,0
1777306788.418,301.338,718,0,2,2,0
1777306788.514,301.434,719,0,3,0,0
1777306788.625,301.545,718,0,2,2,0
1777306788.740,301.657,718,0,3,0,0
1777306788.836,301.755,719,0,5,5,0
1777306788.949,301.869,718,0,2,0,0
1777306789.042,301.961,719,0,2,2,0
1777306789.154,302.073,719,0,3,0,0
1777306789.266,302.185,720,0,4,4,0
1777306789.361,302.281,720,0,3,0,0
1777306789.475,302.393,720,0,6,0,0
1777306789.571,302.489,719,0,3,3,0
1777306789.681,302.601,719,0,1,0,0
1777306789.777,302.697,718,0,3,3,0
1777306789.889,302.809,718,0,3,0,0
1777306789.985,302.905,717,0,2,2,0
1777306790.097,303.016,716,0,3,0,0
1777306790.209,303.128,714,0,1,1,0
1777306790.305,303.225,713,0,3,0,0
1777306790.416,303.336,714,0,3,3,0
1777306790.513,303.432,712,0,5,0,0
1777306790.625,303.544,713,0,3,3,0
1777306790.721,303.640,711,0,1,0,0
1777306790.835,303.752,710,0,0,0,0
1777306790.946,303.864,705,0,0,0,0
1777306791.040,303.960,704,0,1,1,0
1777306791.153,304.072,704,0,2,0,0
1777306791.249,304.169,705,0,2,2,0
1777306791.361,304.280,707,0,3,0,0
1777306791.474,304.392,708,0,2,2,0
1777306791.571,304.490,711,0,3,0,0
1777306791.680,304.600,712,0,2,0,0
1777306791.776,304.696,711,0,4,4,0
1777306791.888,304.807,713,0,2,0,0
1777306791.984,304.904,711,0,2,2,0
1777306792.096,305.016,709,0,3,0,0
1777306792.193,305.112,707,0,3,3,0
1777306792.303,305.223,707,0,3,0,0
1777306792.416,305.335,706,0,2,2,0
1777306792.512,305.431,708,0,3,0,0
1777306792.623,305.543,709,0,2,2,0
1777306792.720,305.639,710,0,2,0,0
1777306792.831,305.751,709,0,2,2,0
1777306792.928,305.847,711,0,3,0,0
1777306793.039,305.959,710,0,3,3,0
1777306793.151,306.071,709,0,2,0,0
1777306793.247,306.167,708,0,2,2,0
1777306793.361,306.279,709,0,3,0,0
1777306793.457,306.376,709,0,2,2,0
1777306793.567,306.486,708,0,4,0,0
1777306793.679,306.598,708,0,3,3,0
1777306793.775,306.694,708,0,3,0,0
1777306793.886,306.806,708,0,1,0,0
1777306793.982,306.902,708,0,2,2,0
1777306794.095,307.014,709,0,2,0,0
1777306794.190,307.110,708,0,1,1,0
1777306794.302,307.221,708,0,3,0,0
1777306794.415,307.334,707,0,3,3,0
1777306794.511,307.430,708,0,2,0,0
1777306794.621,307.541,709,0,3,3,0
1777306794.718,307.638,709,0,3,0,0
1777306794.831,307.750,712,0,2,2,0
1777306794.927,307.846,712,0,2,0,0
1777306795.039,307.958,714,0,3,3,0
1777306795.134,308.054,716,0,3,0,0
1777306795.246,308.165,717,0,2,2,0
1777306795.358,308.277,719,0,3,0,0
1777306795.454,308.374,720,0,3,3,0
1777306795.565,308.485,723,0,1,0,0
1777306795.662,308.582,723,0,3,3,0
1777306795.774,308.693,725,0,3,0,0
1777306795.885,308.805,725,0,2,2,0
1777306795.981,308.901,726,0,3,0,0
1777306796.093,309.013,725,0,3,0,0
1777306796.189,309.109,726,0,4,4,0
1777306796.301,309.221,725,0,2,0,0
1777306796.398,309.317,726,0,3,3,0
1777306796.511,309.429,717,0,2,0,0
1777306796.622,309.540,713,0,1,1,0
1777306796.718,309.637,704,0,2,0,0
1777306796.829,309.748,708,0,2,2,0
1777306796.925,309.845,710,0,3,0,0
1777306797.036,309.956,720,0,2,2,0
1777306797.133,310.052,723,0,3,0,0
1777306797.245,310.165,722,0,1,1,0
1777306797.341,310.260,719,0,2,0,0
1777306797.454,310.373,707,0,2,2,0
1777306797.565,310.484,701,0,2,0,0
1777306797.662,310.581,700,0,3,3,0
1777306797.772,310.691,695,0,3,0,0
1777306797.869,310.788,694,0,2,2,0
1777306797.979,310.899,698,0,2,0,0
1777306798.092,311.011,709,0,2,2,0
1777306798.191,311.108,711,0,13,0,0
1777306798.300,311.220,712,0,4,0,0
1777306798.396,311.316,712,0,1,1,0
1777306798.508,311.427,711,0,2,0,0
1777306798.604,311.523,710,0,2,2,0
1777306798.716,311.635,707,0,2,0,0
1777306798.828,311.747,706,0,2,2,0
1777306798.924,311.843,704,0,2,0,0
1777306799.036,311.955,704,0,3,3,0
1777306799.132,312.051,704,0,2,0,0
1777306799.244,312.163,705,0,0,0,0
1777306799.339,312.259,707,0,2,0,0
1777306799.451,312.371,709,0,4,4,0
1777306799.548,312.467,707,0,2,0,0
1777306799.662,312.578,707,0,3,3,0
1777306799.773,312.692,705,0,1,0,0
1777306799.867,312.786,704,0,3,3,0
1777306799.978,312.898,703,0,2,0,0
1777306800.075,312.995,701,0,3,3,0
1777306800.188,313.106,703,0,1,0,0
1777306800.298,313.218,703,0,0,0,0
1777306800.395,313.315,704,0,3,0,0
1777306800.507,313.426,705,0,2,0,0
1777306800.602,313.522,705,0,3,3,0
1777306800.715,313.634,706,0,3,0,0
1777306800.812,313.731,705,0,4,4,0
1777306800.921,313.841,704,0,3,0,0
1777306801.033,313.953,703,0,2,2,0
1777306801.130,314.050,702,0,2,0,0
1777306801.242,314.161,704,0,2,2,0
1777306801.337,314.257,703,0,3,0,0
1777306801.449,314.369,703,0,3,3,0
1777306801.545,314.465,704,0,2,0,0
1777306801.657,314.577,707,0,1,1,0
1777306801.769,314.689,707,0,1,0,0
1777306801.864,314.785,707,0,2,2,0
1777306801.978,314.897,708,0,3,0,0
1777306802.075,314.993,707,0,2,2,0
1777306802.186,315.105,706,0,2,0,0
1777306802.284,315.201,706,0,0,0,0
1777306802.533,315.313,705,0,2,0,0
1777306802.535,315.409,706,0,3,0,0
1777306802.743,315.520,708,0,2,2,0
1777306915.523,2.590,0,0,0,0,0
1777306915.538,2.606,0,0,0,0,0
1777306917.505,4.573,703,0,1,0,1
1777306917.616,4.685,703,0,1,1,0
1777306917.729,4.797,704,0,2,2,0
1777306917.824,4.893,705,0,1,0,0
1777306917.936,5.005,708,0,1,1,0
1777306918.032,5.101,709,0,1,0,0
1777306918.144,5.213,709,0,2,2,0
1777306918.240,5.309,708,0,1,0,0
1777306918.352,5.420,706,0,1,1,0
1777306918.448,5.517,703,0,2,0,0
1777306918.561,5.629,701,0,1,0,0
1777306918.673,5.740,700,0,2,2,0
1777306918.768,5.836,703,1,3,0,0
1777306918.879,5.948,706,0,1,1,0
1777306918.980,6.045,708,0,3,0,0
1777306919.089,6.156,708,0,1,1,0
1777306919.184,6.253,708,0,1,0,0
1777306919.295,6.364,707,0,2,2,0
1777306919.408,6.476,704,0,1,0,0
1777306919.504,6.572,703,0,1,1,0
1777306919.616,6.684,703,0,2,0,0
1777306919.711,6.780,705,0,1,1,0
1777306919.824,6.892,707,0,1,0,0
1777306919.935,7.003,708,0,2,2,0
1777306920.031,7.099,710,0,2,0,0
1777306920.143,7.211,709,0,1,1,0
1777306920.239,7.308,708,0,2,0,0
1777306920.352,7.420,708,0,2,2,0
1777306920.448,7.516,706,0,2,0,0
1777306920.561,7.628,707,0,1,1,0
1777306920.673,7.739,705,0,2,0,0
1777306920.768,7.835,692,0,1,0,0
1777306920.879,7.947,495,0,2,2,0
1777306920.975,8.043,359,0,2,0,0
1777306921.087,8.155,283,0,2,2,0
1777306921.183,8.251,261,0,8,0,0
1777306921.297,8.364,230,0,23040,23040,0
1777306921.393,8.459,198,0,0,0,0
1777306921.502,8.570,259,0,400,400,0
1777306921.614,8.682,302,0,5,0,0
1777306921.711,8.779,297,0,1,1,0
1777306921.823,8.891,285,0,1008,0,0
1777306921.917,8.986,281,0,28,0,0
1777306922.030,9.098,297,0,5,5,0
1777306922.126,9.195,330,0,0,0,0
1777306922.239,9.306,380,0,2,2,0
1777306922.334,9.402,584,0,2,0,0
1777306922.447,9.515,694,0,1,1,0
1777306922.557,9.626,700,0,1,0,0
1777306922.654,9.723,703,0,1,1,0
1777306922.766,9.834,704,0,2,0,0
1777306922.877,9.946,706,0,1,1,0
1777306922.973,10.042,707,0,1,0,0
1777306923.087,10.154,707,0,1,1,0
1777306923.182,10.250,707,0,1,0,0
1777306923.294,10.362,707,0,2,2,0
1777306923.390,10.458,705,0,1,0,0
1777306923.502,10.570,706,0,1,1,0
1777306923.613,10.682,706,0,2,0,0
1777306923.710,10.778,706,0,2,2,0
1777306923.821,10.889,706,0,1,0,0
1777306923.917,10.985,706,0,1,1,0
1777306924.028,11.097,707,0,1,0,0
1777306924.126,11.194,706,0,1,1,0
1777306924.237,11.305,706,0,2,0,0
1777306924.333,11.401,704,0,4,0,0
1777306924.444,11.513,704,0,1,1,0
1777306924.559,11.625,703,0,1,0,0
1777306924.652,11.721,704,0,1,1,0
1777306924.763,11.832,704,0,1,0,0
1777306924.862,11.929,705,0,1,1,0
1777306924.972,12.041,704,0,1,0,0
1777306925.084,12.153,704,0,2,2,0
1777306925.180,12.249,702,0,2,0,0
1777306925.292,12.360,692,0,2,2,0
1777306925.387,12.456,633,0,1,0,0
1777306925.499,12.568,429,0,1,1,0
1777306925.596,12.665,422,0,2,0,0
1777306925.711,12.777,464,0,2,2,0
1777306925.803,12.872,485,1,1,0,0
1777306925.915,12.984,484,0,3,3,0
1777306926.027,13.096,474,0,14,0,0
1777306926.123,13.192,478,0,0,0,0
1777306926.235,13.304,480,0,0,0,0
1777306926.331,13.399,482,0,2,2,0
1777306926.443,13.511,475,0,1,0,0
1777306926.540,13.608,468,0,3,3,0
1777306926.652,13.720,467,0,5,0,0
1777306926.747,13.816,471,0,0,0,0
1777306926.859,13.927,472,0,4,4,0
1777306926.970,14.039,469,0,1,0,0
1777306927.067,14.135,467,0,1,1,0
1777306927.178,14.247,466,0,0,0,0
1777306927.276,14.344,466,0,2,2,0
1777306927.387,14.455,464,0,2,0,0
1777306927.499,14.567,462,0,3,3,0
1777306927.595,14.663,466,0,4,0,0
1777306927.706,14.775,462,0,4,4,0
1777306927.802,14.871,461,0,1,0,0
1777306927.914,14.983,456,0,51,51,0
1777306928.010,15.079,450,0,4,0,0
1777306928.122,15.190,440,0,5,5,0
1777306928.233,15.302,425,0,3,0,0
1777306928.331,15.399,410,0,0,0,0
1777306928.443,15.510,403,0,1,0,0
1777306928.538,15.607,400,0,1,1,0
1777306928.650,15.718,394,0,0,0,0
1777306928.746,15.814,387,0,0,0,0
1777306928.858,15.926,386,0,1,0,0
1777306928.970,16.038,387,0,0,0,0
1777306929.068,16.135,383,0,1,0,0
1777306929.178,16.246,379,0,4,4,0
1777306929.274,16.342,378,0,1,0,0
1777306929.385,16.454,377,0,3,3,0
1777306929.482,16.550,375,0,5,0,0
1777306929.594,16.662,374,0,35,35,0
1777306929.706,16.774,374,0,0,0,0
1777306929.802,16.870,373,0,1,0,0
1777306929.914,16.982,364,0,0,0,0
1777306930.009,17.078,345,0,55,0,0
1777306930.121,17.190,333,0,10,10,0
1777306930.233,17.301,302,0,824,0,0
1777306930.330,17.397,292,0,1744,1744,0
1777306930.441,17.509,290,0,328,0,0
1777306930.537,17.605,297,0,944,944,0
1777306930.648,17.717,344,0,89,0,0
1777306930.748,17.813,397,0,376,0,0
1777306930.856,17.925,407,0,56,56,0
1777306930.968,18.036,401,0,117,0,0
1777306931.065,18.133,393,0,5,5,0
1777306931.177,18.245,383,0,37,0,0
1777306931.273,18.341,378,0,1,1,0
1777306931.384,18.453,380,0,0,0,0
1777306931.481,18.549,382,0,1,1,0
1777306931.592,18.661,410,0,5568,0,0
1777306931.688,18.757,413,0,0,0,0
1777306931.801,18.869,414,0,0,0,0
1777306931.912,18.980,453,0,5888,0,0
1777306932.024,19.092,454,0,2400,2400,0
1777306932.121,19.188,428,0,1,0,0
1777306932.216,19.285,402,0,3,3,0
1777306932.328,19.396,393,0,1,0,0
1777306932.425,19.492,393,0,1,1,0
1777306932.536,19.604,391,0,1,0,0
1777306932.647,19.716,390,0,1,1,0
1777306932.743,19.812,388,0,1,0,0
1777306932.855,19.924,380,0,0,0,0
1777306932.952,20.020,359,0,0,0,0
1777306933.063,20.131,347,0,1,1,0
1777306933.176,20.244,333,0,17664,0,0
1777306933.272,20.340,324,0,-16384,0,0
1777306933.383,20.451,391,0,-17408,-17408,0
1777306933.479,20.547,432,0,57,0,0
1777306933.596,20.659,448,0,720,720,0
1777306933.688,20.755,446,0,768,0,0
1777306933.801,20.867,436,0,476,0,0
1777306933.911,20.979,425,0,1040,1040,0
1777306934.007,21.075,421,0,238,0,0
1777306934.119,21.187,419,0,128,128,0
1777306934.215,21.283,410,0,384,0,0
1777306934.327,21.395,385,0,0,0,0
1777306934.423,21.491,395,0,0,0,0
1777306934.534,21.603,401,0,552,0,0
1777306934.631,21.699,405,0,0,0,0
1777306934.743,21.811,409,0,118,0,0
1777306934.855,21.923,409,0,63,63,0
1777306934.950,22.019,406,0,23,0,0
1777306935.062,22.130,394,0,92,92,0
1777306935.159,22.227,387,0,1,0,0
1777306935.270,22.338,384,0,1,1,0
1777306935.366,22.434,392,0,2,0,0
1777306935.478,22.546,372,0,23,23,0
1777306935.590,22.658,362,0,0,0,0
1777306935.686,22.754,363,1,0,0,0
1777306935.797,22.866,370,0,6,6,0
1777306935.893,22.962,375,0,2,0,0
1777306936.005,23.074,376,0,0,0,0
1777306936.101,23.170,377,0,0,0,0
1777306936.213,23.281,378,0,3,3,0
1777306936.326,23.393,377,0,1,0,0
1777306936.422,23.490,374,0,1,1,0
1777306936.533,23.601,374,0,1,0,0
1777306936.629,23.697,376,0,3,3,0
1777306936.742,23.809,377,0,2,0,0
1777306936.838,23.906,377,0,2,2,0
1777306936.949,24.017,377,0,1,0,0
1777306937.061,24.129,372,0,5,5,0
1777306937.158,24.225,326,0,2,0,0
1777306937.270,24.337,289,0,164,164,0
1777306937.365,24.433,276,0,720,0,0
1777306937.478,24.546,256,0,344,344,0
1777306937.573,24.641,249,0,0,0,0
1777306937.685,24.753,295,0,1040,0,0
1777306937.797,24.865,339,0,7,7,0
1777306937.893,24.961,336,0,0,0,0
1777306938.004,25.072,339,0,4,4,0
1777306938.100,25.168,349,0,0,0,0
1777306938.211,25.280,296,0,29,29,0
1777306938.323,25.392,286,0,560,0,0
1777306938.419,25.488,312,0,71,71,0
1777306938.531,25.600,324,0,0,0,0
1777306938.627,25.696,347,0,0,0,0
1777306938.739,25.808,341,0,16,0,0
1777306938.837,25.904,299,0,6,6,0
1777306938.948,26.016,292,0,1,0,0
1777306939.065,26.128,312,0,85,85,0
1777306939.156,26.224,349,0,122,0,0
1777306939.268,26.336,388,0,3,0,0
1777306939.363,26.432,406,0,7,7,0
1777306939.481,26.544,449,0,6,0,0
1777306939.571,26.640,630,0,5,5,0
1777306939.684,26.752,688,0,4,0,0
1777306939.779,26.848,695,0,6,6,0
1777306939.893,26.960,698,0,4,0,0
1777306940.003,27.071,698,0,9,9,0
1777306940.099,27.168,700,0,5,0,0
1777306940.211,27.279,700,0,6,6,0
1777306940.306,27.375,700,0,7,0,0
1777306940.418,27.487,701,0,9,9,0
1777306940.531,27.599,701,0,5,0,0
1777306940.627,27.695,703,0,6,6,0
1777306940.739,27.807,703,0,5,0,0
1777306940.835,27.903,701,0,7,7,0
1777306940.946,28.014,702,0,7,0,0
1777306941.057,28.126,703,0,10,10,0
1777306941.154,28.222,703,0,5,0,0
1777306941.266,28.334,702,0,4,0,0
1777306941.364,28.430,702,0,4,4,0
1777306941.480,28.542,703,0,5,0,0
1777306941.573,28.639,703,0,7,7,0
1777306941.682,28.750,703,0,6,0,0
1777306941.798,28.862,702,0,5,5,0
1777306941.889,28.958,704,0,7,0,0
1777306942.005,29.070,703,0,4,4,0
1777306942.097,29.166,703,0,7,0,0
1777306942.210,29.278,703,0,6,6,0
1777306942.306,29.374,704,0,2,0,0
1777306942.417,29.485,704,0,9,9,0
1777306942.514,29.582,703,0,5,0,0
1777306942.626,29.694,703,0,4,4,0
1777306942.737,29.805,703,0,5,0,0
1777306942.833,29.901,704,0,3,3,0
1777306942.944,30.013,704,0,3,0,0
1777306943.042,30.110,703,0,7,7,0
1777306943.153,30.221,703,0,5,0,0
1777306943.249,30.317,703,0,6,0,0
1777306943.361,30.429,702,0,4,4,0
1777306943.472,30.541,702,0,8,0,0
1777306943.570,30.638,702,0,9,9,0
1777306943.680,30.749,701,0,2,0,0
1777306943.776,30.845,702,0,5,5,0
1777306943.888,30.957,702,0,4,0,0
1777306944.003,31.069,702,0,7,7,0
1777306944.097,31.165,701,0,5,0,0
1777306944.207,31.276,700,0,5,5,0
1777306944.307,31.373,701,0,7,0,0
1777306944.418,31.484,701,0,5,5,0
1777306944.512,31.581,701,0,6,0,0
1777306944.628,31.693,701,0,7,7,0
1777306944.721,31.789,701,0,7,0,0
1777306944.834,31.901,701,0,7,7,0
1777306944.944,32.012,701,0,6,0,0
1777306945.040,32.109,700,0,5,5,0
1777306945.151,32.220,702,0,5,0,0
1777306945.248,32.317,700,0,6,6,0
1777306945.360,32.428,700,0,7,0,0
1777306945.457,32.524,700,0,7,0,0
1777306945.568,32.636,700,0,7,7,0
1777306945.680,32.748,700,0,6,0,0
1777306945.777,32.844,700,0,7,7,0
1777306945.888,32.956,701,0,5,0,0
1777306945.984,33.052,702,0,4,4,0
1777306946.096,33.164,701,0,6,0,0
1777306946.208,33.275,701,0,6,6,0
1777306946.416,33.371,701,0,6,0,0
1777306946.418,33.484,700,0,5,5,0
1777306946.511,33.580,701,0,5,0,0
1777306946.622,33.691,700,0,6,6,0
1777306946.719,33.787,701,0,5,0,0
1777306946.830,33.899,702,0,6,6,0
1777306946.927,33.995,701,0,6,0,0
1777306947.039,34.107,702,0,6,6,0
1777306947.151,34.219,701,0,6,0,0
1777306947.247,34.315,701,0,6,6,0
1777306947.358,34.427,701,0,7,0,0
1777306947.455,34.523,703,0,7,7,0
1777306947.567,34.636,702,0,7,0,0
1777306947.678,34.746,702,0,14,0,0
1777306947.775,34.843,702,0,8,8,0
1777306947.887,34.955,701,0,6,0,0
1777306947.982,35.051,632,0,5,5,0
1777306948.093,35.162,440,0,5,0,0
1777306948.189,35.258,280,0,5,5,0
1777306948.303,35.370,213,0,4,0,0
1777306948.398,35.466,181,0,7,7,0
1777306948.509,35.578,166,0,6,0,0
1777306948.621,35.690,159,0,5,5,0
1777306948.718,35.786,150,0,7,0,0
1777306948.830,35.898,143,0,7,7,0
1777306948.926,35.994,143,0,4,0,0
1777306949.038,36.106,144,0,5,5,0
1777306949.133,36.202,139,0,3,0,0
1777306949.245,36.314,133,0,6,6,0
1777306949.358,36.426,124,0,4,0,0
1777306949.453,36.521,114,0,8,8,0
1777306949.566,36.633,101,0,6,0,0
1777306949.661,36.729,97,0,7,7,0
1777306949.774,36.842,120,0,9,0,0
1777306949.870,36.938,143,0,5,5,0
1777306949.981,37.049,167,0,4,0,0
1777306950.093,37.161,208,0,6,6,0
1777306950.189,37.257,281,0,4,0,0
1777306950.301,37.369,366,0,2,2,0
1777306950.397,37.465,457,0,6,0,0
1777306950.510,37.577,545,0,4,4,0
1777306950.605,37.673,616,0,8,0,0
1777306950.716,37.785,674,0,5,0,0
1777306950.829,37.897,697,0,6,6,0
1777306950.926,37.994,699,0,6,0,0
1777306951.037,38.105,699,0,4,4,0
1777306951.133,38.201,700,0,6,0,0
1777306951.245,38.313,699,0,7,7,0
1777306951.341,38.409,699,0,8,0,0
1777306951.452,38.520,700,0,7,7,0
1777306951.563,38.632,701,0,5,0,0
1777306951.661,38.729,700,0,4,4,0
1777306951.773,38.841,701,0,4,0,0
1777306951.868,38.936,700,0,3,3,0
1777306951.981,39.048,701,0,4,0,0
1777306952.092,39.160,701,0,10,10,0
1777306952.187,39.256,701,0,9,0,0
1777306952.300,39.368,700,0,7,7,0
1777306952.397,39.464,701,0,5,0,0
1777306952.510,39.576,700,0,5,5,0
1777306952.604,39.672,700,0,6,0,0
1777306952.716,39.784,701,0,5,5,0
1777306952.827,39.896,701,0,6,0,0
1777306952.924,39.992,701,0,6,0,0
1777306953.035,40.103,701,0,5,5,0
1777306953.131,40.199,702,0,6,0,0
1777306953.243,40.311,700,0,4,4,0
1777306953.339,40.407,703,0,6,0,0
1777306953.451,40.519,700,0,6,6,0
1777306953.547,40.615,699,0,7,0,0
1777306953.660,40.728,701,0,6,6,0
1777306953.771,40.839,701,0,5,0,0
1777306953.867,40.935,701,0,6,6,0
1777306953.979,41.047,702,0,10,0,0
1777306954.075,41.143,702,0,7,7,0
1777306954.187,41.255,702,0,7,0,0
1777306954.298,41.366,702,0,7,7,0
1777306954.394,41.462,702,0,6,0,0
1777306954.506,41.574,701,0,6,6,0
1777306954.602,41.670,702,0,6,0,0
1777306954.714,41.782,701,0,6,6,0
1777306954.811,41.878,702,0,6,0,0
1777306954.921,41.990,701,0,6,6,0
1777306955.033,42.102,701,0,3,0,0
1777306955.130,42.198,703,0,6,0,0
1777306955.248,42.310,703,0,5,5,0
1777306955.338,42.406,703,0,6,0,0
1777306955.450,42.518,702,0,4,4,0
1777306955.546,42.614,703,0,5,0,0
1777306955.659,42.726,703,0,6,6,0
1777306955.770,42.838,702,0,6,0,0
1777306955.866,42.934,702,0,5,5,0
1777306955.977,43.046,702,0,5,0,0
1777306956.074,43.142,703,0,6,6,0
1777306956.185,43.253,703,0,6,0,0
1777306956.282,43.350,702,0,6,6,0
1777306956.394,43.462,703,0,3,0,0
1777306956.505,43.573,703,0,5,5,0
1777306956.601,43.669,702,0,5,0,0
1777306956.712,43.781,703,0,7,7,0
1777306956.809,43.877,703,0,7,0,0
1777306956.920,43.989,702,0,6,6,0
1777306957.017,44.085,703,0,4,0,0
1777306957.129,44.197,701,0,4,4,0
1777306957.241,44.309,701,0,6,0,0
1777306957.336,44.405,702,0,6,0,0
1777306957.448,44.517,701,0,6,6,0
1777306957.550,44.613,703,0,5,0,0
1777306957.659,44.724,701,0,7,7,0
1777306957.753,44.821,702,0,6,0,0
1777306957.864,44.932,701,0,7,7,0
1777306957.980,45.044,701,0,6,0,0
1777306958.072,45.140,702,0,6,6,0
1777306958.183,45.252,701,0,6,0,0
1777306958.281,45.349,701,0,4,4,0
1777306958.393,45.460,701,0,7,0,0
1777306958.488,45.556,701,0,4,4,0
1777306958.600,45.668,703,0,6,0,0
1777306958.711,45.780,702,0,5,5,0
1777306958.807,45.875,702,0,4,0,0
1777306958.918,45.987,701,0,6,6,0
1777306959.016,46.084,701,0,4,0,0
1777306959.127,46.196,700,0,8,8,0
1777306959.224,46.292,700,0,6,0,0
1777306959.336,46.404,699,0,7,7,0
1777306959.447,46.515,700,0,4,0,0
1777306959.545,46.612,701,0,4,0,0
1777306959.655,46.723,701,0,5,5,0
1777306959.752,46.820,701,0,6,0,0
1777306959.863,46.931,700,0,6,6,0
1777306959.958,47.027,701,0,6,0,0
1777306960.070,47.139,701,0,5,5,0
1777306960.182,47.251,701,0,7,0,0
1777306960.286,47.347,701,0,11,11,0
1777306960.392,47.458,701,0,6,0,0
1777306960.487,47.555,701,0,4,4,0
1777306960.599,47.667,700,0,6,0,0
1777306960.695,47.763,700,0,5,5,0
1777306960.807,47.875,701,0,5,0,0
1777306960.917,47.986,701,0,5,5,0
1777306961.014,48.082,701,0,6,0,0
1777306961.126,48.194,701,0,7,7,0
1777306961.223,48.290,701,0,5,0,0
1777306961.334,48.402,700,0,8,8,0
1777306961.430,48.498,701,0,5,0,0
1777306961.547,48.610,701,0,5,0,0
1777306961.654,48.722,701,0,6,6,0
1777306961.750,48.818,702,0,5,0,0
1777306961.862,48.930,702,0,5,5,0
1777306961.958,49.026,701,0,4,0,0
1777306962.069,49.138,701,0,6,6,0
1777306962.166,49.234,702,0,5,0,0
1777306962.278,49.346,702,0,6,6,0
1777306962.389,49.457,702,0,6,0,0
1777306962.485,49.554,702,0,6,6,0
1777306962.597,49.665,702,0,10,0,0
1777306962.693,49.762,702,0,5,5,0
1777306962.804,49.873,701,0,7,0,0
1777306962.901,49.969,701,0,6,6,0
1777306963.200,50.081,702,0,6,0,0
1777306963.202,50.193,703,0,5,5,0
1777306963.348,50.289,703,0,5,0,0
1777307056.551,2.591,0,0,0,0,0
1777307056.567,2.607,0,0,0,0,0
1777307058.534,4.574,703,0,2,2,0
1777307058.646,4.686,703,0,2,2,0
1777307058.757,4.797,703,0,2,2,0
1777307058.854,4.894,703,0,1,0,0
1777307058.966,5.006,703,0,1,1,0
1777307059.061,5.101,702,0,3,0,0
1777307059.173,5.214,702,0,1,1,0
1777307059.276,5.314,702,0,2,0,0
1777307059.382,5.421,704,0,1,0,0
1777307059.477,5.517,703,0,2,2,0
1777307059.589,5.629,704,0,1,0,0
1777307059.702,5.741,704,0,1,1,0
1777307059.798,5.837,703,0,2,0,0
1777307059.910,5.949,704,0,1,1,0
1777307060.005,6.045,705,0,0,0,0
1777307060.117,6.157,704,0,2,2,0
1777307060.214,6.253,703,0,3,0,0
1777307060.325,6.365,704,0,2,2,0
1777307060.438,6.477,704,0,1,0,0
1777307060.534,6.573,705,0,2,2,0
1777307060.645,6.685,704,0,2,0,0
1777307060.741,6.781,704,0,1,1,0
1777307060.854,6.893,705,0,1,0,0
1777307060.964,7.004,705,0,2,2,0
1777307061.060,7.100,705,0,1,0,0
1777307061.172,7.212,706,0,2,2,0
1777307061.269,7.308,707,0,1,0,0
1777307061.380,7.420,707,0,1,1,0
1777307061.476,7.516,707,0,1,0,0
1777307061.588,7.628,707,0,1,0,0
1777307061.685,7.724,707,0,2,2,0
1777307061.803,7.837,707,0,2,0,0
1777307061.911,7.948,708,0,1,1,0
1777307062.006,8.044,708,0,1,0,0
1777307062.117,8.156,707,0,2,2,0
1777307062.212,8.252,710,0,1,0,0
1777307062.324,8.364,708,0,2,2,0
1777307062.420,8.460,708,0,1,0,0
1777307062.532,8.572,707,0,2,2,0
1777307062.645,8.683,708,1,1,0,0
1777307062.740,8.780,708,0,2,2,0
1777307062.852,8.891,707,0,2,0,0
1777307062.947,8.987,708,0,2,2,0
1777307063.060,9.100,708,0,2,0,0
1777307063.173,9.211,708,0,1,1,0
1777307063.268,9.307,708,0,4,0,0
1777307063.380,9.419,707,0,1,1,0
1777307063.476,9.516,707,0,1,0,0
1777307063.587,9.628,707,0,2,2,0
1777307063.685,9.724,707,0,1,0,0
1777307063.796,9.835,707,0,1,0,0
1777307063.907,9.946,707,0,1,1,0
1777307064.003,10.043,706,0,1,0,0
1777307064.114,10.154,706,0,1,1,0
1777307064.210,10.250,705,0,2,0,0
1777307064.322,10.362,706,0,1,1,0
1777307064.418,10.458,706,0,1,0,0
1777307064.532,10.570,705,0,1,1,0
1777307064.626,10.666,705,0,1,0,0
1777307064.740,10.780,706,0,3,3,0
1777307064.851,10.890,706,0,2,0,0
1777307064.946,10.986,705,0,1,1,0
1777307065.058,11.098,704,0,2,0,0
1777307065.156,11.195,705,0,2,2,0
1777307065.267,11.306,705,0,2,0,0
1777307065.378,11.418,706,0,1,1,0
1777307065.474,11.514,706,0,1,0,0
1777307065.813,11.626,706,0,0,0,0
1777307065.814,11.722,706,0,1,0,0
1777307065.815,11.834,706,0,2,2,0
1777307066.022,11.930,706,0,2,0,0
1777307186.414,2.591,0,0,0,0,0
1777307186.429,2.606,0,0,0,0,0
1777307188.395,4.573,710,0,2,2,0
1777307188.507,4.685,711,0,2,2,0
1777307188.604,4.781,709,0,1,0,0
1777307188.715,4.893,709,0,1,1,0
1777307188.828,5.005,709,0,2,0,0
1777307188.924,5.101,710,0,2,2,0
1777307189.037,5.213,710,0,1,0,0
1777307189.133,5.310,710,0,1,1,0
1777307189.244,5.421,710,0,2,0,0
1777307189.356,5.533,708,0,2,2,0
1777307189.452,5.629,709,0,1,0,0
1777307189.563,5.741,709,0,2,0,0
1777307189.659,5.837,709,0,1,1,0
1777307189.771,5.949,708,0,2,0,0
1777307189.871,6.046,708,0,2,2,0
1777307189.979,6.157,708,0,2,0,0
1777307190.076,6.253,709,0,2,2,0
1777307190.187,6.364,708,0,2,0,0
1777307190.300,6.477,708,0,2,2,0
1777307190.396,6.572,708,0,1,0,0
1777307190.507,6.684,707,0,2,2,0
1777307190.603,6.780,709,0,2,0,0
1777307190.715,6.892,707,0,1,1,0
1777307190.811,6.988,707,0,3,0,0
1777307190.923,7.100,707,0,2,2,0
1777307191.035,7.212,706,0,1,0,0
1777307191.131,7.308,707,0,1,1,0
1777307191.242,7.419,708,0,2,0,0
1777307191.338,7.516,708,0,1,1,0
1777307191.451,7.628,708,0,1,0,0
1777307191.547,7.724,708,0,2,0,0
1777307191.659,7.836,710,0,2,2,0
1777307191.771,7.947,708,0,1,0,0
1777307191.866,8.043,708,0,2,2,0
1777307191.978,8.155,707,0,1,0,0
1777307192.074,8.251,708,0,2,2,0
1777307192.187,8.363,708,0,1,0,0
1777307192.282,8.459,708,0,1,1,0
1777307192.394,8.572,708,0,1,0,0
1777307192.506,8.683,710,0,1,1,0
1777307192.608,8.779,710,0,1,0,0
1777307192.715,8.890,710,0,2,2,0
1777307192.810,8.987,710,0,2,0,0
1777307192.924,9.099,712,0,1,1,0
1777307193.021,9.196,710,0,2,0,0
1777307193.130,9.307,711,0,2,2,0
1777307193.242,9.419,711,0,1,0,0
1777307193.337,9.514,712,0,1,1,0
1777307193.449,9.627,711,0,3,0,0
1777307193.545,9.722,712,0,3,3,0
1777307193.657,9.834,712,0,2,0,0
1777307193.754,9.931,713,0,1,0,0
1777307193.865,10.042,713,0,3,3,0
1777307193.977,10.154,713,0,2,0,0
1777307194.073,10.250,713,0,2,2,0
1777307194.185,10.362,713,0,2,0,0
1777307194.282,10.458,711,0,1,1,0
1777307194.393,10.570,712,0,2,0,0
1777307194.505,10.681,712,1,2,2,0
1777307194.601,10.778,713,0,1,0,0
1777307194.712,10.889,712,0,1,1,0
1777307194.808,10.985,712,3,2,0,0
1777307194.919,11.097,713,0,1,1,0
1777307195.016,11.193,712,0,2,0,0
1777307195.128,11.306,712,0,1,1,0
1777307195.230,11.402,712,0,1,0,0
1777307195.337,11.513,713,0,2,2,0
1777307195.453,11.625,711,0,2,0,0
1777307195.543,11.721,712,0,2,2,0
1777307195.656,11.833,710,0,2,0,0
1777307195.753,11.930,710,0,2,2,0
1777307195.865,12.041,710,0,1,0,0
1777307195.962,12.138,709,0,2,0,0
1777307196.073,12.249,709,0,2,2,0
1777307196.184,12.361,710,0,2,0,0
1777307196.280,12.457,710,0,2,2,0
1777307196.391,12.568,709,0,1,0,0
1777307196.489,12.665,710,0,1,1,0
1777307196.599,12.777,709,0,2,0,0
1777307196.711,12.888,710,0,3,3,0
1777307196.807,12.984,708,0,1,0,0
1777307196.919,13.096,709,0,2,2,0
1777307197.016,13.192,709,0,1,0,0
1777307197.127,13.304,709,0,1,1,0
1777307197.224,13.400,709,0,2,0,0
1777307197.336,13.512,709,0,3,3,0
1777307197.431,13.608,709,0,3,0,0
1777307197.543,13.720,708,0,2,2,0
1777307197.655,13.832,707,0,1,0,0
1777307197.750,13.928,707,0,1,1,0
1777307197.862,14.039,707,0,2,0,0
1777307197.960,14.136,705,0,1,1,0
1777307198.076,14.247,705,0,2,0,0
1777307198.167,14.344,704,0,1,0,0
1777307198.279,14.456,702,0,1,1,0
1777307198.390,14.567,702,0,2,0,0
1777307198.488,14.664,704,0,2,2,0
1777307198.599,14.775,705,0,1,0,0
1777307198.695,14.872,707,0,2,2,0
1777307198.807,14.983,710,0,2,0,0
1777307198.917,15.095,709,0,1,1,0
1777307199.015,15.191,710,0,1,0,0
1777307199.127,15.303,709,0,1,1,0
1777307199.223,15.399,710,0,2,0,0
1777307199.334,15.511,709,0,2,2,0
1777307199.430,15.607,709,0,1,0,0
1777307199.541,15.719,707,0,2,2,0
1777307199.639,15.815,696,0,1,0,0
1777307199.749,15.926,648,0,2,2,0
1777307199.861,16.038,605,0,2,0,0
1777307199.958,16.135,583,0,1,1,0
1777307200.070,16.246,591,0,2,0,0
1777307200.165,16.342,586,0,12,12,0
1777307200.277,16.454,602,0,1,0,0
1777307200.375,16.550,610,1,1,0,0
1777307200.485,16.662,616,0,0,0,0
1777307200.585,16.761,621,0,0,0,0
1777307200.698,16.870,622,1,1,1,0
1777307200.805,16.982,626,0,0,0,0
1777307200.902,17.078,629,0,0,0,0
1777307201.013,17.190,629,0,0,0,0
1777307201.109,17.286,628,0,0,0,0
1777307201.221,17.398,610,0,0,0,0
1777307201.332,17.509,607,0,1,1,0
1777307201.429,17.606,617,0,0,0,0
1777307201.541,17.717,616,0,0,0,0
1777307201.636,17.813,622,0,1,0,0
1777307201.749,17.925,618,0,0,0,0
1777307201.844,18.021,603,1,46,0,0
1777307201.956,18.133,599,0,0,0,0
1777307202.069,18.245,572,0,16384,0,0
1777307202.165,18.341,562,0,0,0,0
1777307202.276,18.453,498,0,0,0,0
1777307202.373,18.549,480,0,0,0,0
1777307202.484,18.661,536,0,0,0,0
1777307202.580,18.757,589,0,0,0,0
1777307202.692,18.869,614,0,4,0,0
1777307202.805,18.981,621,0,3,3,0
1777307202.899,19.077,578,0,0,0,0
1777307203.012,19.189,551,0,0,0,0
1777307203.107,19.285,585,0,0,0,0
1777307203.220,19.397,595,0,4000,4000,0
1777307203.344,19.493,547,0,0,0,0
1777307203.426,19.604,511,0,0,0,0
1777307203.539,19.716,502,0,0,0,0
1777307203.635,19.812,492,0,0,0,0
1777307203.747,19.924,485,0,2,2,0
1777307203.844,20.021,529,0,0,0,0
1777307203.954,20.132,584,0,105,105,0
1777307204.052,20.228,597,0,0,0,0
1777307204.164,20.340,600,0,0,0,0
1777307204.274,20.451,603,0,10,0,0
1777307204.371,20.548,603,0,3,3,0
1777307204.483,20.660,605,0,3,0,0
1777307204.579,20.756,605,0,2,2,0
1777307204.690,20.868,604,0,4,0,0
1777307204.787,20.964,607,0,1,1,0
1777307204.899,21.075,549,0,3,0,0
1777307204.993,21.171,675,1,5,0,0
1777307205.105,21.283,699,1,4,4,0
1777307205.218,21.395,708,0,4,0,0
1777307205.314,21.491,707,0,5,5,0
1777307205.426,21.603,708,0,4,0,0
1777307205.538,21.715,708,0,10,10,0
1777307205.633,21.811,707,0,6,0,0
1777307205.745,21.923,707,0,4,4,0
1777307205.841,22.019,707,0,5,0,0
1777307205.953,22.131,707,0,6,6,0
1777307206.049,22.227,707,0,4,0,0
1777307206.161,22.339,707,0,5,5,0
1777307206.273,22.450,708,0,2,0,0
1777307206.369,22.547,707,0,7,7,0
1777307206.481,22.658,707,0,5,0,0
1777307206.578,22.754,708,0,5,5,0
1777307206.690,22.866,707,0,6,0,0
1777307206.786,22.963,707,0,4,4,0
1777307206.897,23.074,707,0,4,0,0
1777307207.010,23.186,707,0,1,1,0
1777307207.106,23.282,708,0,4,0,0
1777307207.217,23.394,708,0,6,0,0
1777307207.314,23.490,708,0,2,2,0
1777307207.425,23.602,707,0,4,0,0
1777307207.521,23.698,708,0,6,6,0
1777307207.633,23.810,709,0,3,0,0
1777307207.746,23.921,708,0,10,10,0
1777307207.841,24.018,708,0,3,0,0
1777307207.953,24.130,709,0,6,6,0
1777307208.048,24.226,710,0,5,0,0
1777307208.160,24.338,710,0,6,6,0
1777307208.256,24.433,711,0,3,0,0
1777307208.368,24.545,712,0,4,4,0
1777307208.480,24.657,712,0,4,0,0
1777307208.578,24.753,712,0,7,7,0
1777307208.688,24.865,712,0,6,0,0
1777307208.786,24.962,713,0,5,5,0
1777307208.896,25.073,713,0,5,0,0
1777307208.993,25.170,713,0,5,5,0
1777307209.104,25.281,713,0,4,0,0
1777307209.216,25.393,714,0,3,0,0
1777307209.312,25.489,715,0,3,3,0
1777307209.424,25.600,715,0,4,0,0
1777307209.519,25.696,715,0,3,3,0
1777307209.633,25.809,715,0,4,0,0
1777307209.728,25.905,715,0,4,4,0
1777307209.841,26.017,714,0,4,0,0
1777307209.952,26.129,715,0,5,5,0
1777307210.048,26.224,715,0,6,0,0
1777307210.159,26.336,715,0,3,3,0
1777307210.256,26.432,716,0,5,0,0
1777307210.367,26.544,716,0,4,4,0
1777307210.464,26.641,716,0,4,0,0
1777307210.576,26.752,716,0,3,3,0
1777307210.687,26.864,715,0,3,0,0
1777307210.783,26.960,715,0,3,3,0
1777307210.895,27.072,713,0,4,0,0
1777307210.990,27.168,713,0,6,6,0
1777307211.102,27.280,713,0,7,0,0
1777307211.203,27.376,710,0,4,4,0
1777307211.310,27.487,713,0,4,0,0
1777307211.422,27.599,713,0,4,0,0
1777307211.520,27.696,713,0,4,4,0
1777307211.631,27.807,713,0,4,0,0
1777307211.727,27.904,713,0,5,5,0
1777307211.839,28.016,714,0,5,0,0
1777307211.935,28.112,713,0,3,3,0
1777307212.047,28.223,713,0,3,0,0
1777307212.158,28.335,713,0,5,5,0
1777307212.255,28.431,712,0,6,0,0
1777307212.365,28.543,713,0,7,7,0
1777307212.463,28.640,713,0,6,0,0
1777307212.574,28.751,713,0,6,6,0
1777307212.671,28.847,713,0,5,0,0
1777307212.782,28.959,712,0,5,5,0
1777307212.893,29.070,713,0,5,0,0
1777307212.990,29.167,713,0,4,4,0
1777307213.102,29.279,714,0,5,0,0
1777307213.198,29.375,714,0,5,5,0
1777307213.309,29.486,714,0,5,0,0
1777307213.407,29.583,714,0,6,6,0
1777307213.517,29.694,714,0,3,0,0
1777307213.630,29.807,715,0,5,0,0
1777307213.725,29.902,713,0,4,4,0
1777307213.837,30.014,712,0,5,0,0
1777307213.938,30.111,712,0,3,3,0
1777307214.045,30.222,714,0,6,0,0
1777307214.141,30.318,712,0,5,5,0
1777307214.253,30.430,713,0,6,0,0
1777307214.365,30.542,712,0,2,2,0
1777307214.461,30.638,712,0,4,0,0
1777307214.573,30.750,712,0,3,3,0
1777307214.669,30.846,712,0,8,0,0
1777307214.781,30.957,712,0,3,3,0
1777307214.877,31.054,712,0,6,0,0
1777307214.989,31.166,711,0,3,3,0
1777307215.101,31.277,711,0,7,0,0
1777307215.197,31.373,712,0,2,2,0
1777307215.307,31.485,712,0,5,0,0
1777307215.403,31.581,714,0,6,6,0
1777307215.516,31.693,714,0,14,0,0
1777307215.612,31.789,713,0,2,0,0
1777307215.724,31.901,714,0,5,5,0
1777307215.835,32.012,714,0,6,0,0
1777307215.931,32.109,714,0,5,5,0
1777307216.043,32.221,714,0,3,0,0
1777307216.140,32.317,712,0,3,3,0
1777307216.253,32.428,712,0,24,0,0
1777307216.348,32.524,711,0,4,4,0
1777307216.459,32.636,711,0,2,0,0
1777307216.572,32.748,710,0,4,4,0
1777307216.666,32.844,711,0,6,0,0
1777307216.779,32.956,711,0,3,3,0
1777307216.878,33.053,712,0,7,0,0
1777307216.990,33.165,711,0,5,5,0
1777307217.083,33.260,710,0,5,0,0
1777307217.196,33.372,709,0,4,4,0
1777307217.307,33.484,710,0,0,0,0
1777307217.402,33.579,709,0,3,3,0
1777307217.514,33.691,709,0,4,0,0
1777307217.611,33.788,709,0,3,3,0
1777307217.722,33.899,708,0,3,0,0
1777307217.819,33.996,709,0,5,0,0
1777307217.931,34.108,708,0,5,5,0
1777307218.043,34.219,708,0,2,0,0
1777307218.140,34.316,708,0,5,5,0
1777307218.250,34.427,708,0,3,0,0
1777307218.347,34.523,708,0,6,6,0
1777307218.458,34.635,708,0,3,0,0
1777307218.554,34.731,707,0,3,3,0
1777307218.667,34.843,708,0,3,0,0
1777307218.778,34.955,707,0,4,4,0
1777307218.874,35.051,708,0,4,0,0
1777307218.986,35.163,709,0,6,6,0
1777307219.081,35.259,708,0,3,0,0
1777307219.194,35.370,708,0,5,5,0
1777307219.290,35.467,709,0,5,0,0
1777307219.402,35.578,708,0,9,9,0
1777307219.517,35.690,709,0,3,0,0
1777307219.610,35.787,708,0,7,7,0
1777307219.720,35.898,709,0,3,0,0
1777307219.818,35.995,709,0,4,4,0
1777307219.930,36.107,709,0,6,0,0
1777307220.025,36.202,710,0,5,0,0
1777307220.138,36.314,711,0,7,7,0
1777307220.249,36.426,710,0,5,0,0
1777307220.346,36.522,711,0,2,2,0
1777307220.457,36.634,711,0,5,0,0
1777307220.553,36.730,712,0,3,3,0
1777307220.665,36.842,713,0,5,0,0
1777307220.776,36.953,713,0,5,5,0
1777307220.873,37.050,714,0,6,0,0
1777307220.985,37.162,714,0,5,5,0
1777307221.081,37.258,714,0,3,0,0
1777307221.193,37.369,714,0,4,4,0
1777307221.288,37.465,714,0,4,0,0
1777307221.401,37.577,714,0,4,4,0
1777307221.497,37.673,715,0,7,0,0
1777307221.608,37.785,714,0,4,4,0
1777307221.721,37.898,714,0,4,0,0
1777307221.816,37.993,715,0,4,4,0
1777307221.928,38.105,715,0,5,0,0
1777307222.028,38.201,715,0,5,5,0
1777307222.140,38.313,715,0,3,0,0
1777307222.233,38.409,715,0,5,0,0
1777307222.344,38.521,715,0,3,3,0
1777307222.455,38.632,714,0,5,0,0
1777307222.552,38.729,714,0,4,4,0
1777307222.664,38.841,715,0,6,0,0
1777307222.760,38.937,714,0,4,4,0
1777307222.872,39.049,714,0,5,0,0
1777307222.983,39.160,714,0,4,4,0
1777307223.079,39.256,714,0,7,0,0
1777307223.191,39.368,714,0,7,7,0
1777307223.287,39.464,713,0,3,0,0
1777307223.399,39.576,711,0,3,3,0
1777307223.495,39.672,711,0,3,0,0
1777307223.607,39.784,709,0,6,6,0
1777307223.704,39.880,709,0,6,0,0
1777307223.815,39.992,708,0,7,7,0
1777307223.927,40.104,707,0,4,0,0
1777307224.023,40.200,706,0,4,4,0
1777307224.135,40.312,707,0,4,0,0
1777307224.231,40.408,706,0,5,5,0
1777307224.343,40.520,707,0,6,0,0
1777307224.439,40.615,707,0,4,0,0
1777307224.553,40.727,707,0,8,8,0
1777307224.662,40.839,707,0,6,0,0
1777307224.763,40.935,707,0,4,4,0
1777307224.877,41.047,707,0,4,0,0
1777307224.966,41.143,706,0,3,3,0
1777307225.078,41.255,703,0,5,0,0
1777307225.174,41.351,695,0,6,6,0
1777307225.286,41.463,643,0,7,0,0
1777307225.398,41.575,624,0,5,5,0
1777307225.493,41.671,623,0,6,0,0
1777307225.605,41.782,635,64,3,3,0
1777307225.701,41.878,652,0,4,0,0
1777307225.813,41.990,665,0,5,5,0
1777307225.909,42.086,687,0,6,0,0
1777307226.022,42.199,693,0,4,4,0
1777307226.134,42.310,701,0,6,0,0
1777307226.229,42.406,701,0,6,6,0
1777307226.341,42.518,686,0,3,0,0
1777307226.437,42.615,665,0,4,4,0
1777307226.549,42.726,669,4,5,0,0
1777307226.661,42.838,673,49,4,4,0
1777307226.757,42.934,641,100,4,0,0
1777307226.869,43.046,636,89,3,0,0
1777307226.965,43.142,630,117,6,6,0
1777307227.076,43.254,633,126,4,0,0
1777307227.173,43.350,636,99,4,4,0
1777307227.291,43.461,642,89,5,0,0
1777307227.396,43.573,651,103,3,3,0
1777307227.494,43.670,652,129,5,0,0
1777307227.607,43.782,642,110,3,3,0
1777307227.701,43.878,635,113,3,0,0
1777307227.812,43.989,641,98,5,0,0
1777307228.307,44.485,664,350,3,3,0
1777307228.421,44.597,669,0,4,4,0
1777307228.516,44.693,699,0,4,0,0
1777307228.628,44.805,706,0,3,3,0
1777307228.740,44.917,708,0,4,0,0
1777307228.837,45.013,708,0,7,0,0
1777307228.948,45.125,708,0,3,3,0
1777307229.044,45.221,708,0,5,0,0
1777307229.155,45.332,708,0,3,3,0
1777307229.267,45.444,708,0,3,0,0
1777307229.363,45.540,707,0,4,4,0
1777307229.475,45.652,707,0,4,0,0
1777307229.576,45.748,706,0,6,6,0
1777307229.685,45.860,702,0,5,0,0
1777307229.779,45.956,700,0,4,4,0
1777307229.892,46.068,696,0,5,0,0
1777307229.987,46.164,671,0,6,6,0
1777307230.099,46.276,643,0,4,0,0
1777307230.211,46.388,647,0,6,6,0
1777307230.307,46.484,685,0,3,0,0
1777307230.419,46.596,698,0,4,4,0
1777307230.931,47.107,702,999,5,0,0
1777307231.428,47.604,701,991,3,3,0
1777307231.937,48.115,700,981,4,0,0
1777307232.034,48.211,712,0,5,5,0
1777307232.145,48.322,712,0,4,0,0
1777307232.241,48.418,712,2,6,6,0
1777307232.355,48.531,713,0,6,0,0
1777307232.466,48.642,712,0,4,4,0
1777307232.561,48.738,712,0,3,0,0
1777307232.673,48.850,711,0,3,3,0
1777307232.769,48.946,712,0,9,0,0
1777307232.881,49.058,712,0,9,9,0
1777307232.977,49.154,712,0,4,0,0
1777307233.089,49.266,714,0,3,3,0
1777307233.200,49.378,714,0,6,0,0
1777307233.296,49.473,714,0,4,4,0
1777307233.409,49.585,715,0,4,0,0
1777307233.508,49.685,715,0,5,5,0
1777307233.621,49.796,713,0,4,0,0
1777307233.713,49.890,711,0,5,5,0
1777307233.824,50.002,709,0,3,0,0
1777307233.936,50.113,706,0,5,5,0
1777307234.035,50.210,707,0,6,0,0
1777307234.146,50.321,709,0,4,0,0
1777307234.241,50.417,708,0,5,5,0
1777307234.352,50.529,705,0,4,0,0
1777307234.448,50.625,701,0,6,6,0
1777307234.560,50.737,686,0,5,0,0
1777307234.656,50.833,607,0,6,6,0
1777307234.769,50.945,639,0,6,0,0
1777307234.880,51.057,695,0,5,5,0
1777307234.976,51.153,704,0,5,0,0
1777307235.089,51.265,706,0,3,3,0
1777307235.184,51.361,709,0,3,0,0
1777307235.701,51.872,710,741,4,4,0
1777307236.207,52.384,711,993,4,0,0
1777307236.704,52.881,706,996,4,4,0
1777307237.215,53.392,706,998,4,4,0
1777307237.727,53.903,707,995,4,0,0
1777307237.824,53.999,676,0,6,6,0
1777307237.919,54.095,690,0,4,0,0
1777307238.029,54.207,701,0,4,4,0
1777307238.142,54.319,706,0,6,0,0
1777307238.238,54.415,709,0,4,4,0
1777307238.350,54.527,710,0,5,0,0
1777307238.461,54.638,710,0,3,3,0
1777307238.558,54.735,710,0,5,0,0
1777307238.670,54.846,710,0,6,6,0
1777307238.767,54.944,710,0,7,0,0
1777307238.877,55.054,710,0,4,0,0
1777307238.974,55.151,711,0,4,4,0
1777307239.086,55.263,710,0,5,0,0
1777307239.181,55.358,711,0,6,6,0
1777307239.294,55.470,712,0,4,0,0
1777307239.405,55.582,712,0,4,4,0
1777307239.502,55.679,712,0,6,0,0
1777307239.613,55.790,712,0,4,4,0
1777307239.709,55.886,712,0,52,0,0
1777307239.821,55.998,712,0,3,3,0
1777307239.917,56.094,711,0,2,0,0
1777307240.029,56.206,712,0,6,6,0
1777307240.140,56.317,712,0,6,0,0
1777307240.237,56.414,711,0,5,5,0
1777307240.350,56.525,711,0,4,0,0
1777307240.445,56.622,710,0,7,7,0
1777307240.556,56.733,712,0,4,0,0
1777307240.668,56.845,711,0,3,3,0
1777307240.764,56.941,710,0,4,0,0
1777307240.876,57.053,712,0,5,5,0
1777307240.973,57.149,711,0,4,0,0
1777307241.084,57.261,711,0,4,0,0
1777307241.180,57.357,711,0,6,6,0
1777307241.293,57.469,710,0,5,0,0
1777307241.388,57.565,709,0,4,4,0
1777307241.499,57.677,709,0,6,0,0
1777307241.612,57.789,710,0,4,4,0
1777307241.708,57.885,710,0,5,0,0
1777307241.820,57.997,710,0,4,4,0
1777307241.916,58.093,711,0,4,0,0
1777307242.028,58.205,711,0,3,3,0
1777307242.124,58.301,710,0,4,0,0
1777307242.236,58.413,710,0,5,5,0
1777307242.347,58.524,710,0,4,0,0
1777307242.444,58.621,710,0,4,4,0
1777307242.554,58.732,709,0,5,0,0
1777307242.652,58.829,710,0,5,5,0
1777307242.763,58.940,712,0,5,0,0
1777307242.874,59.052,711,0,3,3,0
1777307242.971,59.148,712,0,6,0,0
1777307243.083,59.260,714,0,6,6,0
1777307243.180,59.356,714,0,3,0,0
1777307243.291,59.468,714,0,4,0,0
1777307243.386,59.563,712,0,5,5,0
1777307243.500,59.676,712,0,3,0,0
1777307243.595,59.772,712,0,4,4,0
1777307243.707,59.884,712,0,5,0,0
1777307243.818,59.995,712,0,5,5,0
1777307243.915,60.092,712,0,5,0,0
1777307244.026,60.203,713,0,4,4,0
1777307244.122,60.299,713,0,5,0,0
1777307244.234,60.411,713,0,4,4,0
1777307244.330,60.507,714,0,4,0,0
1777307244.443,60.619,715,0,6,6,0
1777307244.554,60.731,714,0,5,0,0
1777307244.649,60.827,714,0,4,4,0
1777307244.762,60.939,713,0,5,0,0
1777307244.858,61.035,712,0,4,4,0
1777307244.971,61.147,713,0,13,0,0
1777307245.082,61.258,713,0,5,5,0
1777307245.178,61.355,712,0,4,0,0
1777307245.289,61.466,708,0,5,0,0
1777307245.386,61.562,711,0,6,6,0
1777307245.497,61.674,710,0,5,0,0
1777307245.593,61.770,710,0,4,4,0
1777307245.706,61.882,711,0,4,0,0
1777307245.817,61.994,711,0,6,6,0
1777307245.913,62.090,711,0,6,0,0
1777307246.024,62.202,711,0,4,4,0
1777307246.120,62.298,712,0,4,0,0
1777307246.232,62.410,711,0,4,4,0
1777307246.329,62.506,710,0,4,0,0
1777307246.441,62.618,710,0,3,3,0
1777307246.536,62.714,708,0,4,0,0
1777307246.648,62.826,708,0,4,4,0
1777307246.761,62.938,709,0,3,0,0
1777307246.860,63.033,708,0,4,4,0
1777307246.968,63.145,708,0,4,0,0
1777307247.064,63.241,708,0,4,4,0
1777307247.177,63.353,707,0,3,0,0
1777307247.292,63.465,708,0,4,4,0
1777307247.384,63.561,708,0,3,0,0
1777307247.496,63.673,708,0,6,0,0
1777307247.592,63.769,709,0,3,3,0
1777307247.704,63.881,709,0,3,0,0
1777307247.801,63.977,709,0,5,5,0
1777307247.912,64.089,708,0,5,0,0
1777307248.024,64.200,709,0,4,4,0
1777307248.121,64.297,708,0,3,0,0
1777307248.231,64.409,708,0,6,6,0
1777307248.328,64.505,709,0,6,0,0
1777307248.440,64.617,709,0,4,4,0
1777307248.536,64.713,708,0,4,0,0
1777307248.648,64.825,710,0,5,5,0
1777307248.743,64.921,709,0,4,0,0
1777307248.855,65.032,710,0,3,3,0
1777307248.968,65.145,709,0,5,0,0
1777307249.063,65.240,709,0,3,3,0
1777307249.175,65.352,710,0,4,0,0
1777307249.271,65.448,711,0,4,4,0
1777307249.383,65.560,710,0,4,0,0
1777307249.495,65.672,711,0,5,5,0
1777307249.593,65.768,713,0,3,0,0
1777307249.702,65.880,714,0,5,5,0
1777307249.802,65.977,713,0,4,0,0
1777307249.910,66.087,714,0,4,0,0
1777307250.007,66.184,714,0,3,3,0
1777307250.118,66.295,714,0,6,0,0
1777307250.231,66.407,713,0,5,5,0
1777307250.327,66.503,714,2,3,0,0
1777307250.438,66.615,714,0,4,4,0
1777307250.535,66.711,714,0,3,0,0
1777307250.646,66.823,715,0,4,4,0
1777307250.742,66.919,714,0,3,0,0
1777307250.855,67.031,716,0,4,4,0
1777307250.966,67.143,715,0,3,0,0
1777307251.063,67.239,714,0,6,6,0
1777307251.175,67.351,716,0,5,0,0
1777307251.270,67.447,716,0,7,7,0
1777307251.381,67.559,715,0,4,0,0
1777307251.478,67.655,715,0,6,6,0
1777307251.589,67.766,716,0,3,0,0
1777307251.701,67.878,716,0,4,4,0
1777307251.797,67.974,716,0,3,0,0
1777307251.909,68.087,715,0,6,6,0
1777307252.005,68.182,716,0,4,0,0
1777307252.117,68.294,714,0,6,0,0
1777307252.213,68.390,714,0,4,4,0
1777307252.329,68.502,714,0,5,0,0
1777307252.442,68.614,712,0,6,6,0
1777307252.534,68.711,714,0,4,0,0
1777307252.644,68.822,714,0,3,3,0
1777307252.741,68.918,712,0,4,0,0
1777307252.853,69.030,713,0,5,5,0
1777307252.949,69.126,714,0,4,0,0
1777307253.061,69.238,713,0,4,4,0
1777307253.173,69.349,712,0,4,0,0
1777307253.271,69.446,713,0,5,5,0
1777307253.380,69.557,711,0,3,0,0
1777307253.477,69.654,710,0,5,5,0
1777307253.588,69.765,712,0,3,0,0
1777307253.684,69.861,711,0,6,6,0
1777307253.796,69.973,711,0,3,0,0
1777307253.908,70.085,709,0,4,4,0
1777307254.004,70.181,710,0,4,0,0
1777307254.116,70.293,710,0,5,5,0
1777307254.212,70.389,710,0,4,0,0
1777307254.324,70.501,710,0,5,0,0
1777307254.421,70.597,710,0,6,6,0
1777307254.532,70.709,711,0,5,0,0
1777307254.644,70.821,711,0,3,3,0
1777307254.739,70.916,709,0,4,0,0
1777307254.852,71.028,711,0,3,3,0
1777307254.947,71.124,711,0,5,0,0
1777307255.066,71.236,710,0,5,5,0
1777307255.156,71.333,710,0,4,0,0
1777307255.270,71.444,709,0,4,4,0
1777307255.380,71.556,710,0,4,0,0
1777307255.475,71.653,710,0,5,5,0
1777307255.587,71.764,710,0,5,0,0
1777307255.684,71.860,709,0,4,4,0
1777307255.795,71.972,709,0,4,0,0
1777307255.891,72.068,709,0,4,4,0
1777307256.003,72.180,709,0,6,0,0
1777307256.114,72.292,710,0,5,5,0
1777307256.210,72.388,710,0,5,0,0
1777307256.321,72.499,710,0,6,6,0
1777307256.418,72.595,709,0,4,0,0
1777307256.529,72.707,710,0,4,0,0
1777307256.626,72.804,710,0,5,5,0
1777307256.738,72.915,710,0,5,0,0
1777307256.850,73.027,710,0,4,4,0
1777307256.946,73.123,711,0,5,0,0
1777307257.058,73.235,711,0,4,4,0
1777307257.154,73.331,712,0,4,0,0
1777307257.266,73.443,712,1,5,5,0
1777307257.362,73.539,712,0,5,0,0
1777307257.473,73.651,712,0,5,5,0
1777307257.585,73.763,713,0,5,0,0
1777307257.684,73.859,712,0,3,3,0
1777307257.793,73.970,711,0,4,0,0
1777307257.889,74.067,711,0,3,3,0
1777307258.004,74.181,711,0,4,0,0
1777307258.098,74.275,711,0,7,7,0
1777307258.210,74.387,710,0,4,0,0
1777307258.321,74.498,711,0,3,3,0
1777307258.418,74.595,711,0,8,0,0
1777307258.529,74.706,713,0,3,3,0
1777307258.625,74.802,713,0,2,0,0
1777307258.738,74.914,712,0,3,0,0
1777307258.834,75.010,713,0,3,3,0
1777307258.946,75.122,712,0,3,0,0
1777307259.057,75.234,711,0,5,5,0
1777307259.154,75.330,711,0,6,0,0
1777307259.265,75.442,711,0,7,7,0
1777307259.360,75.538,710,0,4,0,0
1777307259.473,75.650,709,0,4,4,0
1777307259.569,75.746,710,0,4,0,0
1777307259.681,75.858,709,0,4,4,0
1777307259.793,75.969,710,0,5,0,0
1777307259.889,76.065,710,0,4,4,0
1777307260.003,76.177,711,0,4,0,0
1777307260.096,76.273,712,0,5,5,0
1777307260.208,76.385,711,0,4,0,0
1777307260.304,76.481,712,0,4,4,0
1777307260.416,76.593,711,0,5,0,0
1777307260.527,76.705,711,0,6,6,0
1777307260.623,76.801,711,0,3,0,0
1777307260.735,76.912,709,0,6,6,0
1777307260.831,77.009,709,0,5,0,0
1777307260.943,77.120,709,0,5,5,0
1777307261.039,77.216,709,0,5,0,0
1777307261.151,77.328,710,0,4,0,0
1777307261.263,77.440,709,0,5,5,0
1777307261.359,77.536,710,0,5,0,0
1777307261.473,77.648,709,0,3,3,0
1777307261.567,77.744,710,0,5,0,0
1777307261.679,77.856,712,0,3,3,0
1777307261.775,77.952,710,0,4,0,0
1777307261.889,78.065,709,0,5,5,0
1777307261.999,78.176,710,0,4,0,0
1777307262.096,78.272,710,0,4,4,0
1777307262.208,78.384,711,1,4,0,0
1777307262.304,78.480,711,0,3,3,0
1777307262.415,78.592,712,0,5,0,0
1777307262.511,78.688,712,0,6,6,0
1777307262.623,78.800,712,0,6,0,0
1777307262.736,78.912,712,0,3,3,0
1777307262.832,79.008,711,0,5,0,0
1777307262.949,79.121,710,0,15,15,0
1777307263.045,79.218,710,0,3,0,0
1777307263.162,79.327,711,1,4,0,0
1777307263.247,79.424,709,0,6,6,0
1777307263.359,79.536,709,0,6,0,0
1777307263.474,79.647,711,0,5,5,0
1777307263.569,79.744,710,0,4,0,0
1777307263.678,79.855,712,0,5,5,0
1777307263.775,79.952,711,0,5,0,0
1777307263.888,80.064,711,0,5,5,0
1777307263.983,80.159,710,0,3,0,0
1777307264.096,80.271,710,0,4,4,0
1777307264.207,80.384,709,0,6,0,0
1777307264.303,80.480,709,0,4,4,0
1777307264.414,80.591,707,0,0,0,0
1777307264.511,80.687,710,0,4,4,0
1777307264.622,80.799,710,0,5,0,0
1777307264.734,80.910,710,0,0,0,0
1777307264.831,81.007,711,0,118,0,0
1777307264.942,81.119,710,0,15,0,0
1777307265.037,81.214,709,0,5,5,0
1777307265.150,81.326,710,0,7,0,0
1777307265.248,81.423,709,0,3,3,0
1777307265.357,81.534,709,0,9,0,0
1777307265.470,81.646,708,0,10,10,0
1777307265.566,81.742,707,0,5,0,0
1777307265.677,81.854,707,0,6,6,0
1777307265.776,81.951,708,0,3,0,0
1777307265.886,82.062,707,0,7,7,0
1777307265.980,82.157,707,0,3,0,0
1777307266.093,82.270,708,0,5,5,0
1777307266.189,82.366,708,0,3,0,0
1777307266.302,82.479,708,0,7,7,0
1777307266.412,82.589,708,0,5,0,0
1777307266.509,82.686,706,0,4,4,0
1777307266.620,82.797,706,0,5,0,0
1777307266.716,82.893,706,0,4,4,0
1777307266.828,83.005,705,0,4,0,0
1777307266.925,83.101,706,0,4,0,0
1777307267.037,83.214,705,0,3,3,0
1777307267.148,83.325,706,0,4,0,0
1777307267.245,83.421,706,0,2,2,0
1777307267.356,83.533,706,0,7,0,0
1777307267.452,83.629,707,0,13,13,0
1777307267.565,83.741,707,0,7,0,0
1777307267.677,83.852,706,0,6,6,0
1777307267.771,83.948,706,0,10,0,0
1777307267.884,84.061,705,0,7,7,0
1777307267.980,84.157,706,0,4,0,0
1777307268.091,84.269,704,0,6,6,0
1777307268.191,84.364,705,0,0,0,0
1777307268.299,84.476,705,0,2,2,0
1777307268.396,84.572,704,0,4,0,0
1777307268.508,84.684,704,0,5,5,0
1777307268.620,84.796,704,0,3,0,0
1777307268.716,84.893,703,0,6,0,0
1777307268.828,85.004,704,0,3,3,0
1777307268.924,85.101,703,0,6,0,0
1777307269.035,85.212,702,0,3,3,0
1777307269.132,85.308,702,0,4,0,0
1777307269.243,85.420,702,0,6,6,0
1777307269.354,85.531,703,0,4,0,0
1777307269.452,85.628,702,0,3,3,0
1777307269.563,85.740,704,0,4,0,0
1777307269.660,85.836,703,0,3,3,0
1777307269.771,85.947,703,0,4,0,0
1777307269.883,86.059,704,0,4,4,0
1777307269.979,86.156,704,0,3,0,0
1777307270.091,86.267,703,0,3,3,0
1777307270.187,86.364,703,0,5,0,0
1777307270.299,86.475,702,0,6,6,0
1777307270.394,86.571,703,0,3,0,0
1777307270.505,86.682,702,0,3,3,0
1777307270.611,86.779,703,0,5,0,0
1777307270.715,86.891,704,0,5,5,0
1777307270.828,87.003,705,0,6,0,0
1777307270.930,87.099,704,0,5,0,0
1777307271.037,87.210,704,0,5,5,0
1777307271.130,87.307,705,0,4,0,0
1777307271.241,87.418,705,2,5,5,0
1777307271.338,87.515,706,0,3,0,0
1777307271.450,87.626,705,0,3,3,0
1777307271.561,87.738,706,0,7,0,0
1777307271.658,87.834,707,0,2,2,0
1777307271.770,87.946,706,0,15,0,0
1777307271.866,88.042,706,0,2,2,0
1777307271.977,88.154,708,0,3,0,0
1777307272.089,88.266,707,0,4,4,0
1777307272.186,88.362,707,0,5,0,0
1777307272.297,88.474,707,0,2,2,0
1777307272.393,88.570,706,0,1,0,0
1777307272.505,88.682,707,0,14,14,0
1777307272.602,88.778,707,0,6,0,0
1777307272.713,88.890,708,0,1,1,0
1777307272.824,89.001,709,0,4,0,0
1777307272.921,89.098,708,0,4,0,0
1777307273.032,89.209,708,0,5,5,0
1777307273.129,89.306,709,0,3,0,0
1777307273.241,89.418,709,0,3,3,0
1777307273.336,89.514,708,0,5,0,0
1777307273.448,89.625,708,0,3,3,0
1777307273.554,89.721,708,0,4,0,0
1777307273.658,89.833,708,0,3,3,0
1777307273.777,89.945,708,0,3,0,0
1777307273.865,90.041,709,0,5,5,0
1777307273.986,90.153,708,0,5,0,0
1777307274.073,90.250,708,0,6,6,0
1777307274.185,90.361,709,0,4,0,0
1777307274.296,90.472,709,0,3,3,0
1777307274.393,90.569,710,0,7,0,0
1777307274.505,90.680,709,0,4,4,0
1777307274.601,90.777,709,0,3,0,0
1777307274.716,90.889,709,0,3,3,0
1777307274.808,90.985,708,0,5,0,0
1777307274.920,91.097,710,0,3,3,0
1777307275.031,91.208,710,0,4,0,0
1777307275.128,91.304,710,0,5,0,0
1777307275.239,91.416,710,0,4,4,0
1777307275.335,91.512,708,0,5,0,0
1777307275.448,91.624,710,0,6,6,0
1777307275.543,91.720,708,0,5,0,0
1777307275.655,91.831,708,0,4,4,0
1777307275.751,91.928,709,0,7,0,0
1777307275.862,92.040,708,0,5,5,0
1777307275.975,92.152,708,0,5,0,0
1777307276.071,92.247,708,0,3,3,0
1777307276.181,92.359,708,0,4,0,0
1777307276.278,92.455,707,0,5,5,0
1777307276.392,92.567,708,0,5,0,0
1777307276.503,92.679,707,0,4,4,0
1777307276.598,92.775,708,0,5,0,0
1777307276.723,92.887,708,0,6,6,0
1777307276.806,92.983,707,0,3,0,0
1777307276.917,93.095,706,0,5,5,0
1777307277.013,93.191,706,0,4,0,0
1777307277.125,93.303,705,0,6,6,0
1777307277.237,93.414,707,0,1,0,0
1777307277.334,93.511,705,0,4,0,0
1777307277.446,93.623,705,0,6,6,0
1777307277.542,93.718,705,0,3,0,0
1777307277.654,93.830,705,0,5,5,0
1777307277.753,93.928,706,0,4,0,0
1777307277.864,94.039,706,0,6,6,0
1777307277.973,94.150,704,0,4,0,0
1777307278.070,94.247,706,0,5,5,0
1777307278.182,94.359,705,0,4,0,0
1777307278.278,94.455,705,0,3,3,0
1777307278.389,94.566,706,0,25,0,0
1777307278.486,94.662,707,0,3,3,0
1777307278.598,94.774,705,0,5,0,0
1777307278.709,94.886,706,0,3,3,0
1777307278.805,94.982,705,0,6,0,0
1777307278.916,95.093,704,0,4,4,0
1777307279.024,95.190,705,0,5,0,0
1777307279.125,95.301,705,0,4,4,0
1777307279.224,95.399,705,0,5,0,0
1777307279.334,95.509,706,1,4,4,0
1777307279.445,95.621,705,0,4,0,0
1777307279.540,95.717,706,0,4,0,0
1777307279.653,95.829,706,0,3,3,0
1777307279.748,95.925,705,0,6,0,0
1777307279.861,96.038,705,0,4,4,0
1777307279.957,96.134,706,0,3,0,0
1777307280.068,96.245,705,0,6,6,0
1777307280.180,96.357,706,0,4,0,0
1777307280.277,96.453,707,0,2,2,0
1777307280.388,96.565,705,0,4,0,0
1777307280.486,96.662,706,0,10,10,0
1777307280.596,96.773,705,0,7,0,0
1777307280.692,96.869,706,0,5,5,0
1777307280.804,96.981,706,0,4,0,0
1777307280.916,97.092,706,0,5,5,0
1777307281.012,97.189,706,0,6,0,0
1777307281.124,97.301,707,0,6,6,0
1777307281.220,97.397,707,0,4,0,0
1777307281.331,97.508,707,0,5,5,0
1777307281.428,97.604,708,0,3,0,0
1777307281.540,97.716,708,0,5,5,0
1777307281.651,97.828,708,0,5,0,0
1777307281.750,97.924,707,0,4,0,0
1777307281.865,98.035,708,0,2,2,0
1777307281.955,98.132,709,0,4,0,0
1777307282.069,98.245,709,0,5,5,0
1777307282.164,98.340,708,0,4,0,0
1777307282.275,98.452,710,0,3,3,0
1777307282.386,98.563,709,0,4,0,0
1777307282.484,98.660,709,0,3,3,0
1777307282.595,98.771,708,0,7,0,0
1777307282.691,98.868,709,0,3,3,0
1777307282.804,98.980,708,0,3,0,0
1777307282.900,99.076,708,0,5,5,0
1777307283.011,99.187,710,0,5,0,0
1777307283.122,99.299,709,0,3,3,0
1777307283.219,99.395,709,0,3,0,0
1777307283.330,99.507,709,0,5,5,0
1777307283.426,99.603,708,0,3,0,0
1777307283.538,99.715,709,0,3,3,0
1777307283.635,99.811,710,0,7,0,0
1777307283.746,99.923,709,0,3,0,0
1777307283.858,100.035,710,0,1,1,0
1777307283.954,100.131,710,0,8,0,0
1777307284.066,100.243,710,0,4,4,0
1777307284.161,100.338,710,0,5,0,0
1777307284.273,100.450,709,0,6,6,0
1777307284.377,100.552,709,0,3,0,0
1777307284.490,100.658,709,1,3,3,0
1777307284.595,100.770,708,0,5,0,0
1777307284.692,100.866,709,0,5,5,0
1777307284.804,100.980,708,0,6,0,0
1777307284.898,101.074,709,0,5,5,0
1777307285.010,101.187,710,0,3,0,0
1777307285.104,101.282,712,0,4,4,0
1777307285.218,101.394,709,0,2,0,0
1777307285.329,101.506,709,0,3,3,0
1777307285.426,101.603,711,0,5,0,0
1777307285.540,101.714,709,0,3,3,0
1777307285.633,101.810,709,0,22,0,0
1777307285.745,101.922,709,0,2,2,0
1777307285.841,102.018,709,0,13,0,0
1777307285.954,102.130,707,0,3,0,0
1777307286.065,102.241,709,0,3,3,0
1777307286.161,102.337,709,0,1,0,0
1777307286.274,102.449,708,0,7,7,0
1777307286.369,102.546,707,0,7,0,0
1777307286.480,102.657,707,0,6,6,0
1777307286.577,102.753,707,0,4,0,0
1777307286.689,102.865,709,0,6,6,0
1777307286.801,102.977,706,0,4,0,0
1777307286.896,103.073,707,1,4,4,0
1777307287.008,103.185,708,0,4,0,0
1777307287.104,103.281,707,0,4,4,0
1777307287.221,103.392,708,0,3,0,0
1777307287.311,103.489,706,0,3,3,0
1777307287.426,103.601,707,0,3,0,0
1777307287.539,103.714,706,0,4,4,0
1777307287.632,103.808,707,0,5,0,0
1777307287.744,103.921,705,0,5,5,0
1777307287.841,104.017,706,0,4,0,0
1777307287.953,104.129,705,0,5,0,0
1777307288.050,104.225,704,0,4,4,0
1777307288.160,104.336,706,0,4,0,0
1777307288.271,104.448,707,0,1,1,0
1777307288.367,104.544,706,0,4,0,0
1777307288.479,104.656,705,0,4,4,0
1777307288.575,104.752,706,0,5,0,0
1777307288.686,104.864,705,0,4,4,0
1777307288.784,104.961,705,0,6,0,0
1777307288.896,105.072,704,0,12,12,0
1777307289.007,105.183,705,0,6,0,0
1777307289.103,105.280,705,0,3,3,0
1777307289.215,105.392,705,0,4,0,0
1777307289.311,105.488,706,0,11,11,0
1777307289.423,105.599,704,0,4,0,0
1777307289.534,105.711,704,0,3,3,0
1777307289.630,105.807,705,0,5,0,0
1777307289.741,105.919,704,0,3,0,0
1777307289.840,106.015,704,0,3,3,0
1777307289.958,106.127,705,0,3,0,0
1777307290.047,106.224,704,0,5,5,0
1777307290.159,106.335,704,0,5,0,0
1777307290.255,106.432,703,0,4,4,0
1777307290.367,106.543,704,0,4,0,0
1777307290.478,106.655,704,0,5,5,0
1777307290.575,106.751,704,0,4,0,0
1777307290.686,106.863,704,0,5,5,0
1777307290.783,106.959,704,0,4,0,0
1777307290.895,107.071,704,0,4,4,0
1777307290.991,107.167,704,0,5,0,0
1777307291.102,107.279,704,0,5,5,0
1777307291.214,107.390,705,0,5,0,0
1777307291.309,107.486,705,0,6,6,0
1777307291.422,107.598,704,0,5,0,0
1777307291.519,107.695,705,0,3,3,0
1777307291.630,107.806,704,0,4,0,0
1777307291.741,107.918,705,0,3,3,0
1777307291.837,108.014,704,0,7,0,0
1777307291.949,108.126,705,0,3,3,0
1777307292.046,108.222,706,0,6,0,0
1777307292.157,108.334,705,0,6,0,0
1777307292.261,108.430,704,0,7,7,0
1777307292.370,108.541,706,0,4,0,0
1777307292.461,108.638,705,0,4,4,0
1777307292.577,108.753,705,0,3,0,0
1777307292.690,108.861,704,0,7,7,0
1777307292.781,108.958,706,0,7,0,0
1777307292.893,109.070,704,0,4,4,0
1777307292.989,109.166,703,0,2,0,0
1777307293.101,109.277,703,0,4,4,0
1777307293.198,109.374,702,0,5,0,0
1777307293.309,109.486,704,0,6,6,0
1777307293.420,109.597,702,0,8,0,0
1777307293.517,109.693,703,0,4,4,0
1777307293.629,109.805,702,0,1,0,0
1777307293.739,109.917,702,0,15,15,0
1777307293.837,110.013,703,0,3,0,0
1777307293.948,110.125,702,0,1,1,0
1777307294.044,110.221,703,0,6,0,0
1777307294.155,110.332,702,0,6,0,0
1777307294.253,110.429,702,0,4,4,0
1777307294.365,110.541,703,0,2,0,0
1777307294.460,110.636,702,0,7,7,0
1777307294.572,110.748,702,0,4,0,0
1777307294.694,110.845,702,0,4,4,0
1777307294.782,110.956,702,0,14,0,0
1777307294.892,111.068,702,0,2,2,0
1777307294.996,111.164,702,0,3,0,0
1777307295.102,111.276,703,0,4,4,0
1777307295.196,111.373,703,0,3,0,0
1777307295.311,111.484,702,0,3,3,0
1777307295.403,111.580,704,1,5,0,0
1777307295.514,111.692,704,0,5,5,0
1777307295.626,111.803,704,0,3,0,0
1777307295.722,111.899,705,0,3,3,0
1777307295.834,112.011,703,0,0,0,0
1777307295.930,112.107,704,0,4,4,0
1777307296.042,112.219,704,0,5,0,0
1777307296.153,112.331,704,0,3,3,0
1777307296.252,112.427,704,0,3,0,0
1777307296.363,112.539,704,0,6,0,0
1777307296.458,112.635,705,0,4,4,0
1777307296.570,112.747,706,0,4,0,0
1777307296.667,112.844,705,0,4,4,0
1777307296.778,112.955,705,0,6,0,0
1777307296.890,113.067,704,0,4,4,0
1777307296.987,113.163,705,0,3,0,0
1777307297.098,113.275,705,0,4,4,0
1777307297.195,113.371,706,0,7,0,0
1777307297.306,113.483,705,0,3,3,0
1777307297.401,113.579,707,0,5,0,0
1777307297.514,113.690,707,0,4,4,0
1777307297.615,113.786,707,0,0,0,0
1777307297.726,113.898,708,0,5,5,0
1777307297.838,114.011,707,0,3,0,0
1777307297.935,114.109,708,0,3,3,0
1777307298.048,114.218,707,0,3,0,0
1777307298.137,114.314,707,0,4,4,0
1777307298.250,114.426,708,0,5,0,0
1777307298.361,114.538,708,0,3,3,0
1777307298.457,114.634,707,0,4,0,0
1777307298.569,114.745,707,0,3,0,0
1777307298.666,114.842,707,0,4,4,0
1777307298.776,114.954,705,0,4,0,0
1777307298.873,115.050,705,0,3,3,0
1777307298.984,115.161,706,0,3,0,0
1777307299.097,115.273,706,0,6,6,0
1777307299.192,115.369,705,0,6,0,0
1777307299.305,115.482,706,0,11,11,0
1777307299.400,115.577,705,0,9,0,0
1777307299.513,115.689,703,0,3,3,0
1777307299.624,115.801,704,0,4352,0,0
1777307299.721,115.897,704,0,2,2,0
1777307299.817,115.994,705,1,3,0,0
1777307299.931,116.106,704,0,7,7,0
1777307300.040,116.217,704,0,3,0,0
1777307300.137,116.313,704,0,6,0,0
1777307300.248,116.425,704,0,5,5,0
1777307300.350,116.521,704,0,10,0,0
1777307300.462,116.632,704,0,5,5,0
1777307300.554,116.729,703,0,2,0,0
1777307300.677,116.840,705,1,5,5,0
1777307300.776,116.952,704,0,6,0,0
1777307300.872,117.049,704,0,4,4,0
1777307300.984,117.161,704,0,3,0,0
1777307301.080,117.257,704,0,8,8,0
1777307301.192,117.368,703,0,5,0,0
1777307301.304,117.480,704,0,2,2,0
1777307301.399,117.576,705,0,5,0,0
1777307301.511,117.688,704,0,3,3,0
1777307301.607,117.784,704,0,4,0,0
1777307301.719,117.895,705,0,5,5,0
1777307301.815,117.992,704,0,3,0,0
1777307301.927,118.104,704,0,5,5,0
1777307302.039,118.215,704,0,5,0,0
1777307302.135,118.312,705,0,3,3,0
1777307302.247,118.424,704,0,5,0,0
1777307302.343,118.520,705,0,5,0,0
1777307302.454,118.631,706,0,4,4,0
1777307302.552,118.728,705,0,7,0,0
1777307302.662,118.839,707,0,5,5,0
1777307302.759,118.936,705,0,3,0,0
1777307302.870,119.047,705,0,6,6,0
1777307302.982,119.159,705,0,5,0,0
1777307303.080,119.255,706,0,4,4,0
1777307303.192,119.367,707,0,5,0,0
1777307303.287,119.464,705,0,3,3,0
1777307303.405,119.574,706,2,3,0,0
1777307303.512,119.686,707,0,6,6,0
1777307303.605,119.783,706,0,4,0,0
1777307303.718,119.895,707,0,5,5,0
1777307303.814,119.990,707,0,6,0,0
1777307303.926,120.103,707,0,6,6,0
1777307304.021,120.198,707,1,5,0,0
1777307304.133,120.310,705,0,3,3,0
1777307304.245,120.422,705,0,3,0,0
1777307304.342,120.519,707,0,4,4,0
1777307304.455,120.630,707,0,4,0,0
1777307304.550,120.726,705,0,3,0,0
1777307304.661,120.838,706,0,5,5,0
1777307304.758,120.934,706,0,5,0,0
1777307304.869,121.046,705,0,5,5,0
1777307304.965,121.142,707,0,4,0,0
1777307305.077,121.254,706,0,2,2,0
1777307305.188,121.365,707,0,6,0,0
1777307305.286,121.462,707,0,5,5,0
1777307305.397,121.574,705,0,13,0,0
1777307305.493,121.670,706,0,3,3,0
1777307305.604,121.781,705,0,1,0,0
1777307305.716,121.893,704,0,1,1,0
1777307305.822,121.989,703,0,3,0,0
1777307305.931,122.101,701,0,5,5,0
1777307306.022,122.197,702,0,5,0,0
1777307306.136,122.311,702,0,9,9,0
1777307306.229,122.406,703,0,10,0,0
1777307306.341,122.517,702,0,3,3,0
1777307306.453,122.629,701,0,2,0,0
1777307306.549,122.725,701,0,2,0,0
1777307306.660,122.837,699,0,4,4,0
1777307306.756,122.933,699,0,6,0,0
1777307306.872,123.044,697,0,4,4,0
1777307306.965,123.141,695,0,6,0,0
1777307307.077,123.253,695,0,8,8,0
1777307307.172,123.349,695,1,2,0,0
1777307307.284,123.461,695,0,3,3,0
1777307307.395,123.572,695,0,3,0,0
1777307307.491,123.668,694,0,1,1,0
1777307307.603,123.780,694,0,3,0,0
1777307307.699,123.876,695,0,6,6,0
1777307307.810,123.987,695,0,4,0,0
1777307307.907,124.084,696,0,4,4,0
1777307308.020,124.196,697,0,5,0,0
1777307308.130,124.307,699,0,7,7,0
1777307308.227,124.404,698,0,3,0,0
1777307308.339,124.515,699,0,3,3,0
1777307308.437,124.614,699,0,5,0,0
1777307308.548,124.723,698,0,6,6,0
1777307308.643,124.820,698,0,6,0,0
1777307308.759,124.935,696,0,4,4,0
1777307308.868,125.044,697,0,6,0,0
1777307308.963,125.139,699,0,5,5,0
1777307309.075,125.251,697,0,2,0,0
1777307309.171,125.347,698,0,5,5,0
1777307309.282,125.459,700,0,4,0,0
1777307309.395,125.571,700,0,4,4,0
1777307309.490,125.667,701,0,19,0,0
1777307309.603,125.779,702,0,2,0,0
1777307309.698,125.875,701,0,8,8,0
1777307309.811,125.987,700,0,4,0,0
1777307309.907,126.083,700,0,6,6,0
1777307310.019,126.194,702,0,1,0,0
1777307310.130,126.306,700,0,3,3,0
1777307310.226,126.403,699,0,3,0,0
1777307310.338,126.514,701,0,0,0,0
1777307310.434,126.611,701,0,9,0,0
1777307310.545,126.722,700,0,3,3,0
1777307310.642,126.818,702,0,3,0,0
1777307310.754,126.931,702,0,5,5,0
1777307310.864,127.042,700,0,6,0,0
1777307310.963,127.138,702,0,4,4,0
1777307311.080,127.250,702,0,4,0,0
1777307311.169,127.346,701,0,8,8,0
1777307311.282,127.458,701,0,5,0,0
1777307311.380,127.554,701,0,0,0,0
1777307311.492,127.666,702,0,4,0,0
1777307311.605,127.777,702,0,3,3,0
1777307311.697,127.873,702,0,4,0,0
1777307311.809,127.985,701,0,1,1,0
1777307311.905,128.082,703,0,14,0,0
1777307312.018,128.193,702,0,4,0,0
1777307312.113,128.290,703,0,2,2,0
1777307312.225,128.401,703,0,6,0,0
1777307312.338,128.513,702,0,0,0,0
1777307312.433,128.610,702,0,5,0,0
1777307312.545,128.721,703,0,3,3,0
1777307312.641,128.817,703,0,4,0,0
1777307312.756,128.931,703,0,3,3,0
1777307312.848,129.025,702,0,5,0,0
1777307312.962,129.137,703,0,5,5,0
1777307313.072,129.248,702,0,3,0,0
1777307313.168,129.345,703,0,4,4,0
1777307313.279,129.456,703,0,6,0,0
1777307313.377,129.553,702,0,5,5,0
1777307313.488,129.664,703,0,4,0,0
1777307313.600,129.776,702,0,5,5,0
1777307313.698,129.872,701,0,5,0,0
1777307313.807,129.984,702,0,4,4,0
1777307313.904,130.080,702,0,4,0,0
1777307314.020,130.192,702,0,20,0,0
1777307314.118,130.292,702,0,7,7,0
1777307314.228,130.400,703,0,5,0,0
1777307314.321,130.497,702,0,5,5,0
1777307314.432,130.608,702,0,0,0,0
1777307314.543,130.720,702,0,2,2,0
1777307314.639,130.816,702,0,4,0,0
1777307314.752,130.928,701,0,7,7,0
1777307314.846,131.024,701,0,6,0,0
1777307314.961,131.136,701,0,32,32,0
1777307315.071,131.247,701,0,12,0,0
1777307315.168,131.344,700,0,4,4,0
1777307315.279,131.455,701,0,2,0,0
1777307315.374,131.551,701,0,5,5,0
1777307315.487,131.663,700,0,4,0,0
1777307315.583,131.760,701,0,5,5,0
1777307315.694,131.871,702,0,4,0,0
1777307315.791,131.968,701,0,10,0,0
1777307315.902,132.079,701,0,3,3,0
1777307316.015,132.191,701,0,1,0,0
1777307316.111,132.288,700,0,2,2,0
1777307316.222,132.399,701,0,4,0,0
1777307316.318,132.495,702,0,13,13,0
1777307316.430,132.607,702,0,5,0,0
1777307316.536,132.703,702,0,2,2,0
1777307316.640,132.814,702,0,7,0,0
1777307316.749,132.926,701,0,0,0,0
1777307316.851,133.025,702,0,2,0,0
1777307316.959,133.134,702,0,0,0,0
1777307317.055,133.231,702,0,3,0,0
1777307317.166,133.343,702,0,5,5,0
1777307317.262,133.439,703,0,6,0,0
1777307317.373,133.550,704,0,3,3,0
1777307317.486,133.663,705,0,3,0,0
1777307317.580,133.758,704,0,6,6,0
1777307317.693,133.870,705,0,5,0,0
1777307317.790,133.966,705,0,6,0,0
1777307317.900,134.078,705,0,1,1,0
1777307317.996,134.174,705,0,4,0,0
1777307318.109,134.286,706,0,6,6,0
1777307318.221,134.397,705,0,6,0,0
1777307318.317,134.494,707,0,5,5,0
1777307318.429,134.606,708,0,5,0,0
1777307318.525,134.702,707,0,4,4,0
1777307318.636,134.813,709,0,4,0,0
1777307318.748,134.925,707,0,3,3,0
1777307318.845,135.021,708,0,3,0,0
1777307318.956,135.133,709,0,4,4,0
1777307319.053,135.230,709,0,4,0,0
1777307319.170,135.341,708,0,5,5,0
1777307319.267,135.437,708,0,4,0,0
1777307319.378,135.549,707,0,7,7,0
1777307319.468,135.645,706,0,4,0,0
1777307319.583,135.759,707,0,3,3,0
1777307319.693,135.868,707,0,4,0,0
1777307319.789,135.965,708,0,4,4,0
1777307319.900,136.077,708,0,4,0,0
1777307319.996,136.173,708,0,6,0,0
1777307320.108,136.285,709,0,5,5,0
1777307320.204,136.381,707,0,5,0,0
1777307320.315,136.492,706,0,3,3,0
1777307320.427,136.604,704,0,3,0,0
1777307320.524,136.701,704,0,6,6,0
1777307320.636,136.812,704,0,6,0,0
1777307320.731,136.908,705,0,6,6,0
1777307320.843,137.020,703,0,5,0,0
1777307320.955,137.131,703,0,3,3,0
1777307321.051,137.228,703,0,3,0,0
1777307321.163,137.340,703,0,3,3,0
1777307321.259,137.436,702,0,4,0,0
1777307321.372,137.549,702,0,5,5,0
1777307321.467,137.644,703,0,5,0,0
1777307321.579,137.756,702,0,5,5,0
1777307321.681,137.852,703,0,7,0,0
1777307321.793,137.964,702,0,4,4,0
1777307321.903,138.075,702,0,4,0,0
1777307322.002,138.171,702,0,6,6,0
1777307322.114,138.283,701,0,5,0,0
1777307322.202,138.379,703,0,3,3,0
1777307322.315,138.492,701,0,5,0,0
1777307322.410,138.587,703,0,3,0,0
1777307322.522,138.699,702,0,4,4,0
1777307322.635,138.811,703,0,6,0,0
1777307322.731,138.907,702,0,3,3,0
1777307322.841,139.018,703,0,3,0,0
1777307322.938,139.115,703,0,7,7,0
1777307323.051,139.227,703,0,0,0,0
1777307323.162,139.338,703,0,2,2,0
1777307323.258,139.435,702,0,23552,0,0
1777307323.371,139.546,702,0,7,7,0
1777307323.466,139.643,703,0,4,0,0
1777307323.577,139.754,703,0,2,2,0
1777307323.674,139.850,702,0,3,0,0
1777307323.786,139.962,701,0,5,5,0
1777307323.897,140.074,701,0,5,0,0
1777307323.993,140.170,700,0,6,6,0
1777307324.106,140.282,701,0,5,0,0
1777307324.201,140.378,702,0,6,0,0
1777307324.313,140.490,700,0,8,8,0
1777307324.409,140.586,702,0,6,0,0
1777307324.521,140.698,702,0,3,3,0
1777307324.617,140.794,702,0,5,0,0
1777307324.735,140.905,703,0,4,4,0
1777307324.849,141.017,702,0,12,0,0
1777307324.937,141.114,702,0,5,5,0
1777307325.049,141.226,702,0,4,0,0
1777307325.145,141.321,700,0,6,6,0
1777307325.256,141.433,701,0,4,0,0
1777307325.369,141.545,702,0,5,5,0
1777307325.465,141.642,701,0,20,0,0
1777307325.576,141.753,701,0,1,1,0
1777307325.674,141.849,701,0,6,0,0
1777307325.786,141.961,702,0,3,3,0
1777307325.881,142.057,701,0,3,0,0
1777307325.992,142.169,701,0,7,7,0
1777307326.104,142.281,701,0,4,0,0
1777307326.200,142.377,701,0,5,0,0
1777307326.313,142.489,700,0,5,5,0
1777307326.408,142.585,699,0,3,0,0
1777307326.519,142.696,700,0,40,40,0
1777307326.617,142.793,700,0,4,0,0
1777307326.728,142.905,700,0,6,6,0
1777307326.822,143.000,701,0,5,0,0
1777307326.936,143.113,701,0,7,7,0
1777307327.047,143.224,700,0,4,0,0
1777307327.143,143.320,701,0,4,4,0
1777307327.268,143.432,699,0,3,0,0
1777307327.353,143.528,699,0,4,4,0
1777307327.469,143.640,700,0,6,0,0
1777307327.581,143.754,700,0,3,3,0
1777307327.671,143.848,700,0,5,0,0
1777307327.783,143.959,701,0,3,3,0
1777307327.879,144.056,700,0,27,0,0
1777307327.991,144.168,701,0,3,3,0
1777307328.086,144.264,701,0,5,0,0
1777307328.198,144.375,700,0,5,0,0
1777307328.310,144.487,700,0,5,5,0
1777307328.406,144.583,701,0,4,0,0
1777307328.520,144.695,700,0,5,5,0
1777307328.616,144.792,700,0,5,0,0
1777307328.726,144.903,700,0,2,2,0
1777307328.823,145.000,701,0,9,0,0
1777307328.935,145.111,700,0,4,4,0
1777307329.031,145.207,701,0,7,0,0
1777307329.142,145.319,700,0,6,6,0
1777307329.254,145.431,702,0,5,0,0
1777307329.350,145.527,701,0,4,4,0
1777307329.462,145.639,701,0,5,0,0
1777307329.558,145.735,700,0,6,6,0
1777307329.670,145.846,703,0,6,0,0
1777307329.782,145.958,702,0,3,3,0
1777307329.888,146.055,702,0,5,0,0
1777307329.989,146.166,703,0,4,4,0
1777307330.088,146.262,704,0,6,0,0
1777307330.203,146.374,704,0,7,7,0
1777307330.293,146.470,704,0,5,0,0
1777307330.406,146.582,704,0,3,0,0
1777307330.522,146.693,704,0,6,6,0
1777307330.613,146.790,703,0,3,0,0
1777307330.725,146.902,704,0,4,4,0
1777307330.821,146.998,703,0,3,0,0
1777307330.934,147.110,702,0,6,6,0
1777307331.030,147.206,704,0,5,0,0
1777307331.142,147.318,703,0,8,8,0
1777307331.253,147.429,705,0,5,0,0
1777307331.350,147.526,703,0,3,3,0
1777307331.461,147.637,704,0,5,0,0
1777307331.556,147.733,704,0,3,3,0
1777307331.669,147.846,704,0,3,0,0
1777307331.766,147.942,705,0,3,3,0
1777307331.876,148.053,703,0,8,0,0
1777307331.988,148.165,703,0,5,5,0
1777307332.085,148.262,703,0,28416,0,0
1777307332.197,148.373,704,0,2,0,0
1777307332.293,148.469,704,0,6,6,0
1777307332.403,148.580,704,0,0,0,0
1777307332.501,148.677,705,0,2,2,0
1777307332.616,148.790,704,0,5,0,0
1777307332.724,148.900,704,0,5,5,0
1777307332.828,148.996,705,0,4,0,0
1777307332.939,149.108,704,0,3,3,0
1777307333.029,149.205,704,0,4,0,0
1777307333.140,149.317,704,0,6,6,0
1777307333.240,149.413,704,0,32,0,0
1777307333.347,149.524,704,0,7,7,0
1777307333.460,149.636,704,0,3,0,0
1777307333.555,149.732,705,0,3,3,0
1777307333.669,149.844,704,0,3,0,0
1777307333.763,149.940,705,0,3,3,0
1777307333.876,150.052,707,0,5,0,0
1777307333.971,150.148,708,0,5,5,0
1777307334.083,150.260,707,0,3,0,0
1777307334.194,150.371,708,0,4,4,0
1777307334.291,150.468,709,0,4,0,0
1777307334.403,150.579,709,0,5,0,0
1777307334.500,150.676,709,0,4,4,0
1777307334.611,150.787,708,0,3,0,0
1777307334.707,150.884,710,0,4,4,0
1777307334.819,150.996,711,0,7,0,0
1777307334.931,151.107,709,0,5,5,0
1777307335.034,151.203,710,0,3,0,0
1777307335.138,151.315,709,0,1,1,0
1777307335.243,151.411,710,0,3,0,0
1777307335.345,151.523,710,0,4,4,0
1777307335.444,151.621,709,0,3,0,0
1777307335.565,151.731,710,0,3,3,0
1777307335.670,151.844,709,0,2,0,0
1777307335.763,151.939,710,0,2,2,0
1777307335.874,152.051,710,0,3,0,0
1777307335.972,152.147,710,0,4,4,0
1777307336.081,152.259,710,0,3,0,0
1777307336.179,152.355,710,0,4,4,0
1777307336.290,152.466,709,0,6,0,0
1777307336.401,152.578,709,0,4,4,0
1777307336.498,152.674,709,0,5,0,0
1777307336.609,152.786,708,0,3,0,0
1777307336.705,152.882,708,0,3,3,0
1777307336.817,152.994,708,0,5,0,0
1777307336.913,153.090,708,0,4,4,0
1777307337.024,153.202,708,0,2,0,0
1777307337.139,153.316,708,0,3,3,0
1777307337.235,153.410,708,0,3,0,0
1777307337.345,153.522,708,0,5,5,0
1777307337.441,153.618,707,0,5,0,0
1777307337.552,153.729,707,0,6,6,0
1777307337.649,153.825,706,0,5,0,0
1777307337.763,153.937,706,0,4,4,0
1777307337.876,154.049,707,0,5,0,0
1777307337.971,154.146,708,0,0,0,0
1777307338.081,154.257,706,0,10,0,0
1777307338.182,154.357,707,0,7,7,0
1777307338.289,154.465,706,0,6,0,0
1777307338.384,154.561,706,0,5,5,0
1777307338.495,154.673,705,0,2,0,0
1777307338.607,154.785,706,0,5,5,0
1777307338.705,154.881,705,0,3,0,0
1777307338.816,154.993,705,0,4,0,0
1777307338.914,155.089,706,0,6,6,0
1777307339.023,155.200,705,0,6,0,0
1777307339.121,155.297,707,0,3,3,0
1777307339.232,155.408,706,0,3,0,0
1777307339.343,155.520,706,0,6,6,0
1777307339.440,155.616,707,0,4,0,0
1777307339.553,155.728,706,0,6,6,0
1777307339.648,155.825,705,0,6,0,0
1777307339.759,155.936,706,0,5,5,0
1777307339.857,156.033,706,0,3,0,0
1777307339.967,156.144,706,0,3,3,0
1777307340.080,156.256,704,0,6,0,0
1777307340.176,156.352,705,0,7,7,0
1777307340.288,156.464,704,0,5,0,0
1777307340.384,156.560,705,0,5,5,0
1777307340.495,156.672,705,0,4,0,0
1777307340.607,156.783,705,0,7,7,0
1777307340.708,156.879,705,0,3,0,0
1777307340.818,156.991,704,0,4,4,0
1777307340.912,157.088,704,0,5,0,0
1777307341.025,157.201,703,0,7,0,0
1777307341.120,157.296,703,0,8,8,0
1777307341.238,157.410,702,0,5,0,0
1777307341.327,157.503,703,0,7,7,0
1777307341.439,157.615,703,0,4,0,0
1777307341.551,157.727,706,0,7,7,0
1777307341.648,157.824,703,0,4,0,0
1777307341.759,157.935,704,0,4,4,0
1777307341.854,158.031,703,0,3,0,0
1777307341.966,158.143,703,0,3,3,0
1777307342.063,158.240,702,0,3,0,0
1777307342.174,158.351,702,0,3,3,0
1777307342.286,158.462,701,0,6,0,0
1777307342.381,158.558,703,0,7,7,0
1777307342.493,158.670,705,0,4,0,0
1777307342.591,158.767,706,0,4,4,0
1777307342.702,158.879,704,0,5,0,0
1777307342.814,158.991,704,0,2,2,0
1777307342.911,159.087,704,0,3,0,0
1777307343.022,159.198,703,0,4,4,0
1777307343.118,159.294,703,0,3,0,0
1777307343.228,159.406,705,0,4,0,0
1777307343.332,159.502,703,0,1,1,0
1777307343.443,159.614,703,0,0,0,0
1777307343.534,159.710,703,0,3,3,0
1777307343.649,159.825,703,0,3,0,0
1777307343.757,159.934,704,0,4,4,0
1777307343.853,160.030,701,0,7,0,0
1777307343.965,160.142,704,0,7,7,0
1777307344.062,160.238,703,0,5,0,0
1777307344.173,160.350,702,0,7,7,0
1777307344.270,160.446,704,0,3,0,0
1777307344.380,160.557,702,0,0,0,0
1777307344.493,160.669,702,0,4,0,0
1777307344.589,160.766,703,1,3,3,0
1777307344.701,160.877,703,0,3,0,0
1777307344.796,160.973,703,0,3,3,0
1777307344.909,161.085,702,0,5,0,0
1777307345.019,161.197,703,0,5,5,0
1777307345.116,161.293,703,0,6,0,0
1777307345.229,161.405,702,0,3,3,0
1777307345.324,161.501,702,0,3,0,0
1777307345.436,161.612,702,0,3,0,0
1777307345.531,161.708,703,0,9,9,0
1777307345.644,161.821,703,0,3,0,0
1777307345.755,161.932,702,0,6,6,0
1777307345.852,162.029,704,0,5,0,0
1777307345.964,162.140,704,0,3,3,0
1777307346.066,162.236,704,0,4,0,0
1777307346.173,162.348,705,0,5,5,0
1777307346.275,162.448,705,0,3,0,0
1777307346.381,162.556,705,0,5,5,0
1777307346.475,162.652,705,0,5,0,0
1777307346.587,162.764,705,0,6,6,0
1777307346.700,162.876,706,0,6,0,0
1777307346.795,162.972,706,1,5,5,0
1777307346.906,163.083,705,0,5,0,0
1777307347.003,163.180,705,0,4,4,0
1777307347.115,163.292,704,0,4,0,0
1777307347.227,163.403,704,0,3,3,0
1777307347.323,163.499,704,0,5,0,0
1777307347.436,163.611,703,0,5,5,0
1777307347.532,163.708,705,0,5,0,0
1777307347.643,163.819,704,0,3,0,0
1777307347.740,163.916,705,0,4,4,0
1777307347.852,164.027,705,0,5,0,0
1777307347.963,164.139,705,0,6,6,0
1777307348.058,164.235,705,0,5,0,0
1777307348.171,164.347,704,0,5,5,0
1777307348.267,164.443,704,0,3,0,0
1777307348.378,164.555,707,0,4,4,0
1777307348.479,164.651,707,0,3,0,0
1777307348.587,164.762,705,0,4,4,0
1777307348.688,164.859,704,0,5,0,0
1777307348.797,164.970,704,0,5,5,0
1777307348.909,165.082,702,0,3,0,0
1777307349.002,165.179,704,0,5,5,0
1777307349.114,165.290,703,0,4,0,0
1777307349.210,165.387,703,0,6,6,0
1777307349.322,165.499,703,0,5,0,0
1777307349.433,165.610,701,0,3,3,0
1777307349.530,165.706,702,0,4,0,0
1777307349.641,165.818,702,0,6,6,0
1777307349.737,165.914,702,0,5,0,0
1777307349.850,166.026,702,0,4,4,0
1777307349.946,166.122,703,0,6,0,0
1777307350.056,166.234,705,0,6,0,0
1777307350.168,166.345,705,0,5,5,0
1777307350.265,166.442,706,0,5,0,0
1777307350.376,166.553,706,0,3,3,0
1777307350.473,166.650,706,0,5,0,0
1777307350.585,166.762,707,0,4,4,0
1777307350.682,166.858,706,0,6,0,0
1777307350.792,166.969,705,0,4,4,0
1777307350.890,167.065,704,0,6,0,0
1777307351.003,167.178,703,0,3,3,0
1777307351.117,167.289,702,0,4,0,0
1777307351.208,167.385,703,0,4,4,0
1777307351.320,167.497,703,0,5,0,0
1777307351.424,167.593,704,0,3,3,0
1777307351.537,167.704,703,0,4,0,0
1777307351.642,167.816,704,0,5,5,0
1777307351.738,167.914,704,0,3,0,0
1777307351.848,168.025,703,0,5,5,0
1777307351.945,168.122,704,0,5,0,0
1777307352.055,168.232,703,0,4,4,0
1777307352.151,168.328,704,0,5,0,0
1777307352.263,168.440,700,0,4,0,0
1777307352.375,168.552,706,0,4,4,0
1777307352.471,168.648,707,0,5,0,0
1777307352.583,168.760,707,0,3,3,0
1777307352.678,168.856,706,0,6,0,0
1777307352.790,168.968,704,0,5,5,0
1777307352.886,169.064,704,0,5,0,0
1777307352.999,169.176,702,0,4,4,0
1777307353.110,169.288,702,0,30720,0,0
1777307353.207,169.384,703,0,6,6,0
1777307353.318,169.495,704,0,4,0,0
1777307353.414,169.591,704,0,4,4,0
1777307353.526,169.703,705,0,4,0,0
1777307353.622,169.799,705,0,5,5,0
1777307353.734,169.911,707,0,4,0,0
1777307353.846,170.023,707,0,3,3,0
1777307353.944,170.119,709,0,5,0,0
1777307354.053,170.231,708,0,5,0,0
1777307354.157,170.327,709,0,5,5,0
1777307354.272,170.439,710,0,3,0,0
1777307354.358,170.535,711,0,7,7,0
1777307354.469,170.647,710,0,5,0,0
1777307354.581,170.758,710,0,1,1,0
1777307354.677,170.855,709,0,0,0,0
1777307354.789,170.967,708,0,1,1,0
1777307354.885,171.062,707,0,4,0,0
1777307354.997,171.174,705,0,7,7,0
1777307355.093,171.270,705,0,7,0,0
1777307355.206,171.382,704,0,5,5,0
1777307355.317,171.494,704,0,9,0,0
1777307355.414,171.591,704,0,4,4,0
1777307355.526,171.702,704,0,6,0,0
1777307355.622,171.798,705,0,3,3,0
1777307355.734,171.910,705,1,4,0,0
1777307355.830,172.007,707,0,5,5,0
1777307355.941,172.118,707,0,3,0,0
1777307356.052,172.229,708,0,3,3,0
1777307356.149,172.326,708,0,4,0,0
1777307356.261,172.438,709,0,7,0,0
1777307356.357,172.534,709,0,5,5,0
1777307356.468,172.645,707,0,5,0,0
1777307356.565,172.742,707,0,4,4,0
1777307356.676,172.853,706,0,3,0,0
1777307356.788,172.965,706,0,3,3,0
1777307356.894,173.061,707,0,6,0,0
1777307357.004,173.173,709,0,5,5,0
1777307357.092,173.269,709,0,6,0,0
1777307357.205,173.382,709,0,3,3,0
1777307357.300,173.477,709,0,4,0,0
1777307357.413,173.589,708,0,3,3,0
1777307357.524,173.701,709,0,7,0,0
1777307357.619,173.797,709,0,4,4,0
1777307357.731,173.909,708,0,4,0,0
1777307357.829,174.006,710,0,4,4,0
1777307357.940,174.117,709,0,4,0,0
1777307358.035,174.213,709,0,5,5,0
1777307358.147,174.325,709,0,7,0,0
1777307358.260,174.436,710,0,7,7,0
1777307358.356,174.533,710,0,5,0,0
1777307358.468,174.645,710,0,8,0,0
1777307358.563,174.741,709,0,7,7,0
1777307358.676,174.852,709,0,3,0,0
1777307358.772,174.949,710,0,6,6,0
1777307358.883,175.060,708,0,3,0,0
1777307358.994,175.172,710,0,4,4,0
1777307359.091,175.268,710,0,4,0,0
1777307359.203,175.380,710,0,4,4,0
1777307359.299,175.476,711,0,4,0,0
1777307359.411,175.588,712,0,3,3,0
1777307359.508,175.684,713,0,3,0,0
1777307359.626,175.800,711,0,4,4,0
1777307359.732,175.907,710,0,8,0,0
1777307359.827,176.004,710,2,5,5,0
1777307359.939,176.116,709,0,5,0,0
1777307360.035,176.212,709,0,5,5,0
1777307360.146,176.323,712,0,4,0,0
1777307360.242,176.419,710,0,5,5,0
1777307360.355,176.531,711,0,6,0,0
1777307360.466,176.643,710,0,7,7,0
1777307360.562,176.739,711,0,7,0,0
1777307360.674,176.851,711,0,5,0,0
1777307360.770,176.947,710,0,4,4,0
1777307360.882,177.059,709,0,4,0,0
1777307360.978,177.155,709,0,4,4,0
1777307361.090,177.267,709,0,4,0,0
1777307361.203,177.379,709,0,4,4,0
1777307361.299,177.475,708,0,4,0,0
1777307361.409,177.586,709,0,3,3,0
1777307361.506,177.683,710,0,5,0,0
1777307361.617,177.795,710,0,4,4,0
1777307361.713,177.890,709,0,5,0,0
1777307361.825,178.002,709,0,5,5,0
1777307361.937,178.114,709,0,5,0,0
1777307362.037,178.210,709,0,6,6,0
1777307362.148,178.322,708,0,6,0,0
1777307362.244,178.419,707,0,5,5,0
1777307362.357,178.531,709,0,5,0,0
1777307362.449,178.626,709,0,5,5,0
1777307362.561,178.738,709,0,6,0,0
1777307362.676,178.852,710,0,4,4,0
1777307362.770,178.947,710,0,6,0,0
1777307362.881,179.058,709,0,3,0,0
1777307362.977,179.154,708,0,4,4,0
1777307363.089,179.266,708,0,5,0,0
1777307363.186,179.363,707,0,5,5,0
1777307363.297,179.474,708,0,3,0,0
1777307363.409,179.585,710,0,6,6,0
1777307363.505,179.681,708,0,5,0,0
1777307363.619,179.794,709,0,4,4,0
1777307363.712,179.889,709,0,5,0,0
1777307363.824,180.001,710,0,3,3,0
1777307363.922,180.098,709,0,3,0,0
1777307364.031,180.209,710,0,3,3,0
1777307364.143,180.321,710,0,7,0,0
1777307364.240,180.417,710,0,4,4,0
1777307364.351,180.528,710,0,5,0,0
1777307364.448,180.625,709,0,4,4,0
1777307364.563,180.737,709,0,3,0,0
1777307364.657,180.833,710,0,4,4,0
1777307364.768,180.945,711,0,5,0,0
1777307364.879,181.056,711,0,4,4,0
1777307364.975,181.152,711,0,3,0,0
1777307365.087,181.264,711,0,5,5,0
1777307365.184,181.360,710,0,4,0,0
1777307365.296,181.472,712,0,3,0,0
1777307365.394,181.569,711,0,7,7,0
1777307365.505,181.681,711,0,7,0,0
1777307365.616,181.792,711,0,4,4,0
1777307365.714,181.889,712,0,3,0,0
1777307365.823,182.000,712,0,5,5,0
1777307365.920,182.096,711,0,4,0,0
1777307366.032,182.208,712,0,5,5,0
1777307366.130,182.305,711,0,6,0,0
1777307366.239,182.416,711,0,5,5,0
1777307366.351,182.528,712,0,6,0,0
1777307366.447,182.624,710,0,5,5,0
1777307366.558,182.735,710,0,4,0,0
1777307366.655,182.832,710,0,3,3,0
1777307366.766,182.943,710,0,5,0,0
1777307366.878,183.055,709,0,4,4,0
1777307366.974,183.151,709,0,4,0,0
1777307367.086,183.263,709,0,4,4,0
1777307367.181,183.359,709,0,5,0,0
1777307367.293,183.471,709,0,5,5,0
1777307367.390,183.567,709,0,3,0,0
1777307367.501,183.679,708,0,5,0,0
1777307367.598,183.775,709,0,5,5,0
1777307367.712,183.887,708,0,5,0,0
1777307367.826,184.002,708,1,3,3,0
1777307367.918,184.095,707,0,2,0,0
1777307368.030,184.207,707,0,3,3,0
1777307368.126,184.303,707,0,6,0,0
1777307368.238,184.415,709,0,4,4,0
1777307368.334,184.511,707,0,5,0,0
1777307368.445,184.622,708,0,4,4,0
1777307368.556,184.734,707,0,3,0,0
1777307368.653,184.830,708,0,4,4,0
1777307368.765,184.942,708,0,5,0,0
1777307368.861,185.038,707,0,5,5,0
1777307368.972,185.150,707,0,7,0,0
1777307369.085,185.262,707,0,3,3,0
1777307369.180,185.358,707,0,5,0,0
1777307369.292,185.470,708,0,6,6,0
1777307369.389,185.566,707,0,4,0,0
1777307369.502,185.678,706,0,5,5,0
1777307369.598,185.775,704,0,6,0,0
1777307369.710,185.886,705,0,7,0,0
1777307369.807,185.982,707,0,3,3,0
1777307369.920,186.093,707,0,6,0,0
1777307370.028,186.205,706,0,5,5,0
1777307370.125,186.301,706,0,4,0,0
1777307370.236,186.413,706,0,5,5,0
1777307370.340,186.509,705,0,8,0,0
1777307370.444,186.621,705,0,3,3,0
1777307370.540,186.717,705,0,3,0,0
1777307370.652,186.829,705,0,6,6,0
1777307370.764,186.941,705,0,4,0,0
1777307370.860,187.037,705,0,6,6,0
1777307370.971,187.149,705,0,3,0,0
1777307371.068,187.245,706,0,4,4,0
1777307371.179,187.357,707,0,4,0,0
1777307371.291,187.468,706,0,3,3,0
1777307371.387,187.565,707,0,4,0,0
1777307371.501,187.677,707,0,5,5,0
1777307371.597,187.773,708,0,4,0,0
1777307371.708,187.885,709,0,4,4,0
1777307371.805,187.981,708,0,3,0,0
1777307371.916,188.092,709,0,4,0,0
1777307372.013,188.189,709,0,5,5,0
1777307372.124,188.300,709,0,4,0,0
1777307372.235,188.412,709,0,4,4,0
1777307372.333,188.509,710,0,4,0,0
1777307372.444,188.620,709,0,5,5,0
1777307372.538,188.716,709,0,3,0,0
1777307372.650,188.828,710,0,3,3,0
1777307372.753,188.924,709,0,6,0,0
1777307372.869,189.036,711,0,3,3,0
1777307372.977,189.147,710,0,6,0,0
1777307373.070,189.245,710,0,4,4,0
1777307373.178,189.355,710,0,6,0,0
1777307373.274,189.451,709,0,4,4,0
1777307373.386,189.563,709,0,4,0,0
1777307373.499,189.675,709,0,7,7,0
1777307373.596,189.772,710,0,5,0,0
1777307373.706,189.883,710,0,4,4,0
1777307373.803,189.980,709,0,3,0,0
1777307373.915,190.091,710,0,3,3,0
1777307374.011,190.188,710,0,3,0,0
1777307374.122,190.299,711,0,3,0,0
1777307374.235,190.411,709,0,3,3,0
1777307374.331,190.507,709,0,4,0,0
1777307374.442,190.619,709,0,3,3,0
1777307374.538,190.715,708,0,5,0,0
1777307374.651,190.827,708,0,6,6,0
1777307374.746,190.923,708,0,3,0,0
1777307374.858,191.035,708,0,3,3,0
1777307374.953,191.130,708,0,3,0,0
1777307375.067,191.243,708,0,4,4,0
1777307375.178,191.354,708,0,3,0,0
1777307375.285,191.450,708,0,7,7,0
1777307375.385,191.562,707,0,5,0,0
1777307375.488,191.658,708,0,6,6,0
1777307375.604,191.770,708,0,3,0,0
1777307375.717,191.882,708,0,5,5,0
1777307375.803,191.979,708,0,3,0,0
1777307375.914,192.090,708,0,6,6,0
1777307376.010,192.186,707,0,3,0,0
1777307376.122,192.298,707,0,3,3,0
1777307376.219,192.394,708,0,7,0,0
1777307376.329,192.506,707,0,4,0,0
1777307376.441,192.617,708,0,4,4,0
1777307376.538,192.714,708,0,4,0,0
1777307376.649,192.825,708,0,4,4,0
1777307376.745,192.922,709,0,4,0,0
1777307376.856,193.033,709,0,6,6,0
1777307376.954,193.130,710,0,8,0,0
1777307377.065,193.241,710,0,3,3,0
1777307377.161,193.338,711,0,3,0,0
1777307377.273,193.449,711,0,3,3,0
1777307377.385,193.561,711,0,5,0,0
1777307377.480,193.657,711,0,3,3,0
1777307377.592,193.769,711,0,7,0,0
1777307377.688,193.865,712,0,1,1,0
1777307377.799,193.977,710,0,4,0,0
1777307377.911,194.088,711,0,3,3,0
1777307378.008,194.185,710,0,3,0,0
1777307378.121,194.296,708,0,4,4,0
1777307378.228,194.392,711,0,5,0,0
1777307378.328,194.504,710,0,5,5,0
1777307378.424,194.601,712,0,8,0,0
1777307378.537,194.714,713,0,5,0,0
1777307378.657,194.824,712,0,4,4,0
1777307378.744,194.920,711,0,2,0,0
1777307378.854,195.032,712,0,5,5,0
1777307378.954,195.129,712,0,3,0,0
1777307379.064,195.240,711,0,4,4,0
1777307379.159,195.336,710,0,5,0,0
1777307379.271,195.448,709,0,3,3,0
1777307379.382,195.559,710,0,3,0,0
1777307379.478,195.655,710,0,2,2,0
1777307379.590,195.767,712,0,6,0,0
1777307379.686,195.863,712,0,3,3,0
1777307379.800,195.976,710,0,3,0,0
1777307379.896,196.072,711,0,3,3,0
1777307380.007,196.183,709,0,3,0,0
1777307380.119,196.295,706,0,4,4,0
1777307380.215,196.391,701,0,5,0,0
1777307380.327,196.503,701,0,3,3,0
1777307380.422,196.599,703,0,4,0,0
1777307380.537,196.711,706,0,4,4,0
1777307380.634,196.807,708,0,3,0,0
1777307380.742,196.919,710,0,3,0,0
1777307380.854,197.030,711,0,4,4,0
1777307380.962,197.127,710,0,3,0,0
1777307381.069,197.238,710,0,4,4,0
1777307381.158,197.335,708,0,5,0,0
1777307381.269,197.446,707,0,6,6,0
1777307381.366,197.543,706,0,5,0,0
1777307381.478,197.655,706,0,5,5,0
1777307381.589,197.766,706,0,4,0,0
1777307381.686,197.863,708,0,6,6,0
1777307381.796,197.974,709,0,4,0,0
1777307381.894,198.070,708,0,5,5,0
1777307382.005,198.182,709,0,2,0,0
1777307382.102,198.278,709,0,6,6,0
1777307382.214,198.390,708,0,3,0,0
1777307382.325,198.502,708,0,3,3,0
1777307382.420,198.598,706,0,3,0,0
1777307382.532,198.709,706,0,2,2,0
1777307382.629,198.806,706,0,5,0,0
1777307382.740,198.917,704,0,4,4,0
1777307382.836,199.013,701,0,13,0,0
1777307382.948,199.125,704,0,6,0,0
1777307383.059,199.237,705,0,6,6,0
1777307383.157,199.333,705,0,4,0,0
1777307383.268,199.445,705,0,5,5,0
1777307383.364,199.541,704,0,3,0,0
1777307383.476,199.653,703,0,6,6,0
1777307383.578,199.749,703,0,3,0,0
1777307383.692,199.861,702,0,5,5,0
1777307383.801,199.973,702,0,3,0,0
1777307383.898,200.073,703,0,4,4,0
1777307384.005,200.182,705,0,4,0,0
1777307384.100,200.277,704,0,4,4,0
1777307384.211,200.388,705,0,3,0,0
1777307384.307,200.484,707,0,5,5,0
1777307384.420,200.597,707,0,6,0,0
1777307384.531,200.708,707,0,4,4,0
1777307384.628,200.805,706,0,3,0,0
1777307384.739,200.916,706,0,3,3,0
1777307384.835,201.012,706,0,7,0,0
1777307384.947,201.124,706,0,3,3,0
1777307385.043,201.220,706,0,5,0,0
1777307385.155,201.332,706,0,4,0,0
1777307385.267,201.444,707,0,4,4,0
1777307385.363,201.540,709,0,3,0,0
1777307385.475,201.652,709,0,6,6,0
1777307385.571,201.748,708,0,3,0,0
1777307385.682,201.860,707,0,5,5,0
1777307385.779,201.956,708,0,6,0,0
1777307385.891,202.067,708,0,5,5,0
1777307386.002,202.179,707,0,3,0,0
1777307386.099,202.276,706,0,5,5,0
1777307386.211,202.387,706,0,5,0,0
1777307386.310,202.484,706,0,4,4,0
1777307386.419,202.595,707,0,3,0,0
1777307386.514,202.691,707,0,3,3,0
1777307386.626,202.803,707,0,5,0,0
1777307386.738,202.915,707,0,5,5,0
1777307386.834,203.011,707,0,6,0,0
1777307386.945,203.123,705,0,4,4,0
1777307387.042,203.219,705,0,5,0,0
1777307387.153,203.331,703,0,3,3,0
1777307387.250,203.427,703,0,3,0,0
1777307387.361,203.539,703,0,5,0,0
1777307387.473,203.651,703,0,4,4,0
1777307387.569,203.746,703,0,5,0,0
1777307387.681,203.858,703,0,7,7,0
1777307387.777,203.954,703,0,4,0,0
1777307387.889,204.066,703,0,4,4,0
1777307387.985,204.163,703,0,7,0,0
1777307388.097,204.274,703,0,2,2,0
1777307388.208,204.386,703,0,5,0,0
1777307388.304,204.482,702,0,5,5,0
1777307388.417,204.594,704,0,7,0,0
1777307388.512,204.690,702,0,3,3,0
1777307388.625,204.802,703,0,3,0,0
1777307388.720,204.898,703,0,5,5,0
1777307388.832,205.010,703,0,4,0,0
1777307388.944,205.122,703,0,4,4,0
1777307389.049,205.218,704,0,7,0,0
1777307389.155,205.329,704,0,6,6,0
1777307389.248,205.426,704,0,4,0,0
1777307389.360,205.537,704,0,3,3,0
1777307389.456,205.634,704,0,3,0,0
1777307389.568,205.745,705,0,4,0,0
1777307389.680,205.857,704,0,5,5,0
1777307389.776,205.953,704,0,4,0,0
1777307389.888,206.065,704,0,5,5,0
1777307389.984,206.161,704,0,5,0,0
1777307390.096,206.273,705,0,23,23,0
1777307390.192,206.369,705,0,3,0,0
1777307390.303,206.481,706,0,3,3,0
1777307390.416,206.593,706,0,5,0,0
1777307390.511,206.689,705,0,4,4,0
1777307390.623,206.801,706,0,5,0,0
1777307390.719,206.897,706,0,3,3,0
1777307390.831,207.008,707,0,3,0,0
1777307390.932,207.104,706,0,3,3,0
1777307391.039,207.216,706,0,3,0,0
1777307391.151,207.328,706,0,4,4,0
1777307391.247,207.425,705,0,4,0,0
1777307391.358,207.536,706,0,5,5,0
1777307391.455,207.632,706,0,6,0,0
1777307391.566,207.744,706,0,5,0,0
1777307391.662,207.840,706,0,5,5,0
1777307391.778,207.952,706,0,4,0,0
1777307391.887,208.064,705,0,4,4,0
1777307391.982,208.160,706,0,4,0,0
1777307392.094,208.272,705,0,3,3,0
1777307392.190,208.368,705,0,3,0,0
1777307392.302,208.479,705,0,6,6,0
1777307392.398,208.575,705,0,5,0,0
1777307392.510,208.687,706,0,5,5,0
1777307392.622,208.799,706,0,5,0,0
1777307392.718,208.895,706,0,3,3,0
1777307392.829,209.007,705,0,5,0,0
1777307392.925,209.103,706,0,5,5,0
1777307393.037,209.215,705,0,3,0,0
1777307393.149,209.327,705,0,4,4,0
1777307393.245,209.423,706,0,4,0,0
1777307393.357,209.535,706,0,5,5,0
1777307393.453,209.631,706,0,6,0,0
1777307393.565,209.743,706,0,5,5,0
1777307393.661,209.839,707,0,5,0,0
1777307393.773,209.951,707,0,5,0,0
1777307393.869,210.047,706,0,5,5,0
1777307393.981,210.159,706,0,4,0,0
1777307394.093,210.271,707,0,3,3,0
1777307394.189,210.366,705,0,7,0,0
1777307394.301,210.478,706,0,5,5,0
1777307394.396,210.574,707,0,4,0,0
1777307394.509,210.686,706,0,2,2,0
1777307394.604,210.782,706,0,4,0,0
1777307394.716,210.894,706,0,5,5,0
1777307394.938,211.006,706,0,3,0,0
1777307394.938,211.102,705,0,6,6,0
1777307395.166,211.214,706,0,4,0,0
1777307409.583,2.592,0,0,0,0,0
1777307409.598,2.607,0,0,0,0,0
1777307411.564,4.574,707,0,1,2,0
1777307411.677,4.686,709,0,0,1,0
1777307411.789,4.798,707,0,2,2,0
1777307411.886,4.894,707,0,1,0,0
1777307411.996,5.006,707,0,0,0,0
1777307412.093,5.102,706,0,1,0,0
1777307412.204,5.214,706,0,1,1,0
1777307412.302,5.311,706,0,2,0,0
1777307412.412,5.422,705,0,1,0,0
1777307412.523,5.533,705,0,1,1,0
1777307412.620,5.630,706,0,2,0,0
1777307412.732,5.741,706,0,2,2,0
1777307412.827,5.837,706,0,2,0,0
1777307412.940,5.949,706,0,2,2,0
1777307413.037,6.046,705,0,1,0,0
1777307413.148,6.158,704,0,2,2,0
1777307413.244,6.253,702,0,0,0,0
1777307413.356,6.365,695,0,2,2,0
1777307413.468,6.477,701,0,1,0,0
1777307413.562,6.573,706,0,2,2,0
1777307413.675,6.685,708,0,4,0,0
1777307413.776,6.781,708,0,1,1,0
1777307413.886,6.893,709,0,3,0,0
1777307413.995,7.005,709,0,2,2,0
1777307414.092,7.101,709,0,3,0,0
1777307414.202,7.212,709,0,1,1,0
1777307414.299,7.309,708,0,3,0,0
1777307414.410,7.420,708,0,1,1,0
1777307414.506,7.516,709,0,1,0,0
1777307414.618,7.628,708,0,2,0,0
1777307414.730,7.740,708,0,0,0,0
1777307414.826,7.836,708,0,2,0,0
1777307414.938,7.948,706,0,19,19,0
1777307415.035,8.044,672,0,6,0,0
1777307415.146,8.156,581,0,0,0,0
1777307415.242,8.252,690,0,0,0,0
1777307415.354,8.364,701,0,0,0,0
1777307415.451,8.461,636,0,4,0,0
1777307415.562,8.572,666,0,10624,10624,0
1777307415.673,8.683,707,0,0,0,0
1777307415.785,8.795,670,0,4992,4992,0
1777307415.882,8.892,654,0,3,0,0
1777307415.978,8.988,700,0,0,0,0
1777307416.089,9.099,697,0,0,0,0
1777307416.185,9.195,692,0,106,0,0
1777307416.297,9.307,693,0,22,22,0
1777307416.409,9.419,697,0,170,0,0
1777307416.505,9.515,697,0,7,7,0
1777307416.617,9.627,698,0,0,0,0
1777307416.728,9.739,700,0,35,35,0
1777307416.826,9.835,699,0,0,0,0
1777307416.921,9.931,698,0,0,0,0
1777307417.033,10.043,698,0,63,0,0
1777307417.145,10.155,698,0,39,0,0
1777307417.241,10.251,699,0,47,47,0
1777307417.352,10.362,702,0,20,0,0
1777307417.464,10.474,704,0,42,42,0
1777307417.560,10.570,704,0,31,0,0
1777307417.672,10.682,706,0,1,1,0
1777307417.768,10.778,706,0,13,0,0
1777307417.880,10.890,706,0,2,2,0
1777307417.976,10.986,705,0,3,0,0
1777307418.088,11.098,705,0,12,12,0
1777307418.184,11.194,705,0,3,0,0
1777307418.295,11.306,706,0,8,8,0
1777307418.407,11.418,706,0,3,0,0
1777307418.503,11.514,707,0,5,0,0
1777307418.615,11.626,708,0,3,3,0
1777307418.711,11.722,708,0,2,0,0
1777307418.823,11.834,707,0,2,2,0
1777307418.919,11.930,707,0,1,0,0
1777307419.031,12.042,707,0,2,2,0
1777307419.130,12.138,707,0,1,0,0
1777307419.245,12.250,707,0,3,3,0
1777307419.351,12.361,708,0,1,0,0
1777307419.447,12.457,707,0,2,2,0
1777307419.560,12.569,708,0,1,0,0
1777307419.656,12.666,709,0,2,2,0
1777307419.770,12.777,710,0,2,0,0
1777307419.880,12.890,710,0,1,1,0
1777307419.976,12.985,710,1,2,0,0
1777307420.087,13.097,709,0,136,136,0
1777307420.184,13.193,696,0,4,0,0
1777307420.296,13.305,659,0,0,0,0
1777307420.407,13.417,630,0,7680,7680,0
1777307420.503,13.513,647,0,0,0,0
1777307420.614,13.624,708,0,31,31,0
1777307420.711,13.721,656,0,1,0,0
1777307420.823,13.832,640,0,7296,7296,0
1777307420.919,13.929,688,0,0,0,0
1777307421.030,14.040,695,0,14208,14208,0
1777307421.126,14.136,700,0,35,0,0
1777307421.239,14.249,699,0,21,0,0
1777307421.352,14.360,685,0,1136,1136,0
1777307421.447,14.456,684,0,56,0,0
1777307421.557,14.568,685,0,3648,3648,0
1777307421.654,14.664,643,0,79,0,0
1777307421.765,14.776,625,0,128,0,0
1777307421.865,14.872,696,0,8,8,0
1777307421.974,14.984,670,0,93,0,0
1777307422.086,15.096,651,0,492,492,0
1777307422.188,15.192,690,0,0,0,0
1777307422.298,15.303,704,0,0,0,0
1777307422.390,15.400,657,0,472,0,0
1777307422.502,15.512,653,0,224,224,0
1777307422.614,15.624,698,0,-29696,0,0
1777307422.709,15.719,644,0,86,0,0
1777307422.821,15.831,611,0,1000,1000,0
1777307422.917,15.927,574,0,0,0,0
1777307423.030,16.039,558,0,49,49,0
1777307423.125,16.135,557,0,9,0,0
1777307423.238,16.247,636,0,4608,4608,0
1777307423.335,16.344,685,0,202,0,0
1777307423.445,16.455,685,0,448,0,0
1777307423.556,16.566,639,0,214,214,0
1777307423.653,16.663,571,0,103,0,0
1777307423.765,16.775,672,0,6,6,0
1777307423.861,16.871,683,0,3,0,0
1777307423.973,16.983,565,0,3296,3296,0
1777307424.070,17.080,641,0,0,0,0
1777307424.180,17.190,673,0,190,0,0
1777307424.276,17.286,613,0,0,0,0
1777307424.388,17.398,671,0,2,0,0
1777307424.500,17.510,688,0,5,5,0
1777307424.596,17.606,678,0,21,0,0
1777307424.708,17.718,683,0,312,312,0
1777307424.806,17.814,686,0,162,0,0
1777307424.915,17.926,686,0,29,29,0
1777307425.027,18.038,690,0,832,0,0
1777307425.124,18.134,693,0,39,0,0
1777307425.237,18.246,698,0,112,112,0
1777307425.332,18.342,700,0,49,0,0
1777307425.444,18.454,702,0,9,9,0
1777307425.540,18.550,703,0,2,0,0
1777307425.652,18.662,706,0,2656,2656,0
1777307425.763,18.773,703,0,7,0,0
1777307425.860,18.870,677,0,3,0,0
1777307425.971,18.981,670,0,-16384,-16384,0
1777307426.067,19.077,706,0,0,0,0
1777307426.179,19.189,668,0,0,0,0
1777307426.275,19.285,662,0,15,0,0
1777307426.403,19.413,701,0,-8192,-8192,0
1777307426.485,19.494,652,0,3,0,0
1777307426.595,19.605,640,0,246,246,0
1777307426.708,19.717,693,0,5504,0,0
1777307426.803,19.813,668,0,4,0,0
1777307426.916,19.926,635,0,16384,16384,0
1777307427.011,20.021,603,0,0,0,0
1777307427.123,20.133,700,0,5760,5760,0
1777307427.218,20.229,665,0,0,0,0
1777307427.330,20.341,597,0,5120,0,0
1777307427.442,20.452,664,0,3200,3200,0
1777307427.547,20.548,689,0,316,0,0
1777307427.654,20.662,618,0,1,1,0
1777307427.747,20.757,668,0,99,0,0
1777307427.859,20.868,704,0,0,0,0
1777307427.971,20.980,703,0,0,0,0
1777307428.066,21.076,704,0,22,22,0
1777307428.177,21.188,704,0,11,0,0
1777307428.273,21.284,706,0,20,0,0
1777307428.386,21.396,707,0,6,6,0
1777307428.483,21.492,708,0,10,0,0
1777307428.594,21.604,709,0,6,6,0
1777307428.706,21.716,709,0,8,0,0
1777307428.802,21.812,708,0,10,10,0
1777307428.914,21.924,708,0,13,0,0
1777307429.009,22.019,708,0,6,6,0
1777307429.122,22.132,708,0,7,0,0
1777307429.234,22.244,708,0,13,13,0
1777307429.330,22.340,708,0,9,0,0
1777307429.441,22.451,708,0,12,0,0
1777307429.538,22.547,709,0,10,10,0
1777307429.650,22.659,709,0,13,0,0
1777307429.745,22.755,710,0,19,19,0
1777307429.857,22.867,710,0,5,0,0
1777307429.953,22.963,711,0,8,8,0
1777307430.065,23.075,711,0,4,0,0
1777307430.176,23.187,710,0,4,4,0
1777307430.276,23.285,710,0,3,0,0
1777307430.386,23.395,710,0,4,4,0
1777307430.482,23.491,708,0,3,0,0
1777307430.593,23.603,709,0,2,2,0
1777307430.689,23.699,709,0,3,0,0
1777307430.800,23.810,709,0,2,2,0
1777307430.912,23.922,709,0,3,0,0
1777307431.008,24.019,709,0,2,0,0
1777307431.121,24.130,710,0,3,3,0
1777307431.219,24.227,710,0,3,0,0
1777307431.329,24.338,709,0,3,3,0
1777307431.425,24.434,708,0,13,0,0
1777307431.538,24.546,708,0,2,2,0
1777307431.650,24.658,707,0,4,0,0
1777307431.745,24.754,706,0,3,3,0
1777307431.856,24.866,706,0,3,0,0
1777307431.952,24.962,706,0,3,3,0
1777307432.065,25.074,706,0,3,0,0
1777307432.162,25.170,706,0,2,2,0
1777307432.272,25.282,705,0,4,0,0
1777307432.384,25.393,705,0,3,3,0
1777307432.479,25.489,705,0,2,0,0
1777307432.592,25.601,705,0,1,1,0
1777307432.705,25.713,704,0,5440,0,0
1777307432.799,25.809,703,0,0,0,0
1777307432.899,25.907,705,0,3,3,0
1777307433.008,26.017,704,0,0,0,0
1777307433.126,26.129,705,0,6208,6208,0
1777307433.215,26.225,703,0,0,0,0
1777307433.327,26.337,705,0,0,0,0
1777307433.424,26.434,705,0,0,0,0
1777307433.535,26.545,704,0,0,0,0
1777307433.630,26.641,706,0,0,0,0
1777307433.743,26.753,702,0,0,0,0
1777307433.855,26.865,705,0,1,0,0
1777307433.970,26.977,703,0,4800,4800,0
1777307434.062,27.072,704,0,0,0,0
1777307434.158,27.168,702,0,384,0,0
1777307434.271,27.280,701,0,0,0,0
1777307434.368,27.377,697,0,16,0,0
1777307434.479,27.489,697,0,6,6,0
1777307434.591,27.600,697,0,3104,0,0
1777307434.713,27.696,697,0,0,0,0
1777307434.798,27.808,694,0,320,0,0
1777307434.893,27.904,695,0,8,8,0
1777307435.007,28.016,696,0,0,0,0
1777307435.118,28.128,694,0,492,492,0
1777307435.214,28.224,697,0,3,0,0
1777307435.326,28.336,695,0,480,0,0
1777307435.423,28.432,697,0,3,3,0
1777307435.534,28.543,694,2,1696,0,0
1777307435.633,28.640,697,0,6,6,0
1777307435.744,28.752,695,0,20,0,0
1777307435.838,28.848,698,0,2,2,0
1777307435.951,28.960,694,0,79,0,0
1777307436.061,29.071,697,0,0,0,0
1777307436.158,29.167,694,0,5,0,0
1777307436.270,29.280,697,0,840,840,0
1777307436.365,29.375,695,0,0,0,0
1777307436.477,29.487,698,0,-18944,0,0
1777307436.573,29.583,695,0,0,0,0
1777307436.685,29.695,699,0,96,0,0
1777307436.797,29.807,699,0,0,0,0
1777307436.894,29.903,700,0,11776,0,0
1777307437.006,30.015,700,0,36,36,0
1777307437.101,30.111,699,0,56,0,0
1777307437.214,30.223,700,0,58,58,0
1777307437.324,30.334,700,0,16,0,0
1777307437.422,30.432,699,0,39,0,0
1777307437.533,30.542,698,0,20,20,0
1777307437.629,30.639,700,0,25,0,0
1777307437.740,30.750,699,0,26,26,0
1777307437.837,30.846,699,0,20,0,0
1777307437.949,30.958,700,0,33,33,0
1777307438.061,31.070,700,0,21,0,0
1777307438.156,31.166,700,0,16,16,0
1777307438.268,31.278,701,0,32,0,0
1777307438.364,31.374,702,0,43,43,0
1777307438.475,31.486,701,0,25,0,0
1777307438.572,31.582,702,0,21,0,0
1777307438.684,31.694,701,0,28,28,0
1777307438.797,31.806,701,0,26,0,0
1777307438.891,31.902,700,0,20,20,0
1777307439.004,32.013,699,0,23,0,0
1777307439.100,32.109,701,0,23,23,0
1777307439.212,32.222,700,0,23,0,0
1777307439.324,32.333,701,0,15,15,0
1777307439.420,32.430,701,0,53,0,0
1777307439.531,32.541,701,0,26,0,0
1777307439.629,32.638,701,0,24,24,0
1777307439.740,32.749,701,0,15,0,0
1777307439.836,32.845,700,0,23,23,0
1777307439.948,32.957,700,0,260,0,0
1777307440.044,33.053,704,0,0,0,0
1777307440.155,33.165,696,0,0,0,0
1777307440.268,33.277,708,0,0,0,0
1777307440.365,33.374,701,0,0,0,0
1777307440.475,33.485,707,0,0,0,0
1777307440.571,33.581,703,0,0,0,0
1777307440.684,33.693,707,0,2,0,0
1777307440.779,33.788,702,0,0,0,0
1777307440.890,33.900,702,0,0,0,0
1777307441.002,34.012,702,0,0,0,0
1777307441.099,34.109,699,0,0,0,0
1777307441.214,34.220,701,0,0,0,0
1777307441.306,34.316,699,0,0,0,0
1777307441.419,34.428,702,0,0,0,0
1777307441.515,34.524,700,0,96,0,0
1777307441.627,34.636,702,0,2,2,0
1777307441.723,34.732,701,0,0,0,0
1777307441.850,34.860,703,0,24576,24576,0
1777307441.946,34.956,700,0,0,0,0
1777307442.043,35.052,700,0,0,0,0
1777307442.155,35.164,699,0,0,0,0
1777307442.249,35.260,698,0,48,0,0
1777307442.364,35.372,700,0,0,0,0
1777307442.458,35.468,698,0,0,0,0
1777307442.570,35.579,699,0,0,0,0
1777307442.681,35.691,698,0,2720,0,0
1777307442.778,35.788,699,0,704,704,0
1777307442.889,35.899,697,0,0,0,0
1777307443.002,36.011,697,0,-12288,-12288,0
1777307443.098,36.107,697,0,0,0,0
1777307443.193,36.203,697,0,0,0,0
1777307443.305,36.315,696,0,0,0,0
1777307443.417,36.427,697,0,192,0,0
1777307443.513,36.523,695,0,0,0,0
1777307443.627,36.634,696,0,4160,0,0
1777307443.740,36.746,696,0,1664,1664,0
1777307443.836,36.842,696,0,0,0,0
1777307443.929,36.939,697,0,3,3,0
1777307444.041,37.051,696,0,0,0,0
1777307444.153,37.163,697,0,12,12,0
1777307444.249,37.258,696,0,0,0,0
1777307444.360,37.370,685,0,3,0,0
1777307444.457,37.466,646,0,0,0,0
1777307444.570,37.579,644,0,166,0,0
1777307444.680,37.690,696,0,13,13,0
1777307444.776,37.786,688,0,0,0,0
1777307444.888,37.898,676,0,36,36,0
1777307444.985,37.994,674,0,34,0,0
1777307445.097,38.106,672,0,0,0,0
1777307445.192,38.202,663,0,-5120,0,0
1777307445.304,38.314,633,0,0,0,0
1777307445.401,38.410,625,0,2,0,0
1777307445.513,38.522,615,0,0,0,0
1777307445.624,38.633,604,0,0,0,0
1777307445.720,38.730,602,0,0,0,0
1777307445.832,38.841,592,0,0,0,0
1777307445.928,38.937,577,0,0,0,0
1777307446.040,39.050,568,0,0,0,0
1777307446.138,39.145,569,0,0,0,0
1777307446.247,39.257,564,0,0,0,0
1777307446.346,39.353,564,0,0,0,0
1777307446.457,39.466,554,0,0,0,0
1777307446.569,39.577,547,0,0,0,0
1777307446.664,39.673,599,0,0,0,0
1777307446.776,39.785,612,0,0,0,0
1777307446.871,39.881,549,0,0,0,0
1777307446.984,39.993,564,0,0,0,0
1777307447.096,40.106,707,0,0,0,0
1777307447.191,40.201,667,0,0,0,0
1777307447.303,40.312,589,0,0,0,0
1777307447.400,40.409,566,0,68,0,0
1777307447.512,40.521,572,0,3,3,0
1777307447.607,40.617,660,0,3,0,0
1777307447.719,40.728,706,0,0,0,0
1777307447.831,40.840,709,0,0,0,0
1777307447.926,40.936,688,0,0,0,0
1777307448.038,41.048,559,0,0,0,0
1777307448.134,41.144,578,0,0,0,0
1777307448.246,41.256,674,0,1,0,0
1777307448.358,41.368,711,0,0,0,0
1777307448.454,41.464,705,0,0,0,0
1777307448.567,41.576,636,0,0,0,0
1777307448.663,41.672,680,0,2,0,0
1777307448.774,41.784,694,0,184,184,0
1777307448.876,41.879,687,0,0,0,0
1777307448.982,41.991,679,0,42,0,0
1777307449.099,42.103,683,0,14,14,0
1777307449.190,42.199,688,0,5,0,0
1777307449.307,42.311,687,0,52,52,0
1777307449.398,42.407,689,0,1,0,0
1777307449.510,42.519,690,0,35,35,0
1777307449.605,42.615,689,0,18,0,0
1777307449.718,42.727,689,0,60,60,0
1777307449.814,42.823,691,0,20,0,0
1777307449.926,42.935,689,0,17,17,0
1777307450.037,43.047,690,0,5,0,0
1777307450.134,43.143,690,0,43,43,0
1777307450.245,43.254,690,0,47,0,0
1777307450.341,43.350,689,0,30,0,0
1777307450.453,43.463,690,0,8,8,0
1777307450.549,43.558,690,0,15,0,0
1777307450.662,43.671,698,0,0,0,0
1777307450.772,43.782,699,0,1872,0,0
1777307450.868,43.878,698,0,25,25,0
1777307450.980,43.990,698,0,132,0,0
1777307451.076,44.086,698,0,29,29,0
1777307451.188,44.198,698,0,46,0,0
1777307451.291,44.294,697,0,12,0,0
1777307451.395,44.406,696,0,92,92,0
1777307451.507,44.518,696,0,35,0,0
1777307451.608,44.614,696,0,52,52,0
1777307451.717,44.725,696,0,16,0,0
1777307451.829,44.837,701,0,144,144,0
1777307451.924,44.933,701,0,59,0,0
1777307452.037,45.046,703,0,348,348,0
1777307452.133,45.142,705,0,396,0,0
1777307452.244,45.253,696,0,0,0,0
1777307452.340,45.349,621,0,856,856,0
1777307452.451,45.461,703,0,0,0,0
1777307452.548,45.557,698,0,0,0,0
1777307452.659,45.669,607,0,3,0,0
1777307452.771,45.781,692,0,-32767,-32767,0
1777307452.868,45.877,648,0,0,0,0
1777307452.979,45.989,640,0,0,0,0
1777307453.075,46.085,695,0,10,0,0
1777307453.187,46.197,626,0,0,0,0
1777307453.283,46.293,673,0,0,0,0
1777307453.395,46.405,693,1,62,0,0
1777307453.491,46.501,595,0,0,0,0
1777307453.603,46.613,584,0,0,0,0
1777307453.715,46.724,637,0,3232,3232,0
1777307453.810,46.820,690,0,67,0,0
1777307453.922,46.933,701,0,0,0,0
1777307454.018,47.028,701,0,0,0,0
1777307454.131,47.140,702,0,0,0,0
1777307454.242,47.252,700,0,0,0,0
1777307454.340,47.348,708,0,0,0,0
1777307454.450,47.460,707,0,0,0,0
1777307454.549,47.558,707,0,0,0,0
1777307454.660,47.669,689,0,0,0,0
1777307454.754,47.764,589,0,1,1,0
1777307454.866,47.876,555,0,7,0,0
1777307454.963,47.972,638,0,21,0,0
1777307455.074,48.084,694,0,0,0,0
1777307455.186,48.195,699,0,0,0,0
1777307455.282,48.292,705,0,0,0,0
1777307455.394,48.403,679,0,15,0,0
1777307455.490,48.500,654,0,12,12,0
1777307455.602,48.611,653,0,1,0,0
1777307455.699,48.708,681,0,0,0,0
1777307455.810,48.819,684,0,0,0,0
1777307455.922,48.931,688,0,0,0,0
1777307456.018,49.028,695,0,0,0,0
1777307456.129,49.139,691,0,0,0,0
1777307456.226,49.235,704,0,0,0,0
1777307456.337,49.347,696,0,0,0,0
1777307456.449,49.459,712,0,0,0,0
1777307456.545,49.555,700,0,0,0,0
1777307456.657,49.667,715,0,0,0,0
1777307456.757,49.764,714,0,0,0,0
1777307456.864,49.874,714,0,0,0,0
1777307456.976,49.986,716,0,0,0,0
1777307457.077,50.082,700,0,1,0,0
1777307457.186,50.194,681,0,-32767,-32767,0
1777307457.279,50.290,645,0,2,0,0
1777307457.393,50.402,697,0,-26624,0,0
1777307457.488,50.498,713,0,0,0,0
1777307457.601,50.610,715,0,14,0,0
1777307457.712,50.722,717,0,0,0,0
1777307457.809,50.818,717,0,0,0,0
1777307457.921,50.930,713,0,0,0,0
1777307458.018,51.027,706,0,0,0,0
1777307458.128,51.138,688,0,-17920,-17920,0
1777307458.223,51.234,611,0,160,0,0
1777307458.336,51.346,657,0,40,0,0
1777307458.433,51.442,692,0,0,0,0
1777307458.544,51.554,704,0,142,0,0
1777307458.655,51.665,702,0,44,44,0
1777307458.752,51.762,700,0,4032,0,0
1777307458.865,51.873,700,0,6,0,0
1777307458.959,51.969,700,0,63,63,0
1777307459.071,52.081,702,0,43,0,0
1777307459.169,52.177,701,0,5,5,0
1777307459.280,52.290,703,0,45,0,0
1777307459.390,52.401,702,0,55,55,0
1777307459.487,52.497,703,0,15,0,0
1777307459.600,52.609,702,0,126,126,0
1777307459.696,52.705,702,0,27,0,0
1777307459.807,52.817,702,0,59,0,0
1777307459.919,52.929,702,0,190,190,0
1777307460.015,53.025,704,0,176,0,0
1777307460.127,53.137,703,0,17,17,0
1777307460.224,53.233,703,0,58,0,0
1777307460.335,53.345,704,0,28,28,0
1777307460.431,53.441,703,0,40,0,0
1777307460.543,53.552,704,0,448,448,0
1777307460.655,53.664,703,0,40,0,0
1777307460.752,53.760,703,0,9,0,0
1777307460.863,53.872,703,0,22,22,0
1777307460.959,53.968,708,0,99,0,0
1777307461.070,54.080,708,0,20,20,0
1777307461.167,54.176,704,0,1,0,0
1777307461.279,54.288,704,0,71,71,0
1777307461.375,54.384,698,0,136,0,0
1777307461.486,54.496,665,0,632,632,0
1777307461.597,54.607,711,0,0,0,0
1777307461.693,54.703,712,0,0,0,0
1777307461.805,54.815,617,0,3,3,0
1777307461.905,54.913,708,0,0,0,0
1777307462.013,55.023,712,0,0,0,0
1777307462.126,55.135,631,0,-32768,0,0
1777307462.221,55.231,700,0,0,0,0
1777307462.334,55.344,713,0,0,0,0
1777307462.430,55.439,674,0,25,25,0
1777307462.542,55.551,710,0,0,0,0
1777307462.637,55.647,712,0,0,0,0
1777307462.750,55.759,697,0,1,0,0
1777307462.862,55.871,700,0,0,0,0
1777307462.958,55.967,713,0,0,0,0
1777307463.069,56.078,710,0,0,0,0
1777307463.166,56.175,713,0,0,0,0
1777307463.277,56.286,711,0,0,0,0
1777307463.373,56.383,689,0,0,0,0
1777307463.485,56.494,656,0,0,0,0
1777307463.584,56.591,685,0,0,0,0
1777307463.692,56.702,709,0,3,0,0
1777307463.804,56.814,702,0,0,0,0
1777307463.901,56.910,663,0,0,0,0
1777307464.012,57.022,679,0,24,24,0
1777307464.109,57.118,689,0,0,0,0
1777307464.220,57.230,723,0,0,0,0
1777307464.316,57.326,730,0,0,0,0
1777307464.428,57.438,718,0,0,0,0
1777307464.540,57.550,697,0,114,0,0
1777307464.652,57.661,623,0,9344,9344,0
1777307464.747,57.757,564,0,0,0,0
1777307464.843,57.853,540,0,0,0,0
1777307464.955,57.965,558,0,9472,9472,0
1777307465.052,58.062,710,0,0,0,0
1777307465.164,58.174,718,0,0,0,0
1777307465.260,58.269,682,0,0,0,0
1777307465.372,58.381,605,0,0,0,0
1777307465.484,58.493,583,0,0,0,0
1777307465.580,58.589,653,0,0,0,0
1777307465.691,58.701,658,0,0,0,0
1777307465.788,58.797,633,0,0,0,0
1777307465.900,58.909,649,0,0,0,0
1777307466.012,59.021,687,0,232,232,0
1777307466.108,59.117,691,0,0,0,0
1777307466.219,59.228,682,0,0,0,0
1777307466.315,59.325,663,0,0,0,0
1777307466.427,59.437,598,0,0,0,0
1777307466.539,59.548,393,0,110,0,0
1777307466.635,59.644,167,0,0,0,0
1777307466.747,59.756,110,0,0,0,0
1777307466.843,59.852,88,0,0,0,0
1777307466.954,59.964,77,0,0,0,0
1777307467.051,60.060,70,0,96,0,0
1777307467.162,60.172,67,0,0,0,0
1777307467.263,60.268,66,0,0,0,0
1777307467.372,60.380,65,0,0,0,0
1777307467.467,60.476,60,0,0,0,0
1777307467.579,60.588,59,0,0,0,0
1777307467.690,60.699,58,0,0,0,0
1777307467.786,60.796,59,0,0,0,0
1777307467.898,60.908,57,0,0,0,0
1777307468.010,61.019,59,0,-192,-192,0
1777307468.106,61.115,57,0,0,0,0
1777307468.202,61.212,54,0,0,0,0
1777307468.314,61.324,59,0,0,0,0
1777307468.425,61.435,55,0,0,0,0
1777307468.522,61.532,57,0,712,0,0
1777307468.634,61.643,55,0,0,0,0
1777307468.729,61.739,55,0,-192,0,0
1777307468.842,61.851,55,0,0,0,0
1777307468.937,61.947,56,0,0,0,0
1777307469.050,62.059,59,0,0,0,0
1777307469.161,62.171,67,0,0,0,0
1777307469.257,62.267,72,0,0,0,0
1777307469.369,62.378,74,0,0,0,0
1777307469.465,62.475,82,0,0,0,0
1777307469.578,62.587,521,0,0,0,0
1777307469.688,62.698,466,0,0,0,0
1777307469.785,62.794,360,0,0,0,0
1777307469.896,62.906,612,0,0,0,0
1777307469.994,63.002,590,0,2,0,0
1777307470.108,63.114,334,0,0,0,0
1777307470.201,63.210,501,0,0,0,0
1777307470.313,63.322,668,0,0,0,0
1777307470.426,63.434,353,0,0,0,0
1777307470.520,63.530,407,0,0,0,0
1777307470.633,63.642,532,0,0,0,0
1777307470.729,63.738,292,0,0,0,0
1777307470.840,63.850,588,0,0,0,0
1777307470.936,63.946,484,0,0,0,0
1777307471.048,64.058,329,0,0,0,0
1777307471.160,64.169,698,0,0,0,0
1777307471.256,64.266,597,0,432,0,0
1777307471.368,64.378,511,0,0,0,0
1777307471.464,64.474,318,0,0,0,0
1777307471.576,64.586,586,0,0,0,0
1777307471.671,64.681,672,0,0,0,0
1777307471.784,64.793,687,0,0,0,0
1777307471.895,64.905,704,0,0,0,0
1777307471.991,65.001,661,0,0,0,0
1777307472.103,65.113,694,0,0,0,0
1777307472.201,65.210,692,0,0,0,0
1777307472.312,65.321,649,0,0,0,0
1777307472.407,65.417,717,0,0,0,0
1777307472.518,65.528,698,0,0,0,0
1777307472.631,65.641,710,0,-27648,0,0
1777307472.729,65.736,709,0,0,0,0
1777307472.841,65.848,683,0,0,0,0
1777307472.935,65.945,700,0,0,0,0
1777307473.047,66.056,705,0,0,0,0
1777307473.143,66.153,696,0,0,0,0
1777307473.255,66.264,700,0,0,0,0
1777307473.367,66.376,693,0,0,0,0
1777307473.463,66.473,700,0,0,0,0
1777307473.575,66.584,703,0,0,0,0
1777307473.671,66.680,712,0,0,0,0
1777307473.783,66.792,710,0,0,0,0
1777307473.880,66.889,674,0,0,0,0
1777307473.991,67.000,673,0,0,0,0
1777307474.102,67.112,682,0,0,0,0
1777307474.199,67.208,677,0,0,0,0
1777307474.310,67.320,663,0,0,0,0
1777307474.422,67.431,670,0,3904,3904,0
1777307474.518,67.528,710,0,0,0,0
1777307474.630,67.640,705,0,16384,0,0
1777307474.726,67.735,710,0,0,0,0
1777307474.837,67.847,705,0,3040,0,0
1777307474.934,67.943,710,0,0,0,0
1777307475.047,68.056,704,0,69,0,0
1777307475.141,68.151,705,0,0,0,0
1777307475.253,68.263,702,0,0,0,0
1777307475.365,68.375,700,0,1,1,0
1777307475.467,68.471,699,0,7,0,0
1777307475.576,68.583,700,0,0,0,0
1777307475.669,68.679,699,0,1,1,0
1777307475.781,68.791,700,0,7,0,0
1777307475.878,68.887,699,0,0,0,0
1777307475.989,68.999,701,0,21,0,0
1777307476.101,69.110,702,0,0,0,0
1777307476.197,69.207,710,1,0,0,0
1777307476.309,69.318,739,0,0,0,0
1777307476.405,69.415,719,0,0,0,0
1777307476.517,69.526,744,0,0,0,0
1777307476.613,69.622,712,0,0,0,0
1777307476.725,69.734,742,0,0,0,0
1777307476.836,69.846,717,0,0,0,0
1777307476.933,69.942,739,0,0,0,0
1777307477.044,70.054,719,0,1472,0,0
1777307477.140,70.150,714,0,0,0,0
1777307477.253,70.262,594,0,0,0,0
1777307477.349,70.358,554,0,0,0,0
1777307477.460,70.470,700,0,0,0,0
1777307477.571,70.581,708,0,0,0,0
1777307477.668,70.678,654,0,12,0,0
1777307477.780,70.789,670,0,15616,0,0
1777307477.878,70.886,698,0,0,0,0
1777307477.987,70.997,706,0,0,0,0
1777307478.086,71.093,682,0,0,0,0
1777307478.196,71.205,692,0,0,0,0
1777307478.308,71.317,706,0,0,0,0
1777307478.404,71.414,682,0,-16384,0,0
1777307478.518,71.525,691,0,0,0,0
1777307478.612,71.621,693,0,0,0,0
1777307478.724,71.733,684,0,768,768,0
1777307478.819,71.829,685,0,0,0,0
1777307478.932,71.941,669,0,3,0,0
1777307479.026,72.036,574,0,0,0,0
1777307479.140,72.149,521,0,-32768,0,0
1777307479.251,72.260,628,0,0,0,0
1777307479.347,72.357,644,0,73,0,0
1777307479.458,72.468,648,0,0,0,0
1777307479.554,72.564,643,0,0,0,0
1777307479.666,72.676,640,0,0,0,0
1777307479.763,72.772,644,0,0,0,0
1777307479.874,72.884,649,0,0,0,0
1777307479.986,72.996,652,0,0,0,0
1777307480.082,73.092,649,0,0,0,0
1777307480.194,73.204,648,0,0,0,0
1777307480.289,73.300,646,0,0,0,0
1777307480.402,73.411,643,0,0,0,0
1777307480.514,73.524,646,0,0,0,0
1777307480.609,73.620,649,0,0,0,0
1777307480.722,73.732,648,0,0,0,0
1777307480.819,73.828,651,0,0,0,0
1777307480.932,73.941,657,0,0,0,0
1777307481.026,74.035,680,0,0,0,0
1777307481.138,74.148,693,0,0,0,0
1777307481.249,74.259,701,0,2080,0,0
1777307481.346,74.356,703,0,0,0,0
1777307481.457,74.467,693,0,0,0,0
1777307481.554,74.563,690,0,22,0,0
1777307481.666,74.675,688,0,62,62,0
1777307481.762,74.772,688,0,88,0,0
1777307481.874,74.883,688,0,80,80,0
1777307481.985,74.995,691,0,64,0,0
1777307482.082,75.091,689,0,91,91,0
1777307482.192,75.202,690,0,79,0,0
1777307482.288,75.299,690,0,65,65,0
1777307482.401,75.410,691,0,99,0,0
1777307482.513,75.522,690,0,79,79,0
1777307482.609,75.618,690,0,83,0,0
1777307482.706,75.715,691,0,90,0,0
1777307482.816,75.826,690,0,80,80,0
1777307482.929,75.938,691,0,57,0,0
1777307483.024,76.034,690,0,58,58,0
1777307483.136,76.146,690,0,77,0,0
1777307483.248,76.258,691,0,60,60,0
1777307483.344,76.354,690,0,150,0,0
1777307483.455,76.465,691,0,80,80,0
1777307483.555,76.564,690,0,107,0,0
1777307483.667,76.674,690,0,66,0,0
1777307483.761,76.770,690,0,82,82,0
1777307483.873,76.882,691,0,60,0,0
1777307483.987,76.993,690,0,78,78,0
1777307484.080,77.089,689,0,102,0,0
1777307484.192,77.201,690,0,88,88,0
1777307484.289,77.298,690,0,97,0,0
1777307484.401,77.409,689,0,65,65,0
1777307484.497,77.506,691,0,69,0,0
1777307484.608,77.617,690,0,58,0,0
1777307484.719,77.729,691,0,113,113,0
1777307484.818,77.825,690,0,95,0,0
1777307484.928,77.937,690,0,92,92,0
1777307485.024,78.034,688,0,81,0,0
1777307485.135,78.145,690,0,102,102,0
1777307485.231,78.241,689,0,83,0,0
1777307485.343,78.353,689,0,98,98,0
1777307485.439,78.449,689,0,93,0,0
1777307485.552,78.561,690,0,63,0,0
1777307485.663,78.673,689,0,88,88,0
1777307485.758,78.768,688,0,98,0,0
1777307485.870,78.880,690,0,86,86,0
1777307485.971,78.977,690,0,86,0,0
1777307486.202,79.088,688,0,79,79,0
1777307486.204,79.185,688,0,62,0,0
1777307486.458,79.296,688,0,76,76,0
